report,Unknown_m,Unknown_f,Unknown,Appling_m,Appling_f,Appling,Atkinson_m,Atkinson_f,Atkinson,Bacon_m,Bacon_f,Bacon,Baker_m,Baker_f,Baker,Baldwin_m,Baldwin_f,Baldwin,Banks_m,Banks_f,Banks,Barrow_m,Barrow_f,Barrow,Bartow_m,Bartow_f,Bartow,Ben_Hill_m,Ben_Hill_f,Ben_Hill,Berrien_m,Berrien_f,Berrien,Bibb_m,Bibb_f,Bibb,Bleckley_m,Bleckley_f,Bleckley,Brantley_m,Brantley_f,Brantley,Brooks_m,Brooks_f,Brooks,Bryan_m,Bryan_f,Bryan,Bulloch_m,Bulloch_f,Bulloch,Burke_m,Burke_f,Burke,Butts_m,Butts_f,Butts,Calhoun_m,Calhoun_f,Calhoun,Camden_m,Camden_f,Camden,Candler_m,Candler_f,Candler,Carroll_m,Carroll_f,Carroll,Catoosa_m,Catoosa_f,Catoosa,Charlton_m,Charlton_f,Charlton,Chatham_m,Chatham_f,Chatham,Chattahoochee_m,Chattahoochee_f,Chattahoochee,Chattooga_m,Chattooga_f,Chattooga,Cherokee_m,Cherokee_f,Cherokee,Clarke_m,Clarke_f,Clarke,Clay_m,Clay_f,Clay,Clayton_m,Clayton_f,Clayton,Clinch_m,Clinch_f,Clinch,Cobb_m,Cobb_f,Cobb,Coffee_m,Coffee_f,Coffee,Colquitt_m,Colquitt_f,Colquitt,Columbia_m,Columbia_f,Columbia,Cook_m,Cook_f,Cook,Coweta_m,Coweta_f,Coweta,Crawford_m,Crawford_f,Crawford,Crisp_m,Crisp_f,Crisp,Dade_m,Dade_f,Dade,Dawson_m,Dawson_f,Dawson,Decatur_m,Decatur_f,Decatur,Dekalb_m,Dekalb_f,Dekalb,Dodge_m,Dodge_f,Dodge,Dooly_m,Dooly_f,Dooly,Dougherty_m,Dougherty_f,Dougherty,Douglas_m,Douglas_f,Douglas,Early_m,Early_f,Early,Echols_m,Echols_f,Echols,Effingham_m,Effingham_f,Effingham,Elbert_m,Elbert_f,Elbert,Emanuel_m,Emanuel_f,Emanuel,Evans_m,Evans_f,Evans,Fannin_m,Fannin_f,Fannin,Fayette_m,Fayette_f,Fayette,Floyd_m,Floyd_f,Floyd,Forsyth_m,Forsyth_f,Forsyth,Franklin_m,Franklin_f,Franklin,Fulton_m,Fulton_f,Fulton,Gilmer_m,Gilmer_f,Gilmer,Glascock_m,Glascock_f,Glascock,Glynn_m,Glynn_f,Glynn,Gordon_m,Gordon_f,Gordon,Grady_m,Grady_f,Grady,Greene_m,Greene_f,Greene,Gwinnett_m,Gwinnett_f,Gwinnett,Habersham_m,Habersham_f,Habersham,Hall_m,Hall_f,Hall,Hancock_m,Hancock_f,Hancock,Haralson_m,Haralson_f,Haralson,Harris_m,Harris_f,Harris,Hart_m,Hart_f,Hart,Heard_m,Heard_f,Heard,Henry_m,Henry_f,Henry,Houston_m,Houston_f,Houston,Irwin_m,Irwin_f,Irwin,Jackson_m,Jackson_f,Jackson,Jasper_m,Jasper_f,Jasper,Jeff_Davis_m,Jeff_Davis_f,Jeff_Davis,Jefferson_m,Jefferson_f,Jefferson,Jenkins_m,Jenkins_f,Jenkins,Johnson_m,Johnson_f,Johnson,Jones_m,Jones_f,Jones,Lamar_m,Lamar_f,Lamar,Lanier_m,Lanier_f,Lanier,Laurens_m,Laurens_f,Laurens,Lee_m,Lee_f,Lee,Liberty_m,Liberty_f,Liberty,Lincoln_m,Lincoln_f,Lincoln,Long_m,Long_f,Long,Lowndes_m,Lowndes_f,Lowndes,Lumpkin_m,Lumpkin_f,Lumpkin,Macon_m,Macon_f,Macon,Madison_m,Madison_f,Madison,Marion_m,Marion_f,Marion,Mcduffie_m,Mcduffie_f,Mcduffie,Mcintosh_m,Mcintosh_f,Mcintosh,Meriwether_m,Meriwether_f,Meriwether,Miller_m,Miller_f,Miller,Mitchell_m,Mitchell_f,Mitchell,Monroe_m,Monroe_f,Monroe,Montgomery_m,Montgomery_f,Montgomery,Morgan_m,Morgan_f,Morgan,Murray_m,Murray_f,Murray,Muscogee_m,Muscogee_f,Muscogee,Newton_m,Newton_f,Newton,Oconee_m,Oconee_f,Oconee,Oglethorpe_m,Oglethorpe_f,Oglethorpe,Paulding_m,Paulding_f,Paulding,Peach_m,Peach_f,Peach,Pickens_m,Pickens_f,Pickens,Pierce_m,Pierce_f,Pierce,Pike_m,Pike_f,Pike,Polk_m,Polk_f,Polk,Pulaski_m,Pulaski_f,Pulaski,Putnam_m,Putnam_f,Putnam,Quitman_m,Quitman_f,Quitman,Rabun_m,Rabun_f,Rabun,Randolph_m,Randolph_f,Randolph,Richmond_m,Richmond_f,Richmond,Rockdale_m,Rockdale_f,Rockdale,Schley_m,Schley_f,Schley,Screven_m,Screven_f,Screven,Seminole_m,Seminole_f,Seminole,Spalding_m,Spalding_f,Spalding,Stephens_m,Stephens_f,Stephens,Stewart_m,Stewart_f,Stewart,Sumter_m,Sumter_f,Sumter,Talbot_m,Talbot_f,Talbot,Taliaferro_m,Taliaferro_f,Taliaferro,Tattnall_m,Tattnall_f,Tattnall,Taylor_m,Taylor_f,Taylor,Telfair_m,Telfair_f,Telfair,Terrell_m,Terrell_f,Terrell,Thomas_m,Thomas_f,Thomas,Tift_m,Tift_f,Tift,Toombs_m,Toombs_f,Toombs,Towns_m,Towns_f,Towns,Treutlen_m,Treutlen_f,Treutlen,Troup_m,Troup_f,Troup,Turner_m,Turner_f,Turner,Twiggs_m,Twiggs_f,Twiggs,Union_m,Union_f,Union,Upson_m,Upson_f,Upson,Walker_m,Walker_f,Walker,Walton_m,Walton_f,Walton,Ware_m,Ware_f,Ware,Warren_m,Warren_f,Warren,Washington_m,Washington_f,Washington,Wayne_m,Wayne_f,Wayne,Webster_m,Webster_f,Webster,Wheeler_m,Wheeler_f,Wheeler,White_m,White_f,White,Whitfield_m,Whitfield_f,Whitfield,Wilcox_m,Wilcox_f,Wilcox,Wilkes_m,Wilkes_f,Wilkes,Wilkinson_m,Wilkinson_f,Wilkinson,Worth_m,Worth_f,Worth,Total_Reported_m,Total_Reported_f,Total_Reported,Not_Reported_m,Not_Reported_f,Not_Reported,Grand_Total_m,Grand_Total_f,Grand_Total,Troup_Ci_f,Troup_Ci_m,Troup_Ci
2005-07,,,,77,3,80,33,1,34,47,1,48,17,1,18,333,18,351,72,6,78,211,9,220,456,47,503,214,21,235,93,8,101,942,47,989,104,10,114,54,4,58,73,,73,90,2,92,414,27,441,183,5,188,113,7,120,38,3,41,106,3,109,68,1,69,466,36,502,230,24,254,69,2,71,2241,109,2350,28,1,29,226,26,252,545,50,595,466,26,492,27,1,28,1606,94,1700,50,3,53,2284,158,2442,220,20,240,270,8,278,267,22,289,131,5,136,451,24,475,19,3,22,279,16,295,134,6,140,86,2,88,267,15,282,3028,149,3177,158,13,171,111,7,118,983,50,1033,907,85,992,72,2,74,9,,9,159,11,170,140,11,151,173,5,178,74,4,78,102,10,112,275,18,293,700,64,764,193,14,207,134,8,142,4399,175,4574,135,5,140,8,1,9,457,18,475,251,32,283,214,9,223,107,4,111,1321,91,1412,114,10,124,636,42,678,29,1,30,71,2,73,92,4,96,92,9,101,46,4,50,408,38,446,515,31,546,63,2,65,219,19,238,53,2,55,59,6,65,99,3,102,70,6,76,49,1,50,108,8,116,84,5,89,37,3,40,242,15,257,46,2,48,241,14,255,43,2,45,80,8,88,526,22,548,63,5,68,73,1,74,126,12,138,36,3,39,195,14,209,70,,70,173,11,184,27,1,28,186,16,202,158,9,167,42,3,45,84,2,86,180,13,193,1591,85,1676,410,23,433,60,2,62,64,4,68,170,12,182,87,1,88,86,3,89,54,2,56,44,4,48,146,8,154,100,10,110,144,5,149,11,,11,68,1,69,69,3,72,1870,124,1994,364,14,378,24,1,25,129,5,134,84,6,90,604,43,647,153,5,158,41,2,43,216,8,224,40,2,42,8,,8,147,6,153,77,2,79,132,11,143,77,3,80,315,13,328,317,18,335,274,25,299,21,1,22,40,2,42,631,34,665,76,1,77,41,2,43,45,3,48,171,8,179,342,30,372,317,18,335,360,23,383,47,3,50,114,5,119,169,9,178,10,1,11,40,1,41,69,3,72,711,67,778,67,3,70,73,4,77,56,4,60,160,7,167,45181,2690,47871,51,3,54,45232,2693,47925,,,
2005-08,,,,74,3,77,39,2,41,45,1,46,17,1,18,328,17,345,70,5,75,207,11,218,457,46,503,212,20,232,86,9,95,956,48,1004,102,10,112,56,4,60,75,,75,93,6,99,412,27,439,186,5,191,117,7,124,36,3,39,106,2,108,68,2,70,462,36,498,242,24,266,68,3,71,2277,117,2394,28,2,30,219,26,245,542,50,592,452,24,476,28,1,29,1633,90,1723,50,3,53,2281,159,2440,216,23,239,269,9,278,265,23,288,131,6,137,447,27,474,19,3,22,281,16,297,128,7,135,83,2,85,261,17,278,3053,146,3199,167,13,180,112,7,119,978,50,1028,901,83,984,71,2,73,9,,9,153,10,163,144,12,156,171,6,177,73,4,77,108,10,118,269,17,286,696,62,758,196,17,213,133,7,140,4363,174,4537,129,4,133,8,1,9,457,20,477,252,33,285,211,10,221,106,4,110,1339,89,1428,113,11,124,638,41,679,30,1,31,76,2,78,89,4,93,88,9,97,48,3,51,401,38,439,519,32,551,65,3,68,215,19,234,53,2,55,54,7,61,98,3,101,69,7,76,52,1,53,106,8,114,82,4,86,40,3,43,239,16,255,48,2,50,244,13,257,42,2,44,82,8,90,513,21,534,69,11,80,72,1,73,124,12,136,39,3,42,197,14,211,71,,71,175,12,187,27,1,28,182,16,198,159,8,167,41,3,44,86,2,88,182,14,196,1597,88,1685,413,22,435,58,2,60,63,3,66,182,12,194,87,2,89,85,3,88,52,2,54,51,4,55,144,7,151,96,10,106,140,5,145,11,,11,66,1,67,73,3,76,1860,123,1983,355,14,369,24,1,25,130,9,139,86,6,92,580,42,622,167,10,177,40,2,42,215,10,225,41,2,43,11,,11,148,7,155,76,2,78,132,12,144,79,3,82,314,13,327,324,16,340,280,25,305,20,1,21,42,2,44,605,33,638,74,1,75,41,2,43,43,3,46,167,8,175,332,29,361,325,17,342,359,23,382,46,3,49,111,5,116,164,12,176,10,1,11,38,1,39,68,3,71,701,65,766,64,3,67,74,4,78,53,4,57,158,6,164,45126,2722,47848,60,4,64,45186,2726,47912,,,
2005-09,,,,74,3,77,39,2,41,48,1,49,18,1,19,333,22,355,66,5,71,207,9,216,460,52,512,210,20,230,82,9,91,971,50,1021,100,10,110,54,4,58,71,,71,95,4,99,404,24,428,182,5,187,116,5,121,33,3,36,103,2,105,68,1,69,463,38,501,231,26,257,62,4,66,2280,120,2400,27,2,29,217,25,242,544,53,597,461,28,489,28,1,29,1593,94,1687,47,3,50,2276,153,2429,213,23,236,269,10,279,261,23,284,130,6,136,443,24,467,17,3,20,279,17,296,124,8,132,81,3,84,257,17,274,3014,143,3157,170,15,185,107,7,114,964,52,1016,918,84,1002,70,2,72,9,,9,156,11,167,144,12,156,171,6,177,75,4,79,107,12,119,267,18,285,687,63,750,201,18,219,131,7,138,4340,167,4507,124,6,130,7,1,8,453,17,470,241,37,278,210,11,221,108,4,112,1379,88,1467,117,10,127,652,42,694,34,1,35,73,2,75,87,4,91,89,9,98,52,3,55,396,42,438,529,33,562,64,2,66,215,19,234,56,2,58,54,6,60,100,2,102,68,7,75,51,1,52,111,7,118,80,4,84,40,2,42,242,18,260,47,2,49,239,12,251,45,3,48,82,7,89,510,22,532,68,11,79,70,2,72,131,13,144,37,3,40,192,14,206,71,1,72,179,12,191,25,1,26,185,16,201,166,8,174,39,1,40,87,2,89,180,15,195,1594,92,1686,419,25,444,60,2,62,65,5,70,185,12,197,87,2,89,84,3,87,52,2,54,52,4,56,140,6,146,95,10,105,139,5,144,11,,11,65,1,66,68,3,71,1807,122,1929,368,13,381,22,1,23,123,9,132,79,7,86,559,42,601,167,10,177,39,2,41,216,11,227,49,3,52,11,,11,149,7,156,74,2,76,126,12,138,78,3,81,320,13,333,321,16,337,279,23,302,19,1,20,43,4,47,584,34,618,76,4,80,41,2,43,42,2,44,177,10,187,347,26,373,312,14,326,352,22,374,46,3,49,110,5,115,163,12,175,10,1,11,39,2,41,66,3,69,687,64,751,66,2,68,71,3,74,53,4,57,160,6,166,44920,2751,47671,70,11,81,44990,2762,47752,,,
2005-10,,,,76,2,78,39,1,40,49,2,51,17,1,18,330,21,351,68,5,73,201,9,210,449,49,498,201,21,222,78,9,87,963,53,1016,101,11,112,53,4,57,69,,69,97,4,101,402,28,430,183,3,186,119,5,124,32,3,35,108,2,110,65,1,66,446,37,483,218,24,242,65,4,69,2269,117,2386,27,2,29,219,25,244,555,52,607,445,29,474,27,1,28,1552,100,1652,46,3,49,2230,152,2382,211,23,234,269,11,280,262,22,284,134,5,139,472,27,499,17,3,20,272,17,289,120,7,127,82,3,85,254,17,271,2939,135,3074,171,12,183,104,5,109,946,55,1001,929,94,1023,68,3,71,10,,10,158,13,171,139,10,149,176,7,183,70,3,73,103,13,116,257,17,274,675,63,738,207,20,227,125,6,131,4326,172,4498,124,8,132,7,1,8,446,16,462,229,38,267,213,11,224,101,4,105,1387,78,1465,115,13,128,659,48,707,36,1,37,71,2,73,92,4,96,89,7,96,52,3,55,407,43,450,530,30,560,62,2,64,214,20,234,56,2,58,56,5,61,100,2,102,68,6,74,53,1,54,109,8,117,78,4,82,41,1,42,244,17,261,47,2,49,234,10,244,44,3,47,82,7,89,514,24,538,64,10,74,70,3,73,127,11,138,34,3,37,193,14,207,71,1,72,171,12,183,28,1,29,184,17,201,157,10,167,41,1,42,79,3,82,174,15,189,1602,91,1693,444,24,468,59,1,60,63,5,68,177,12,189,89,2,91,82,2,84,49,2,51,52,4,56,138,6,144,95,8,103,133,6,139,11,,11,60,1,61,67,3,70,1798,109,1907,359,12,371,24,2,26,122,9,131,77,7,84,557,38,595,164,11,175,35,2,37,216,12,228,48,3,51,11,1,12,148,8,156,74,2,76,124,11,135,78,3,81,315,11,326,316,16,332,285,24,309,16,1,17,46,5,51,594,40,634,75,4,79,42,2,44,40,2,42,193,10,203,343,40,383,313,12,325,347,22,369,42,2,44,115,5,120,158,12,170,10,1,11,40,2,42,67,3,70,698,66,764,67,3,70,68,3,71,56,4,60,157,5,162,44607,2757,47364,106,13,119,44713,2770,47483,,,
2005-11,,,,81,3,84,39,2,41,50,4,54,17,1,18,335,21,356,68,5,73,207,9,216,486,49,535,208,20,228,80,9,89,975,52,1027,103,10,113,53,4,57,70,,70,97,4,101,409,31,440,194,3,197,117,4,121,33,3,36,112,2,114,67,1,68,462,38,500,229,25,254,65,5,70,2294,117,2411,27,2,29,226,28,254,568,53,621,446,30,476,27,1,28,1564,101,1665,45,3,48,2301,152,2453,210,23,233,273,11,284,264,22,286,140,5,145,473,25,498,17,3,20,278,18,296,124,7,131,87,4,91,262,16,278,2938,130,3068,172,12,184,104,7,111,954,54,1008,963,93,1056,68,2,70,10,,10,162,14,176,144,10,154,177,6,183,71,3,74,102,13,115,278,19,297,705,67,772,210,23,233,127,8,135,4358,175,4533,125,8,133,8,1,9,451,16,467,239,37,276,219,15,234,104,4,108,1381,83,1464,117,16,133,661,53,714,41,1,42,70,3,73,93,4,97,89,7,96,52,3,55,424,42,466,541,30,571,65,2,67,220,19,239,56,2,58,56,5,61,104,2,106,69,6,75,58,1,59,117,8,125,78,4,82,41,2,43,255,18,273,46,2,48,235,9,244,44,3,47,83,7,90,514,26,540,71,9,80,70,3,73,132,11,143,35,3,38,192,14,206,69,1,70,168,12,180,29,1,30,187,17,204,156,10,166,42,1,43,83,4,87,174,15,189,1612,100,1712,443,25,468,57,1,58,64,5,69,184,12,196,88,2,90,82,2,84,48,2,50,52,4,56,138,6,144,98,9,107,138,6,144,11,,11,60,1,61,67,3,70,1819,112,1931,357,17,374,25,2,27,118,9,127,77,7,84,556,41,597,161,11,172,37,2,39,219,12,231,48,3,51,11,1,12,159,8,167,74,3,77,127,13,140,78,3,81,325,11,336,324,17,341,285,24,309,18,1,19,48,5,53,598,38,636,78,4,82,43,3,46,39,2,41,192,10,202,348,40,388,318,13,331,352,22,374,43,2,45,116,5,121,152,12,164,12,1,13,40,2,42,68,3,71,702,67,769,65,3,68,66,3,69,60,4,64,159,5,164,45249,2821,48070,176,7,183,45425,2828,48253,,,
2005-12,,,,82,4,86,38,2,40,51,4,55,17,1,18,340,19,359,71,5,76,217,9,226,502,46,548,207,20,227,82,9,91,980,50,1030,102,11,113,54,4,58,71,,71,98,5,103,413,29,442,202,6,208,119,4,123,32,3,35,118,3,121,67,1,68,466,37,503,238,22,260,65,5,70,2375,150,2525,27,2,29,217,22,239,560,50,610,453,31,484,26,1,27,1598,94,1692,46,3,49,2325,152,2477,216,23,239,280,11,291,266,23,289,145,4,149,479,22,501,17,3,20,272,18,290,125,9,134,85,4,89,263,16,279,2940,125,3065,168,13,181,102,5,107,959,51,1010,952,97,1049,67,2,69,12,,12,174,13,187,146,10,156,184,6,190,76,3,79,95,12,107,285,18,303,713,73,786,210,21,231,127,8,135,4341,177,4518,125,7,132,8,1,9,454,19,473,235,34,269,223,13,236,102,4,106,1371,84,1455,118,14,132,664,52,716,41,1,42,69,3,72,95,4,99,91,7,98,50,2,52,433,41,474,529,33,562,71,2,73,218,19,237,59,1,60,60,4,64,105,2,107,69,5,74,58,2,60,116,8,124,77,4,81,39,1,40,268,19,287,50,2,52,240,12,252,43,3,46,87,8,95,514,25,539,64,9,73,75,3,78,130,11,141,33,3,36,197,14,211,70,1,71,172,12,184,29,1,30,194,16,210,157,10,167,48,1,49,83,5,88,177,15,192,1636,93,1729,436,26,462,59,,59,63,5,68,187,13,200,87,2,89,84,3,87,51,2,53,51,5,56,138,7,145,96,9,105,130,8,138,11,,11,63,5,68,69,3,72,1818,112,1930,386,20,406,25,2,27,126,9,135,75,7,82,579,46,625,163,11,174,37,2,39,236,12,248,45,3,48,12,1,13,160,8,168,75,3,78,133,13,146,77,3,80,316,11,327,322,16,338,281,23,304,25,1,26,49,5,54,587,37,624,77,4,81,43,3,46,44,5,49,201,9,210,345,39,384,313,12,325,352,21,373,44,2,46,118,5,123,159,12,171,12,1,13,40,2,42,67,3,70,698,65,763,71,3,74,70,4,74,58,4,62,159,5,164,45628,2833,48461,195,18,213,45823,2851,48674,,,
2006-01,,,,85,4,89,38,2,40,48,3,51,17,1,18,344,23,367,71,6,77,215,11,226,510,50,560,208,20,228,80,9,89,978,51,1029,100,11,111,51,4,55,69,,69,96,5,101,405,26,431,203,7,210,121,4,125,33,3,36,118,3,121,62,1,63,458,36,494,241,22,263,64,3,67,2344,148,2492,30,2,32,218,25,243,556,56,612,444,29,473,27,1,28,1582,107,1689,50,3,53,2395,184,2579,213,23,236,283,11,294,261,21,282,140,4,144,470,22,492,17,3,20,274,17,291,125,8,133,82,6,88,261,19,280,2987,120,3107,161,13,174,107,7,114,944,48,992,976,95,1071,66,2,68,12,,12,175,13,188,155,12,167,180,6,186,76,3,79,90,15,105,278,17,295,701,83,784,216,20,236,124,10,134,4298,176,4474,127,12,139,7,1,8,450,18,468,234,32,266,224,12,236,103,4,107,1445,95,1540,121,14,135,656,55,711,41,1,42,69,2,71,103,4,107,89,8,97,50,2,52,437,36,473,528,31,559,69,3,72,223,19,242,56,1,57,60,4,64,104,2,106,68,5,73,59,2,61,120,7,127,75,4,79,41,2,43,264,19,283,51,2,53,232,10,242,41,2,43,89,7,96,513,24,537,69,8,77,76,3,79,134,11,145,36,3,39,215,13,228,71,1,72,169,12,181,29,1,30,191,17,208,154,10,164,45,1,46,80,5,85,185,16,201,1606,91,1697,436,23,459,59,,59,61,5,66,192,11,203,86,2,88,82,2,84,50,2,52,52,5,57,140,6,146,94,9,103,129,9,138,11,,11,66,6,72,71,2,73,1816,115,1931,384,18,402,25,1,26,121,8,129,72,8,80,594,46,640,161,11,172,39,2,41,237,11,248,43,3,46,14,2,16,160,8,168,73,3,76,128,13,141,76,3,79,318,10,328,313,16,329,277,22,299,23,1,24,50,5,55,573,34,607,76,4,80,44,3,47,41,5,46,192,9,201,345,37,382,315,14,329,355,17,372,46,2,48,114,5,119,156,11,167,13,2,15,41,2,43,68,3,71,689,68,757,73,2,75,74,5,79,59,3,62,155,5,160,45624,2885,48509,232,8,240,45856,2893,48749,,,
2006-02,,,,81,4,85,38,3,41,54,3,57,16,1,17,339,24,363,71,6,77,217,11,228,513,58,571,210,19,229,82,9,91,985,53,1038,97,11,108,48,4,52,69,,69,95,4,99,402,29,431,202,6,208,126,4,130,31,3,34,122,3,125,63,2,65,477,42,519,249,19,268,65,3,68,2314,142,2456,30,2,32,215,25,240,535,55,590,435,30,465,27,1,28,1576,97,1673,49,3,52,2482,219,2701,212,23,235,285,11,296,260,21,281,136,7,143,475,24,499,17,3,20,277,19,296,127,9,136,80,6,86,270,19,289,2963,133,3096,156,14,170,103,6,109,947,55,1002,955,97,1052,65,2,67,11,,11,169,13,182,152,15,167,177,6,183,79,3,82,98,14,112,279,16,295,750,92,842,209,24,233,123,10,133,4279,178,4457,125,14,139,7,1,8,449,16,465,252,34,286,223,14,237,105,4,109,1479,91,1570,123,14,137,677,66,743,42,1,43,68,2,70,97,5,102,90,8,98,50,2,52,421,35,456,559,36,595,63,2,65,215,17,232,57,1,58,62,4,66,109,1,110,69,5,74,59,2,61,119,8,127,74,4,78,39,2,41,264,17,281,53,3,56,229,10,239,39,2,41,90,7,97,523,23,546,69,7,76,73,3,76,139,10,149,37,3,40,217,15,232,69,1,70,178,13,191,28,1,29,200,15,215,162,10,172,45,1,46,79,5,84,179,22,201,1604,97,1701,462,22,484,62,,62,60,5,65,188,11,199,83,2,85,89,1,90,50,2,52,48,5,53,144,6,150,89,10,99,125,6,131,12,,12,63,8,71,68,1,69,1820,115,1935,392,27,419,20,,20,124,5,129,74,8,82,575,52,627,158,11,169,38,2,40,236,15,251,41,3,44,15,2,17,167,7,174,73,3,76,135,12,147,78,1,79,319,14,333,318,17,335,277,20,297,25,1,26,53,6,59,625,56,681,77,4,81,45,3,48,42,3,45,184,13,197,344,44,388,308,15,323,351,19,370,46,2,48,114,5,119,157,10,167,12,1,13,38,2,40,68,5,73,690,84,774,75,2,77,75,5,80,55,3,58,150,6,156,45816,3051,48867,428,26,454,46244,3077,49321,,,
2006-03,,,,84,5,89,39,2,41,53,3,56,16,1,17,335,23,358,67,7,74,219,10,229,509,62,571,213,17,230,82,10,92,981,52,1033,102,11,113,48,3,51,71,,71,97,8,105,411,33,444,202,8,210,128,6,134,33,3,36,124,4,128,63,2,65,474,43,517,242,22,264,67,3,70,2292,141,2433,29,2,31,215,28,243,540,58,598,436,31,467,25,1,26,1555,122,1677,49,3,52,2473,225,2698,214,22,236,288,8,296,276,23,299,136,7,143,469,22,491,18,3,21,268,21,289,132,9,141,87,5,92,272,18,290,2971,146,3117,164,13,177,103,5,108,965,60,1025,996,102,1098,65,3,68,12,,12,167,12,179,149,16,165,178,5,183,81,4,85,101,11,112,270,20,290,759,90,849,217,19,236,126,11,137,4335,178,4513,122,13,135,8,1,9,455,19,474,267,35,302,222,13,235,102,5,107,1453,98,1551,125,14,139,700,64,764,42,1,43,70,2,72,100,5,105,98,8,106,54,4,58,428,39,467,561,38,599,65,2,67,216,18,234,61,3,64,62,4,66,109,1,110,71,5,76,63,2,65,123,9,132,73,4,77,43,3,46,264,21,285,57,2,59,229,10,239,37,1,38,90,7,97,531,27,558,73,10,83,73,3,76,138,10,148,45,3,48,212,14,226,66,1,67,187,12,199,30,1,31,199,15,214,164,13,177,47,3,50,80,5,85,194,21,215,1631,118,1749,457,37,494,63,2,65,60,5,65,194,14,208,86,2,88,88,1,89,49,2,51,46,4,50,145,7,152,89,10,99,126,7,133,12,,12,65,8,73,66,1,67,1835,132,1967,388,31,419,20,,20,125,5,130,75,7,82,591,58,649,162,11,173,37,2,39,237,15,252,41,3,44,15,2,17,171,7,178,74,3,77,136,17,153,80,1,81,320,14,334,322,18,340,278,23,301,29,1,30,54,6,60,631,52,683,74,4,78,44,3,47,47,2,49,207,23,230,358,41,399,317,16,333,353,23,376,44,2,46,111,5,116,158,12,170,12,1,13,35,3,38,71,4,75,697,88,785,82,3,85,77,5,82,57,3,60,150,6,156,46194,3241,49435,469,49,518,46663,3290,49953,,,
2006-04,,,,84,3,87,41,3,44,52,2,54,13,1,14,343,23,366,68,6,74,222,12,234,507,62,569,211,18,229,76,11,87,981,52,1033,101,10,111,52,3,55,71,,71,101,8,109,432,28,460,196,8,204,134,5,139,33,4,37,127,4,131,68,2,70,505,47,552,240,22,262,64,3,67,2278,145,2423,27,1,28,216,28,244,537,60,597,438,31,469,25,1,26,1506,125,1631,48,4,52,2452,217,2669,220,23,243,295,10,305,270,23,293,137,9,146,488,23,511,18,3,21,265,23,288,126,9,135,88,5,93,271,19,290,2957,144,3101,158,12,170,103,6,109,956,58,1014,991,99,1090,68,3,71,12,,12,157,12,169,148,16,164,172,5,177,77,4,81,108,11,119,258,23,281,722,89,811,214,22,236,121,12,133,4364,180,4544,124,14,138,9,1,10,447,19,466,259,31,290,205,14,219,98,5,103,1454,96,1550,123,14,137,714,62,776,41,1,42,68,2,70,100,4,104,100,8,108,56,4,60,425,42,467,557,40,597,64,2,66,215,16,231,65,4,69,63,4,67,104,1,105,71,5,76,61,1,62,118,7,125,76,4,80,41,3,44,265,22,287,58,3,61,232,10,242,40,1,41,86,6,92,540,30,570,78,9,87,73,2,75,138,11,149,46,3,49,212,15,227,66,1,67,184,12,196,30,1,31,194,14,208,166,13,179,45,2,47,86,6,92,202,21,223,1648,116,1764,472,38,510,60,3,63,55,5,60,190,14,204,86,2,88,88,3,91,51,2,53,46,4,50,149,7,156,83,10,93,126,5,131,12,,12,66,8,74,67,,67,1825,138,1963,387,33,420,19,,19,124,4,128,71,7,78,613,70,683,157,11,168,34,2,36,231,14,245,41,3,44,17,2,19,175,6,181,77,4,81,133,16,149,83,1,84,320,12,332,322,17,339,276,22,298,29,2,31,59,5,64,648,50,698,71,5,76,44,3,47,43,2,45,201,24,225,372,42,414,319,14,333,343,23,366,43,2,45,108,5,113,151,14,165,11,1,12,32,4,36,75,5,80,698,88,786,80,3,83,78,5,83,57,3,60,151,6,157,46129,3263,49392,968,97,1065,47097,3360,50457,,,
2006-05,,,,88,3,91,39,3,42,54,2,56,13,1,14,350,20,370,71,6,77,226,12,238,526,62,588,225,18,243,79,11,90,996,52,1048,104,10,114,54,3,57,73,,73,101,9,110,438,30,468,198,8,206,144,6,150,38,4,42,128,4,132,70,2,72,506,48,554,239,22,261,65,3,68,2315,150,2465,27,1,28,222,34,256,546,61,607,447,30,477,25,1,26,1530,123,1653,50,4,54,2508,219,2727,223,22,245,299,10,309,275,23,298,136,9,145,503,25,528,18,3,21,271,24,295,126,10,136,89,5,94,269,17,286,3010,147,3157,159,12,171,104,6,110,965,57,1022,998,96,1094,68,3,71,12,,12,166,13,179,151,16,167,173,5,178,79,4,83,104,10,114,257,23,280,745,91,836,224,21,245,126,12,138,4397,173,4570,128,15,143,10,1,11,448,20,468,262,30,292,207,15,222,99,4,103,1488,98,1586,124,14,138,723,62,785,42,1,43,68,2,70,100,4,104,103,8,111,55,4,59,435,43,478,573,39,612,64,3,67,214,16,230,68,4,72,64,4,68,105,1,106,72,5,77,61,1,62,119,10,129,76,4,80,42,3,45,279,23,302,62,3,65,235,10,245,41,1,42,88,6,94,548,30,578,78,9,87,73,2,75,144,10,154,42,3,45,213,14,227,66,1,67,187,12,199,31,1,32,193,15,208,172,14,186,44,2,46,86,7,93,208,21,229,1677,110,1787,489,39,528,67,3,70,57,4,61,195,14,209,89,2,91,89,3,92,52,2,54,48,4,52,152,7,159,85,11,96,124,6,130,12,,12,67,8,75,67,,67,1853,134,1987,402,31,433,19,,19,133,4,137,72,6,78,625,70,695,161,12,173,32,2,34,237,14,251,40,3,43,15,2,17,176,6,182,75,4,79,133,16,149,83,1,84,326,12,338,319,18,337,282,22,304,29,2,31,61,5,66,657,56,713,75,4,79,44,3,47,44,2,46,208,24,232,381,43,424,322,15,337,346,22,368,43,2,45,112,5,117,153,14,167,14,1,15,33,5,38,74,5,79,708,90,798,82,3,85,77,5,82,54,3,57,150,6,156,46902,3279,50181,799,71,870,47701,3350,51051,,,
2006-06,,,,93,4,97,39,3,42,53,,53,14,1,15,367,21,388,73,6,79,242,11,253,525,67,592,233,16,249,85,11,96,1009,56,1065,105,10,115,56,3,59,72,,72,102,12,114,453,30,483,202,11,213,149,7,156,36,4,40,131,7,138,78,3,81,526,51,577,258,22,280,61,3,64,2349,160,2509,26,1,27,228,33,261,547,57,604,470,36,506,28,1,29,1573,139,1712,48,4,52,2581,223,2804,227,23,250,307,11,318,277,24,301,141,8,149,520,25,545,19,2,21,284,27,311,141,11,152,98,5,103,276,17,293,3068,152,3220,162,13,175,106,5,111,986,59,1045,1047,112,1159,76,3,79,12,,12,165,15,180,163,13,176,182,7,189,80,5,85,109,8,117,279,27,306,788,94,882,230,26,256,132,13,145,4459,167,4626,127,17,144,10,1,11,453,20,473,273,31,304,213,18,231,99,3,102,1490,107,1597,132,13,145,728,63,791,43,2,45,74,5,79,105,4,109,112,6,118,57,7,64,460,45,505,590,41,631,61,3,64,219,16,235,66,3,69,65,3,68,105,1,106,74,5,79,65,1,66,134,10,144,78,5,83,46,4,50,285,23,308,63,2,65,242,11,253,45,,45,86,5,91,567,31,598,92,9,101,75,4,79,149,10,159,41,3,44,219,14,233,71,2,73,195,14,209,32,1,33,200,15,215,174,16,190,45,2,47,88,8,96,221,19,240,1707,118,1825,505,43,548,69,2,71,60,5,65,190,12,202,90,2,92,83,4,87,52,2,54,52,4,56,155,8,163,86,12,98,122,5,127,12,,12,75,6,81,68,,68,1910,137,2047,414,33,447,19,,19,137,6,143,72,6,78,635,76,711,170,13,183,34,2,36,241,11,252,41,3,44,15,2,17,170,6,176,82,4,86,145,15,160,89,2,91,336,14,350,328,19,347,277,21,298,28,3,31,63,4,67,681,58,739,78,4,82,44,3,47,45,2,47,230,24,254,385,46,431,324,21,345,350,20,370,45,2,47,114,6,120,162,17,179,13,1,14,31,5,36,81,6,87,724,85,809,80,3,83,82,6,88,57,2,59,151,6,157,48124,3425,51549,1003,83,1086,49127,3508,52635,,,
2006-07,,,,89,4,93,38,3,41,51,,51,13,1,14,361,23,384,76,7,83,248,12,260,519,66,585,229,16,245,81,12,93,999,56,1055,101,8,109,55,3,58,68,,68,101,13,114,454,31,485,199,10,209,148,7,155,36,4,40,131,7,138,78,3,81,528,51,579,251,22,273,62,4,66,2341,154,2495,28,1,29,222,31,253,540,54,594,477,35,512,28,1,29,1592,133,1725,46,4,50,2602,241,2843,223,22,245,298,10,308,277,23,300,137,8,145,519,24,543,20,3,23,291,28,319,138,12,150,92,8,100,266,16,282,3046,152,3198,167,11,178,101,5,106,976,61,1037,1063,121,1184,75,3,78,12,,12,167,17,184,157,13,170,178,7,185,81,6,87,111,8,119,281,27,308,792,96,888,243,27,270,129,13,142,4469,171,4640,132,18,150,10,1,11,451,21,472,282,35,317,210,17,227,96,3,99,1512,112,1624,129,13,142,723,61,784,43,2,45,77,5,82,102,4,106,110,6,116,57,7,64,473,46,519,580,43,623,64,3,67,214,16,230,68,3,71,69,3,72,105,1,106,73,5,78,67,1,68,142,12,154,79,5,84,43,4,47,282,23,305,70,3,73,236,12,248,43,,43,85,6,91,572,31,603,88,8,96,71,4,75,143,10,153,49,3,52,218,11,229,66,2,68,185,12,197,31,1,32,199,14,213,167,18,185,46,2,48,85,10,95,230,18,248,1699,120,1819,503,50,553,65,2,67,64,5,69,192,12,204,87,2,89,86,4,90,53,2,55,52,4,56,152,8,160,85,12,97,121,5,126,15,,15,76,5,81,69,,69,1891,131,2022,411,32,443,17,,17,143,6,149,73,6,79,631,76,707,164,14,178,34,2,36,248,13,261,42,4,46,15,2,17,174,7,181,78,4,82,146,16,162,87,2,89,330,12,342,325,19,344,274,19,293,30,4,34,62,5,67,709,63,772,76,4,80,45,3,48,44,2,46,248,24,272,389,48,437,326,21,347,350,22,372,45,2,47,110,6,116,159,17,176,13,1,14,30,4,34,77,6,83,709,83,792,79,3,82,84,6,90,58,2,60,151,6,157,48074,3472,51546,1009,104,1113,49083,3576,52659,,,
2006-08,,,,87,4,91,38,3,41,52,,52,14,1,15,349,20,369,74,7,81,241,12,253,520,69,589,234,14,248,76,11,87,999,56,1055,104,9,113,52,3,55,70,,70,104,13,117,451,27,478,200,9,209,138,7,145,32,4,36,126,7,133,81,3,84,521,49,570,250,23,273,58,4,62,2291,148,2439,29,1,30,203,26,229,533,48,581,480,34,514,25,1,26,1557,127,1684,47,4,51,2549,243,2792,223,20,243,293,10,303,276,23,299,134,8,142,503,27,530,18,3,21,282,29,311,131,11,142,89,8,97,260,18,278,3042,150,3192,163,11,174,102,5,107,954,61,1015,1044,119,1163,78,3,81,12,,12,158,19,177,162,12,174,168,7,175,78,6,84,108,8,116,271,27,298,775,92,867,242,27,269,130,14,144,4367,171,4538,131,17,148,8,1,9,450,20,470,286,36,322,214,18,232,94,3,97,1484,118,1602,122,14,136,714,61,775,42,2,44,78,4,82,96,4,100,114,5,119,57,7,64,467,48,515,589,41,630,64,2,66,213,17,230,68,3,71,62,2,64,106,1,107,71,5,76,68,1,69,141,14,155,81,5,86,42,4,46,287,23,310,70,3,73,233,11,244,42,,42,83,6,89,573,28,601,89,9,98,65,4,69,145,10,155,52,3,55,211,11,222,66,2,68,187,11,198,32,1,33,197,14,211,163,20,183,46,2,48,85,9,94,233,20,253,1682,122,1804,486,45,531,60,2,62,62,4,66,190,12,202,86,2,88,85,4,89,50,2,52,47,4,51,146,7,153,85,12,97,116,3,119,16,,16,77,5,82,66,,66,1859,123,1982,403,30,433,17,,17,139,6,145,72,6,78,623,68,691,163,14,177,35,2,37,248,13,261,40,4,44,15,2,17,172,7,179,79,4,83,145,18,163,84,2,86,329,11,340,330,19,349,263,17,280,29,4,33,61,5,66,690,64,754,76,4,80,44,4,48,46,2,48,240,22,262,387,46,433,317,22,339,344,21,365,44,2,46,116,6,122,165,17,182,14,1,15,30,2,32,77,6,83,702,81,783,76,3,79,82,7,89,59,2,61,147,7,154,47385,3414,50799,1306,154,1460,48691,3568,52259,,,
2006-09,,,,93,5,98,37,2,39,55,,55,14,1,15,354,17,371,73,7,80,238,12,250,517,72,589,233,12,245,77,11,88,1008,58,1066,99,9,108,53,3,56,64,,64,107,11,118,457,28,485,205,9,214,141,6,147,35,3,38,124,7,131,83,2,85,560,55,615,251,23,274,57,4,61,2338,144,2482,28,1,29,211,33,244,541,47,588,486,32,518,25,1,26,1561,127,1688,50,4,54,2576,248,2824,218,22,240,298,9,307,267,22,289,137,8,145,514,31,545,19,3,22,291,31,322,125,12,137,88,8,96,265,20,285,3054,160,3214,163,11,174,105,5,110,946,62,1008,1076,120,1196,76,3,79,12,,12,161,19,180,159,12,171,165,6,171,76,7,83,105,9,114,273,25,298,798,87,885,262,28,290,131,14,145,4342,162,4504,125,17,142,5,1,6,448,18,466,288,39,327,218,18,236,97,4,101,1511,120,1631,126,16,142,738,61,799,41,2,43,83,4,87,95,4,99,110,5,115,56,7,63,487,49,536,596,46,642,61,2,63,202,17,219,74,3,77,64,2,66,107,2,109,69,5,74,67,1,68,148,15,163,83,6,89,41,4,45,280,23,303,71,3,74,239,12,251,44,,44,89,5,94,576,30,606,91,8,99,64,4,68,147,10,157,52,2,54,211,11,222,71,2,73,190,11,201,32,1,33,187,15,202,169,20,189,48,3,51,88,9,97,237,18,255,1717,122,1839,495,46,541,61,3,64,59,4,63,194,13,207,86,1,87,85,5,90,50,2,52,47,4,51,139,7,146,84,12,96,119,3,122,16,,16,76,7,83,65,,65,1892,117,2009,413,33,446,19,,19,137,6,143,65,6,71,604,66,670,177,15,192,37,2,39,244,12,256,40,4,44,16,2,18,182,8,190,75,3,78,143,19,162,84,2,86,320,9,329,330,19,349,258,20,278,25,4,29,64,4,68,701,62,763,77,4,81,42,4,46,45,2,47,249,23,272,384,47,431,321,21,342,336,21,357,45,3,48,112,5,117,163,17,180,12,1,13,29,2,31,80,7,87,729,82,811,70,3,73,85,7,92,61,3,64,144,7,151,47806,3446,51252,1079,122,1201,48885,3568,52453,,,
2006-10,,,,91,5,96,37,2,39,58,,58,13,1,14,360,19,379,72,7,79,242,11,253,522,72,594,234,13,247,77,10,87,1010,56,1066,100,11,111,55,3,58,65,,65,105,11,116,463,28,491,202,10,212,147,6,153,36,3,39,122,7,129,81,2,83,550,58,608,251,23,274,56,4,60,2354,142,2496,27,,27,216,34,250,542,43,585,494,32,526,25,1,26,1555,125,1680,45,4,49,2550,246,2796,219,23,242,299,10,309,277,23,300,136,8,144,512,32,544,18,3,21,291,30,321,123,10,133,90,6,96,264,17,281,3055,156,3211,161,11,172,107,5,112,947,62,1009,1064,121,1185,76,3,79,13,,13,165,18,183,157,12,169,160,6,166,80,6,86,103,9,112,276,25,301,794,89,883,262,25,287,129,14,143,4359,167,4526,132,18,150,5,1,6,450,17,467,289,38,327,211,18,229,100,4,104,1518,117,1635,123,15,138,725,60,785,43,2,45,84,4,88,93,3,96,110,6,116,54,6,60,496,50,546,600,44,644,63,3,66,197,17,214,73,3,76,64,2,66,104,2,106,72,5,77,66,1,67,149,14,163,80,5,85,42,3,45,276,23,299,70,2,72,243,11,254,45,,45,91,3,94,582,30,612,90,9,99,65,5,70,146,10,156,51,2,53,209,10,219,69,3,72,193,11,204,33,1,34,187,16,203,170,20,190,50,2,52,86,9,95,244,19,263,1729,126,1855,498,45,543,59,4,63,61,4,65,193,14,207,88,1,89,87,5,92,51,2,53,46,4,50,140,7,147,84,12,96,115,4,119,15,,15,76,6,82,64,,64,1893,114,2007,409,34,443,20,,20,136,7,143,64,6,70,603,68,671,176,16,192,36,2,38,247,15,262,42,4,46,16,2,18,175,8,183,77,3,80,147,18,165,79,2,81,324,11,335,324,18,342,254,21,275,25,4,29,65,4,69,694,63,757,77,4,81,45,4,49,45,1,46,253,21,274,388,49,437,316,22,338,342,24,366,45,3,48,110,5,115,168,15,183,11,1,12,29,1,30,81,7,88,738,80,818,68,3,71,82,6,88,62,3,65,143,7,150,47852,3434,51286,1037,134,1171,48889,3568,52457,,,
2006-11,,,,87,5,92,34,2,36,57,,57,13,1,14,360,18,378,71,7,78,244,13,257,518,68,586,240,12,252,76,9,85,1003,56,1059,103,12,115,59,3,62,63,,63,105,10,115,467,29,496,202,10,212,142,7,149,33,3,36,123,7,130,80,2,82,542,60,602,249,24,273,56,4,60,2314,136,2450,26,,26,213,33,246,529,45,574,465,32,497,25,1,26,1525,122,1647,43,4,47,2535,239,2774,217,25,242,298,10,308,271,24,295,136,8,144,510,32,542,16,3,19,281,27,308,122,9,131,90,7,97,269,16,285,3021,156,3177,159,10,169,106,4,110,952,61,1013,1035,112,1147,78,3,81,13,,13,166,19,185,157,14,171,151,7,158,82,6,88,105,8,113,275,26,301,775,88,863,253,26,279,131,11,142,4350,161,4511,127,14,141,5,1,6,453,16,469,284,39,323,216,18,234,98,5,103,1512,115,1627,121,13,134,709,58,767,42,2,44,80,4,84,92,3,95,105,5,110,54,5,59,489,47,536,584,45,629,63,2,65,201,17,218,72,3,75,63,2,65,102,2,104,72,4,76,64,1,65,146,14,160,83,6,89,42,4,46,274,22,296,72,2,74,244,11,255,42,,42,92,3,95,582,26,608,91,8,99,63,4,67,147,9,156,49,2,51,206,9,215,69,3,72,192,11,203,32,1,33,185,16,201,169,23,192,48,2,50,84,9,93,245,18,263,1700,116,1816,481,45,526,58,4,62,58,4,62,192,14,206,91,1,92,87,5,92,49,2,51,44,4,48,139,6,145,82,12,94,115,4,119,14,,14,78,6,84,58,,58,1874,109,1983,399,33,432,22,,22,134,6,140,62,6,68,584,65,649,177,16,193,36,2,38,239,15,254,40,4,44,15,2,17,172,8,180,79,3,82,147,16,163,79,2,81,320,11,331,326,17,343,243,19,262,24,5,29,64,3,67,671,61,732,77,4,81,42,4,46,46,1,47,252,19,271,370,46,416,309,23,332,341,26,367,45,3,48,108,6,114,171,14,185,11,1,12,30,1,31,77,8,85,717,75,792,67,3,70,83,6,89,61,3,64,141,7,148,47287,3347,50634,1221,167,1388,48508,3514,52022,,,
2006-12,,,,90,5,95,35,1,36,58,,58,12,1,13,361,18,379,70,9,79,245,13,258,539,66,605,245,13,258,82,10,92,1013,57,1070,108,12,120,58,3,61,63,,63,104,9,113,480,26,506,210,12,222,145,5,150,35,3,38,130,7,137,84,2,86,550,54,604,259,25,284,56,4,60,2364,142,2506,25,,25,227,35,262,547,48,595,470,31,501,29,1,30,1529,126,1655,42,4,46,2548,243,2791,219,25,244,304,10,314,274,21,295,137,7,144,516,32,548,16,4,20,280,24,304,131,10,141,94,9,103,271,18,289,3049,151,3200,166,10,176,104,3,107,972,64,1036,1056,120,1176,79,3,82,13,,13,169,21,190,161,13,174,153,8,161,84,6,90,107,8,115,279,26,305,798,91,889,267,30,297,136,12,148,4414,167,4581,127,14,141,5,1,6,451,18,469,296,39,335,221,19,240,100,7,107,1540,121,1661,126,13,139,737,61,798,41,2,43,83,4,87,96,2,98,108,5,113,56,7,63,496,48,544,595,48,643,63,2,65,207,18,225,72,3,75,71,2,73,103,2,105,72,4,76,64,1,65,147,14,161,84,7,91,41,4,45,286,23,309,74,3,77,252,11,263,43,,43,95,3,98,584,26,610,94,5,99,65,4,69,149,9,158,49,2,51,203,8,211,70,3,73,192,11,203,33,1,34,190,18,208,179,23,202,46,2,48,87,9,96,249,18,267,1710,119,1829,496,47,543,58,4,62,61,5,66,199,14,213,96,1,97,87,5,92,50,2,52,44,4,48,141,5,146,86,13,99,116,6,122,15,1,16,75,7,82,56,,56,1887,105,1992,410,40,450,24,,24,133,6,139,59,6,65,594,65,659,180,16,196,36,2,38,240,16,256,41,3,44,15,2,17,173,7,180,85,3,88,148,16,164,76,2,78,316,11,327,328,19,347,239,18,257,27,6,33,64,3,67,683,67,750,76,4,80,46,4,50,44,2,46,261,21,282,379,46,425,322,20,342,340,30,370,46,3,49,107,6,113,169,14,183,10,1,11,29,1,30,79,8,87,732,74,806,66,3,69,84,6,90,66,3,69,147,5,152,48055,3420,51475,1180,137,1317,49235,3557,52792,,,
2007-01,,,,90,6,96,38,1,39,59,,59,10,1,11,356,15,371,74,7,81,239,12,251,539,64,603,240,13,253,84,11,95,1015,54,1069,102,13,115,57,3,60,65,,65,96,9,105,475,27,502,206,12,218,148,6,154,36,3,39,134,7,141,79,5,84,550,54,604,259,25,284,58,4,62,2361,141,2502,25,,25,221,32,253,565,53,618,468,32,500,28,1,29,1497,125,1622,44,4,48,2528,234,2762,221,25,246,307,12,319,277,22,299,135,5,140,517,35,552,16,4,20,274,22,296,134,14,148,88,10,98,270,18,288,3007,154,3161,166,11,177,101,3,104,970,61,1031,1063,115,1178,76,2,78,12,,12,164,21,185,163,13,176,151,8,159,85,6,91,103,8,111,279,30,309,792,95,887,262,29,291,140,13,153,4312,160,4472,124,14,138,5,1,6,444,17,461,293,36,329,219,19,238,97,7,104,1553,129,1682,121,13,134,741,63,804,41,2,43,85,4,89,99,2,101,107,5,112,56,8,64,495,47,542,590,47,637,64,3,67,209,18,227,71,3,74,72,3,75,103,3,106,71,4,75,63,1,64,147,13,160,84,7,91,39,4,43,276,25,301,76,3,79,257,13,270,43,,43,94,4,98,585,26,611,92,3,95,64,4,68,147,9,156,50,2,52,196,10,206,72,3,75,194,11,205,34,2,36,183,18,201,182,25,207,47,2,49,88,10,98,250,20,270,1701,120,1821,476,46,522,58,4,62,60,5,65,201,15,216,95,1,96,86,5,91,51,1,52,43,3,46,140,8,148,84,13,97,117,6,123,15,1,16,74,7,81,55,,55,1870,102,1972,409,39,448,23,,23,136,6,142,60,6,66,564,58,622,180,17,197,36,2,38,236,16,252,41,3,44,16,2,18,173,8,181,81,3,84,150,15,165,76,2,78,310,13,323,320,18,338,243,16,259,29,6,35,64,2,66,663,66,729,74,4,78,47,4,51,45,1,46,248,21,269,390,46,436,312,22,334,332,30,362,46,3,49,106,6,112,162,15,177,12,1,13,30,1,31,79,9,88,739,73,812,68,3,71,84,6,90,65,3,68,143,5,148,47672,3421,51093,916,120,1036,48588,3541,52129,,,
2007-02,,,,88,5,93,40,1,41,57,1,58,10,1,11,346,14,360,73,7,80,240,12,252,532,60,592,243,14,257,82,11,93,1016,53,1069,104,14,118,57,3,60,69,,69,94,8,102,468,28,496,200,12,212,140,6,146,37,3,40,133,7,140,81,5,86,545,51,596,259,25,284,56,4,60,2324,131,2455,24,,24,221,29,250,549,51,600,470,33,503,27,2,29,1521,125,1646,44,4,48,2531,236,2767,218,23,241,308,12,320,284,21,305,132,5,137,507,36,543,17,4,21,271,23,294,136,13,149,84,8,92,270,20,290,2976,157,3133,163,11,174,98,4,102,967,65,1032,1043,111,1154,78,2,80,11,,11,169,21,190,164,11,175,155,6,161,85,6,91,105,7,112,271,30,301,774,93,867,270,29,299,137,13,150,4239,165,4404,125,13,138,6,1,7,444,17,461,296,35,331,219,18,237,92,7,99,1543,130,1673,111,12,123,736,65,801,38,2,40,83,4,87,95,2,97,108,6,114,59,7,66,493,49,542,587,50,637,64,3,67,204,18,222,69,3,72,73,4,77,101,3,104,68,5,73,60,1,61,144,13,157,82,7,89,38,4,42,276,25,301,78,4,82,257,13,270,42,,42,97,4,101,582,27,609,96,3,99,68,4,72,146,9,155,54,3,57,194,11,205,68,3,71,194,10,204,33,2,35,181,17,198,175,23,198,46,1,47,86,9,95,242,18,260,1722,121,1843,478,45,523,58,4,62,61,4,65,198,15,213,99,1,100,84,4,88,49,1,50,42,3,45,137,7,144,82,13,95,114,4,118,15,1,16,72,7,79,55,,55,1836,104,1940,400,39,439,23,,23,137,7,144,62,6,68,563,54,617,179,16,195,37,2,39,241,15,256,41,4,45,16,2,18,171,7,178,81,4,85,151,15,166,73,2,75,320,15,335,319,16,335,240,17,257,29,5,34,63,3,66,671,62,733,74,4,78,44,4,48,43,1,44,252,22,274,394,47,441,306,21,327,329,31,360,45,3,48,105,7,112,155,14,169,12,1,13,30,2,32,81,8,89,734,73,807,68,3,71,82,6,88,67,3,70,142,6,148,47348,3398,50746,1078,138,1216,48426,3536,51962,,,
2007-03,,,,86,5,91,41,1,42,58,1,59,12,1,13,344,17,361,77,7,84,243,12,255,556,61,617,237,15,252,80,11,91,1024,56,1080,99,15,114,57,4,61,70,,70,94,8,102,454,25,479,209,13,222,149,6,155,40,4,44,137,7,144,83,5,88,545,54,599,253,21,274,54,4,58,2345,130,2475,24,1,25,231,32,263,551,54,605,476,29,505,24,2,26,1564,124,1688,44,4,48,2520,240,2760,219,23,242,302,15,317,291,21,312,136,10,146,499,37,536,18,4,22,277,19,296,137,12,149,89,9,98,287,19,306,2983,167,3150,161,10,171,106,4,110,974,66,1040,1075,112,1187,78,2,80,10,,10,172,19,191,160,11,171,154,6,160,81,5,86,115,8,123,261,30,291,787,88,875,261,33,294,129,13,142,4165,165,4330,124,16,140,5,1,6,446,19,465,292,38,330,221,17,238,96,7,103,1543,137,1680,116,11,127,736,61,797,38,2,40,83,5,88,101,4,105,106,3,109,56,7,63,517,53,570,589,49,638,66,2,68,194,17,211,66,3,69,80,4,84,96,3,99,71,5,76,62,1,63,147,14,161,86,7,93,40,4,44,272,26,298,71,3,74,262,14,276,43,,43,95,4,99,590,27,617,92,6,98,69,4,73,145,10,155,51,3,54,188,11,199,67,2,69,193,11,204,33,1,34,179,18,197,178,22,200,43,4,47,89,9,98,242,17,259,1741,121,1862,495,40,535,55,4,59,58,3,61,203,15,218,101,1,102,84,4,88,47,1,48,41,3,44,139,7,146,78,11,89,116,5,121,15,1,16,72,7,79,53,,53,1825,108,1933,415,35,450,21,,21,137,8,145,64,7,71,579,52,631,170,19,189,32,3,35,235,15,250,40,4,44,16,2,18,167,8,175,76,4,80,149,14,163,73,2,75,311,18,329,317,16,333,245,17,262,28,6,34,66,3,69,680,61,741,75,4,79,44,3,47,44,1,45,250,22,272,389,47,436,305,19,324,332,28,360,46,4,50,105,7,112,153,13,166,13,1,14,31,1,32,77,8,85,739,70,809,66,3,69,78,6,84,65,2,67,145,6,151,47488,3429,50917,1434,143,1577,48922,3572,52494,,,
2007-04,,,,87,6,93,39,2,41,55,2,57,13,1,14,345,19,364,79,8,87,256,12,268,544,64,608,248,17,265,77,13,90,1008,52,1060,98,15,113,55,3,58,67,,67,97,8,105,470,25,495,203,11,214,151,7,158,39,4,43,136,8,144,84,5,89,536,56,592,259,24,283,55,4,59,2319,129,2448,22,1,23,227,29,256,557,53,610,461,26,487,24,2,26,1531,121,1652,46,4,50,2476,241,2717,216,22,238,303,14,317,298,20,318,133,10,143,510,39,549,18,4,22,270,18,288,132,11,143,90,7,97,293,21,314,2984,163,3147,176,9,185,104,3,107,966,64,1030,1082,108,1190,78,1,79,11,,11,167,18,185,154,10,164,151,7,158,83,3,86,116,8,124,258,29,287,778,94,872,261,27,288,126,14,140,4144,158,4302,120,16,136,5,1,6,458,19,477,296,35,331,224,17,241,99,7,106,1552,132,1684,113,11,124,740,64,804,39,2,41,81,5,86,96,4,100,110,5,115,54,7,61,507,50,557,588,50,638,64,2,66,196,18,214,63,3,66,79,3,82,93,3,96,73,5,78,60,2,62,151,13,164,80,7,87,40,5,45,274,24,298,72,3,75,251,13,264,42,,42,92,3,95,586,28,614,87,4,91,68,4,72,140,10,150,51,3,54,189,10,199,70,2,72,200,11,211,34,1,35,177,19,196,181,22,203,46,3,49,91,7,98,247,18,265,1728,125,1853,505,40,545,56,3,59,57,3,60,212,15,227,97,1,98,81,5,86,51,2,53,39,3,42,139,7,146,76,11,87,123,5,128,14,1,15,69,7,76,52,,52,1834,107,1941,408,30,438,21,,21,134,7,141,63,7,70,568,51,619,174,20,194,29,3,32,234,14,248,42,4,46,15,2,17,169,7,176,76,4,80,145,16,161,75,2,77,306,19,325,326,15,341,248,18,266,29,5,34,65,3,68,670,56,726,76,4,80,43,4,47,49,2,51,252,22,274,388,47,435,300,20,320,327,24,351,44,4,48,108,6,114,151,15,166,13,1,14,28,1,29,78,10,88,727,77,804,63,3,66,77,6,83,68,2,70,141,6,147,47308,3397,50705,1877,162,2039,49185,3559,52744,,,
2007-05,,,,85,5,90,38,2,40,52,2,54,11,1,12,342,20,362,80,8,88,253,16,269,535,63,598,248,18,266,78,11,89,996,52,1048,97,15,112,54,4,58,65,,65,94,9,103,463,23,486,193,10,203,146,7,153,36,4,40,140,8,148,83,4,87,531,57,588,259,22,281,54,3,57,2322,127,2449,20,2,22,229,26,255,548,49,597,462,27,489,23,2,25,1508,116,1624,48,4,52,2454,249,2703,218,22,240,302,16,318,295,19,314,132,10,142,511,38,549,19,4,23,268,18,286,132,15,147,83,9,92,289,24,313,2959,163,3122,170,8,178,98,4,102,963,65,1028,1065,106,1171,79,1,80,10,,10,160,18,178,161,10,171,147,8,155,81,4,85,106,7,113,265,28,293,774,96,870,259,24,283,131,12,143,4101,151,4252,116,15,131,6,1,7,447,20,467,283,33,316,216,15,231,102,7,109,1557,136,1693,117,9,126,738,64,802,34,2,36,82,5,87,99,3,102,108,4,112,54,6,60,504,45,549,593,48,641,64,2,66,198,18,216,64,3,67,78,3,81,93,3,96,77,5,82,61,2,63,146,11,157,81,7,88,40,4,44,274,25,299,74,3,77,254,15,269,46,,46,88,3,91,583,29,612,87,6,93,66,5,71,139,10,149,50,3,53,192,11,203,66,3,69,194,12,206,34,1,35,181,19,200,186,19,205,42,2,44,87,7,94,248,15,263,1729,123,1852,521,39,560,55,4,59,54,3,57,210,15,225,93,1,94,77,7,84,54,1,55,40,3,43,143,8,151,72,10,82,125,5,130,15,1,16,68,6,74,47,,47,1813,104,1917,408,34,442,27,,27,134,7,141,64,7,71,567,47,614,172,18,190,31,3,34,230,13,243,39,3,42,13,2,15,165,7,172,74,4,78,144,15,159,76,2,78,299,21,320,322,16,338,245,20,265,30,5,35,69,3,72,672,56,728,72,4,76,42,4,46,55,2,57,246,22,268,378,47,425,309,20,329,331,22,353,45,3,48,105,7,112,153,15,168,12,1,13,31,1,32,80,10,90,721,78,799,65,3,68,78,6,84,68,2,70,142,5,147,47004,3370,50374,2065,165,2230,49069,3535,52604,,,
2007-06,,,,86,5,91,40,2,42,56,2,58,11,,11,340,20,360,78,9,87,257,17,274,535,63,598,250,18,268,78,13,91,997,52,1049,98,11,109,53,4,57,69,1,70,93,8,101,462,25,487,196,10,206,148,6,154,39,4,43,142,9,151,86,5,91,543,52,595,261,24,285,54,3,57,2309,127,2436,20,1,21,231,25,256,543,56,599,459,28,487,24,2,26,1532,115,1647,49,3,52,2533,241,2774,212,22,234,299,14,313,288,21,309,133,9,142,511,41,552,21,4,25,274,21,295,136,13,149,80,10,90,286,24,310,2977,153,3130,168,8,176,95,3,98,960,66,1026,1068,106,1174,76,,76,10,,10,160,15,175,165,10,175,147,6,153,81,2,83,103,9,112,262,29,291,788,93,881,261,25,286,133,12,145,4109,149,4258,110,14,124,4,1,5,439,18,457,291,32,323,222,15,237,106,7,113,1571,137,1708,115,9,124,746,60,806,33,2,35,84,5,89,102,4,106,110,3,113,55,6,61,509,49,558,584,48,632,63,2,65,199,16,215,64,3,67,76,3,79,101,3,104,71,6,77,60,2,62,144,9,153,83,7,90,41,5,46,283,24,307,75,3,78,253,14,267,45,,45,86,3,89,594,27,621,92,4,96,65,3,68,140,10,150,52,3,55,194,10,204,65,3,68,194,12,206,35,1,36,179,19,198,181,17,198,40,2,42,84,7,91,242,15,257,1726,121,1847,512,40,552,52,4,56,49,3,52,214,15,229,92,1,93,79,6,85,57,,57,40,3,43,137,8,145,72,9,81,125,5,130,13,1,14,67,7,74,46,1,47,1829,105,1934,407,31,438,23,,23,135,7,142,62,7,69,573,48,621,174,21,195,33,3,36,237,14,251,39,3,42,13,2,15,163,6,169,75,4,79,138,15,153,78,2,80,298,23,321,321,13,334,249,19,268,30,6,36,70,3,73,676,56,732,68,4,72,44,6,50,57,2,59,241,23,264,382,46,428,302,17,319,337,22,359,42,3,45,108,7,115,147,14,161,12,1,13,29,1,30,80,9,89,709,80,789,62,3,65,76,6,82,64,2,66,141,6,147,47162,3333,50495,2534,197,2731,49696,3530,53226,,,
2007-07,,,,91,5,96,38,2,40,57,1,58,14,,14,337,23,360,80,10,90,251,14,265,538,61,599,245,18,263,83,12,95,997,54,1051,94,11,105,49,4,53,71,,71,95,8,103,465,24,489,198,9,207,150,7,157,41,4,45,142,9,151,82,3,85,526,53,579,259,24,283,56,3,59,2291,122,2413,18,,18,229,26,255,525,51,576,456,28,484,24,2,26,1559,121,1680,46,4,50,2535,243,2778,213,20,233,300,16,316,294,21,315,135,10,145,514,40,554,20,4,24,275,20,295,143,13,156,86,8,94,287,22,309,2942,148,3090,164,9,173,97,4,101,951,65,1016,1086,109,1195,74,,74,11,,11,153,15,168,158,11,169,146,9,155,81,3,84,102,6,108,262,29,291,785,90,875,260,25,285,135,9,144,4147,147,4294,108,15,123,3,1,4,445,15,460,281,30,311,218,12,230,108,7,115,1586,141,1727,119,9,128,749,61,810,34,2,36,82,5,87,105,3,108,108,3,111,58,6,64,506,50,556,575,45,620,61,2,63,195,16,211,60,3,63,79,3,82,99,3,102,69,6,75,56,2,58,138,9,147,78,7,85,41,4,45,290,23,313,78,3,81,245,13,258,44,,44,86,3,89,593,29,622,84,6,90,71,3,74,143,9,152,49,2,51,191,11,202,66,3,69,197,12,209,33,1,34,180,18,198,177,16,193,43,1,44,85,7,92,239,18,257,1743,117,1860,522,41,563,55,4,59,48,3,51,211,14,225,89,1,90,81,6,87,56,,56,41,3,44,134,8,142,72,11,83,127,5,132,13,,13,65,6,71,43,1,44,1808,104,1912,407,31,438,24,,24,135,8,143,65,7,72,579,47,626,172,22,194,35,2,37,235,15,250,38,3,41,14,2,16,158,6,164,75,4,79,131,12,143,78,2,80,297,21,318,322,13,335,251,20,271,29,5,34,70,2,72,675,60,735,70,4,74,44,5,49,56,2,58,236,22,258,370,44,414,298,17,315,335,20,355,41,3,44,113,6,119,150,15,165,12,1,13,28,1,29,74,9,83,697,80,777,60,3,63,75,5,80,61,2,63,141,6,147,47077,3298,50375,2578,217,2795,49655,3515,53170,,,
2007-08,,,,83,5,88,39,2,41,59,1,60,13,,13,341,20,361,80,8,88,258,15,273,549,67,616,247,18,265,90,10,100,994,54,1048,93,12,105,48,5,53,67,,67,95,5,100,465,29,494,201,9,210,149,7,156,43,4,47,140,9,149,89,4,93,540,56,596,256,25,281,59,2,61,2305,124,2429,20,2,22,227,23,250,540,58,598,463,27,490,23,2,25,1548,116,1664,46,2,48,2562,251,2813,215,19,234,304,16,320,293,24,317,128,11,139,535,50,585,22,4,26,271,21,292,138,11,149,85,10,95,282,23,305,2898,157,3055,170,11,181,99,4,103,960,62,1022,1071,109,1180,74,,74,11,,11,165,14,179,145,12,157,148,7,155,85,2,87,96,7,103,266,24,290,785,89,874,261,30,291,130,11,141,4168,154,4322,110,13,123,3,1,4,436,17,453,280,33,313,225,13,238,103,7,110,1630,144,1774,118,11,129,739,61,800,32,2,34,80,6,86,113,2,115,103,5,108,60,6,66,520,52,572,571,47,618,65,2,67,202,16,218,58,4,62,75,5,80,105,4,109,64,6,70,57,3,60,138,9,147,83,8,91,39,4,43,304,25,329,67,2,69,257,15,272,42,,42,85,3,88,607,31,638,87,8,95,70,3,73,146,8,154,54,4,58,190,10,200,62,4,66,195,12,207,32,1,33,176,16,192,179,14,193,43,1,44,86,7,93,248,21,269,1750,112,1862,514,44,558,52,3,55,48,3,51,208,13,221,85,1,86,80,6,86,52,1,53,39,3,42,124,7,131,72,10,82,125,3,128,15,,15,68,5,73,43,1,44,1774,107,1881,389,34,423,25,,25,127,6,133,72,7,79,570,52,622,179,23,202,34,2,36,235,13,248,37,3,40,13,2,15,153,7,160,77,4,81,129,14,143,73,1,74,290,19,309,316,13,329,246,20,266,30,4,34,70,2,72,688,60,748,68,3,71,43,5,48,63,3,66,235,24,259,389,46,435,313,18,331,331,18,349,41,3,44,115,6,121,153,15,168,12,1,13,25,2,27,82,12,94,708,76,784,56,4,60,75,5,80,66,2,68,134,8,142,47187,3376,50563,2303,195,2498,49490,3571,53061,,,
2007-09,,,,82,7,89,40,3,43,62,1,63,11,,11,337,21,358,77,8,85,255,14,269,560,62,622,242,19,261,86,10,96,1002,52,1054,95,10,105,51,5,56,71,1,72,95,5,100,469,26,495,204,10,214,150,7,157,45,4,49,144,9,153,90,4,94,561,57,618,267,25,292,63,2,65,2295,134,2429,21,1,22,231,26,257,517,55,572,458,24,482,22,2,24,1542,118,1660,48,1,49,2598,249,2847,215,19,234,303,14,317,284,26,310,129,11,140,541,49,590,22,4,26,273,21,294,145,10,155,83,10,93,292,22,314,2912,154,3066,167,10,177,104,5,109,981,62,1043,1087,121,1208,74,,74,11,,11,153,14,167,144,11,155,143,9,152,86,2,88,99,6,105,275,28,303,815,82,897,285,32,317,140,13,153,4180,151,4331,113,10,123,2,1,3,440,19,459,293,31,324,224,13,237,104,7,111,1666,137,1803,119,10,129,768,64,832,33,2,35,84,5,89,111,4,115,115,6,121,59,7,66,539,56,595,575,47,622,70,2,72,207,16,223,56,3,59,65,4,69,103,4,107,72,5,77,59,3,62,131,8,139,83,7,90,40,4,44,299,23,322,68,2,70,257,15,272,39,,39,85,3,88,604,30,634,92,8,100,70,4,74,141,8,149,57,4,61,197,10,207,68,2,70,188,11,199,34,1,35,172,16,188,181,14,195,46,1,47,84,8,92,258,22,280,1760,114,1874,526,45,571,54,2,56,54,4,58,215,15,230,91,1,92,81,6,87,55,1,56,47,3,50,132,8,140,67,11,78,133,3,136,16,,16,67,5,72,44,2,46,1796,111,1907,405,31,436,25,,25,122,6,128,74,7,81,590,51,641,186,21,207,34,2,36,232,13,245,38,3,41,15,2,17,162,7,169,83,5,88,125,14,139,77,1,78,296,22,318,314,14,328,256,18,274,35,4,39,72,2,74,699,59,758,70,3,73,45,6,51,67,1,68,246,22,268,385,42,427,317,22,339,323,18,341,45,3,48,113,6,119,156,15,171,12,1,13,32,2,34,85,10,95,688,79,767,60,4,64,84,3,87,62,4,66,138,7,145,47711,3376,51087,1909,154,2063,49620,3530,53150,,,
2007-10,,,,92,7,99,37,3,40,64,1,65,13,,13,332,20,352,76,8,84,255,15,270,566,68,634,241,20,261,93,12,105,990,52,1042,87,11,98,55,5,60,69,1,70,96,4,100,468,26,494,211,11,222,147,8,155,45,4,49,144,9,153,81,4,85,568,57,625,274,28,302,61,2,63,2235,131,2366,18,1,19,240,25,265,519,51,570,444,27,471,22,2,24,1506,123,1629,46,3,49,2647,262,2909,218,17,235,303,13,316,289,23,312,135,10,145,540,48,588,22,4,26,280,22,302,139,10,149,90,9,99,301,22,323,2907,148,3055,161,11,172,108,4,112,964,61,1025,1111,119,1230,80,,80,10,,10,150,13,163,146,10,156,148,6,154,85,2,87,96,7,103,283,28,311,805,85,890,282,33,315,143,13,156,4095,144,4239,109,11,120,3,1,4,433,18,451,293,29,322,222,12,234,104,7,111,1669,133,1802,123,10,133,755,69,824,32,2,34,84,4,88,111,4,115,110,8,118,56,7,63,554,49,603,588,46,634,64,2,66,195,16,211,60,3,63,70,4,74,99,6,105,67,5,72,60,3,63,138,8,146,80,7,87,37,5,42,291,18,309,74,2,76,254,15,269,40,,40,87,3,90,608,30,638,88,10,98,71,4,75,137,8,145,57,4,61,199,11,210,66,2,68,193,12,205,33,1,34,173,15,188,184,12,196,42,1,43,89,7,96,258,22,280,1768,116,1884,549,54,603,53,2,55,53,4,57,226,13,239,90,1,91,78,6,84,54,1,55,44,4,48,133,6,139,65,11,76,128,4,132,15,,15,67,6,73,45,1,46,1811,113,1924,413,28,441,26,,26,122,5,127,73,7,80,583,47,630,185,20,205,34,2,36,235,13,248,38,3,41,16,2,18,161,7,168,83,5,88,134,13,147,80,1,81,295,22,317,316,14,330,258,21,279,35,5,40,76,4,80,694,64,758,69,2,71,47,6,53,69,1,70,246,23,269,383,43,426,336,19,355,329,20,349,46,2,48,114,8,122,153,14,167,12,,12,31,4,35,85,12,97,683,78,761,60,4,64,78,3,81,63,4,67,139,8,147,47672,3385,51057,2284,193,2477,49956,3578,53534,,,
2007-11,,,,89,8,97,41,3,44,59,1,60,9,,9,341,23,364,72,9,81,256,15,271,571,71,642,247,21,268,96,13,109,1009,49,1058,84,11,95,52,5,57,70,1,71,93,5,98,469,29,498,209,11,220,148,7,155,46,4,50,145,9,154,88,4,92,559,52,611,277,26,303,61,2,63,2281,123,2404,19,1,20,243,29,272,521,53,574,451,25,476,23,3,26,1512,124,1636,47,2,49,2629,260,2889,229,14,243,304,15,319,289,23,312,134,10,144,568,48,616,22,4,26,277,22,299,142,9,151,86,9,95,308,21,329,2949,147,3096,156,10,166,108,7,115,974,59,1033,1105,123,1228,74,,74,10,,10,147,15,162,146,10,156,151,7,158,89,1,90,97,8,105,288,26,314,827,95,922,300,37,337,148,12,160,4128,145,4273,115,12,127,3,1,4,443,18,461,305,28,333,229,14,243,103,7,110,1715,128,1843,134,9,143,769,66,835,31,2,33,86,4,90,119,4,123,109,6,115,57,7,64,571,52,623,607,44,651,61,2,63,207,17,224,63,4,67,71,2,73,103,6,109,70,5,75,62,3,65,137,7,144,88,7,95,37,2,39,308,19,327,81,1,82,256,15,271,38,,38,84,3,87,639,30,669,100,10,110,74,4,78,134,8,142,56,4,60,207,10,217,68,1,69,187,12,199,35,1,36,166,14,180,183,13,196,41,1,42,90,7,97,256,20,276,1797,120,1917,550,52,602,56,3,59,55,3,58,230,13,243,88,1,89,81,8,89,51,1,52,52,5,57,141,6,147,71,11,82,132,4,136,15,1,16,65,5,70,42,3,45,1841,108,1949,440,28,468,24,,24,122,6,128,70,7,77,607,48,655,184,20,204,35,2,37,255,13,268,39,3,42,17,2,19,163,8,171,92,4,96,138,13,151,79,1,80,304,18,322,325,14,339,253,20,273,37,6,43,76,3,79,699,63,762,72,2,74,47,6,53,71,2,73,243,23,266,393,41,434,349,20,369,331,20,351,47,2,49,117,8,125,156,16,172,14,,14,31,5,36,86,10,96,699,80,779,65,4,69,89,3,92,66,5,71,134,8,142,48407,3384,51791,2133,187,2320,50540,3571,54111,,,
2007-12,,,,89,8,97,41,3,44,66,1,67,10,,10,346,19,365,71,7,78,268,16,284,619,74,693,264,21,285,99,13,112,1054,50,1104,96,12,108,48,7,55,80,1,81,94,6,100,492,30,522,216,13,229,142,8,150,48,4,52,154,9,163,91,6,97,580,53,633,300,31,331,61,2,63,2400,138,2538,28,1,29,243,29,272,538,60,598,467,25,492,28,3,31,1554,131,1685,53,2,55,2791,253,3044,251,16,267,315,19,334,308,24,332,139,11,150,580,48,628,22,4,26,289,22,311,153,8,161,93,11,104,324,24,348,3047,151,3198,166,12,178,109,5,114,1036,50,1086,1103,122,1225,84,,84,11,,11,147,14,161,149,10,159,161,6,167,92,1,93,113,8,121,313,28,341,860,95,955,318,42,360,163,12,175,4279,146,4425,114,14,128,4,1,5,435,19,454,329,32,361,229,13,242,106,7,113,1807,131,1938,128,10,138,815,71,886,31,3,34,89,4,93,134,4,138,117,7,124,62,10,72,619,58,677,653,44,697,60,2,62,215,22,237,65,6,71,70,3,73,111,6,117,73,4,77,63,4,67,145,9,154,90,7,97,41,2,43,359,21,380,87,2,89,265,15,280,39,,39,84,3,87,667,29,696,111,11,122,80,5,85,137,8,145,60,3,63,203,7,210,73,1,74,195,12,207,36,1,37,178,15,193,190,12,202,42,1,43,105,7,112,265,22,287,1883,128,2011,600,63,663,57,3,60,59,3,62,243,15,258,97,1,98,93,9,102,56,1,57,52,5,57,144,6,150,68,9,77,150,4,154,14,1,15,65,6,71,46,3,49,1901,109,2010,468,30,498,23,,23,126,6,132,78,8,86,636,55,691,187,23,210,35,2,37,265,15,280,39,3,42,20,2,22,172,8,180,98,4,102,142,14,156,85,1,86,314,24,338,327,13,340,268,21,289,40,6,46,79,3,82,731,65,796,70,3,73,50,6,56,77,2,79,240,25,265,402,41,443,374,22,396,342,22,364,51,2,53,115,8,123,170,16,186,12,,12,36,5,41,93,12,105,725,83,808,63,4,67,90,2,92,67,6,73,141,8,149,50616,3529,54145,95,16,111,50711,3545,54256,,,
2008-01,,,,96,7,103,43,3,46,66,2,68,8,,8,356,17,373,68,6,74,270,16,286,632,78,710,265,22,287,95,13,108,1051,53,1104,94,11,105,53,7,60,75,2,77,98,5,103,487,29,516,225,12,237,140,9,149,47,4,51,157,9,166,92,6,98,589,51,640,290,31,321,64,2,66,2415,139,2554,26,1,27,243,28,271,544,59,603,469,26,495,29,3,32,1574,125,1699,54,3,57,2755,260,3015,247,15,262,321,19,340,308,27,335,137,11,148,567,48,615,22,4,26,289,21,310,152,6,158,92,11,103,314,25,339,3030,157,3187,163,13,176,101,6,107,1048,51,1099,1116,118,1234,83,,83,10,,10,143,14,157,142,11,153,168,8,176,87,2,89,117,9,126,322,27,349,869,99,968,314,40,354,172,12,184,4276,144,4420,113,12,125,4,1,5,444,19,463,328,30,358,244,13,257,114,7,121,1816,135,1951,127,9,136,808,70,878,32,3,35,93,5,98,135,6,141,107,6,113,59,11,70,617,56,673,643,42,685,61,2,63,206,19,225,65,6,71,73,3,76,110,7,117,75,4,79,63,4,67,144,9,153,89,6,95,41,2,43,359,19,378,81,3,84,258,16,274,38,,38,86,3,89,664,34,698,113,9,122,83,5,88,136,8,144,59,3,62,197,7,204,69,1,70,195,11,206,41,,41,181,13,194,190,14,204,49,2,51,102,7,109,252,21,273,1891,130,2021,594,65,659,56,2,58,60,3,63,237,14,251,98,1,99,91,12,103,54,,54,51,6,57,142,8,150,69,8,77,146,4,150,15,1,16,63,6,69,47,4,51,1906,123,2029,462,35,497,25,,25,125,5,130,81,7,88,630,54,684,189,21,210,37,2,39,270,17,287,40,3,43,23,2,25,169,9,178,97,6,103,144,12,156,89,1,90,310,21,331,323,13,336,265,21,286,40,6,46,80,2,82,724,66,790,72,3,75,48,6,54,81,2,83,230,24,254,412,41,453,374,25,399,348,22,370,51,2,53,113,8,121,173,16,189,13,,13,31,4,35,93,14,107,728,85,813,66,4,70,90,2,92,62,7,69,142,8,150,50614,3563,54177,83,21,104,50697,3584,54281,,,
2008-02,,,,95,6,101,45,3,48,68,3,71,8,,8,350,18,368,71,7,78,264,17,281,616,73,689,264,21,285,97,13,110,1059,51,1110,89,13,102,52,7,59,79,2,81,97,6,103,484,27,511,219,11,230,141,8,149,47,4,51,153,9,162,92,6,98,595,52,647,282,28,310,62,2,64,2439,130,2569,25,2,27,239,25,264,548,58,606,471,25,496,31,3,34,1564,125,1689,55,3,58,2788,250,3038,245,16,261,325,18,343,291,25,316,135,10,145,562,50,612,22,4,26,297,19,316,153,6,159,91,8,99,322,22,344,3020,152,3172,163,11,174,106,6,112,1045,48,1093,1088,123,1211,78,,78,11,,11,141,14,155,144,11,155,163,6,169,90,2,92,115,13,128,323,24,347,878,91,969,320,38,358,171,13,184,4269,139,4408,108,12,120,7,1,8,436,20,456,327,29,356,238,14,252,115,5,120,1827,130,1957,128,7,135,809,70,879,30,3,33,90,4,94,134,6,140,101,7,108,57,11,68,616,58,674,648,43,691,59,2,61,202,20,222,70,6,76,78,4,82,107,6,113,73,4,77,64,4,68,145,8,153,85,7,92,41,4,45,346,19,365,80,2,82,272,15,287,36,,36,89,4,93,651,32,683,116,12,128,84,5,89,137,8,145,55,3,58,197,8,205,75,1,76,207,10,217,40,,40,179,15,194,190,12,202,48,1,49,103,7,110,255,17,272,1938,125,2063,594,61,655,52,3,55,59,2,61,235,17,252,95,1,96,93,10,103,57,1,58,51,6,57,142,6,148,77,7,84,141,4,145,15,1,16,62,6,68,48,5,53,1908,117,2025,475,36,511,25,,25,126,4,130,81,7,88,630,49,679,187,21,208,36,2,38,272,16,288,39,3,42,21,2,23,163,8,171,95,5,100,142,12,154,91,1,92,309,24,333,319,13,332,271,21,292,39,6,45,78,3,81,730,68,798,74,4,78,49,4,53,83,2,85,239,22,261,432,42,474,370,25,395,365,21,386,50,2,52,118,8,126,178,15,193,12,,12,38,5,43,93,12,105,748,86,834,66,4,70,92,1,93,65,5,70,137,8,145,50717,3472,54189,72,17,89,50789,3489,54278,,,
2008-03,,,,98,5,103,45,3,48,66,3,69,9,,9,351,19,370,67,7,74,266,18,284,620,69,689,261,18,279,92,13,105,1068,56,1124,82,12,94,54,7,61,79,2,81,104,4,108,489,29,518,223,12,235,144,8,152,43,4,47,151,9,160,93,5,98,588,52,640,277,32,309,61,3,64,2452,129,2581,24,2,26,239,25,264,571,66,637,455,32,487,31,3,34,1588,126,1714,55,3,58,2845,255,3100,234,16,250,335,18,353,310,26,336,141,10,151,572,46,618,23,4,27,311,21,332,155,6,161,94,8,102,324,23,347,3027,149,3176,163,14,177,106,5,111,1038,53,1091,1083,114,1197,80,,80,11,,11,138,16,154,145,9,154,156,5,161,92,1,93,114,12,126,327,29,356,887,96,983,306,40,346,169,13,182,4234,143,4377,96,11,107,7,1,8,440,20,460,319,30,349,239,13,252,113,4,117,1841,128,1969,126,6,132,806,67,873,32,1,33,85,4,89,139,6,145,109,7,116,59,11,70,602,54,656,649,43,692,63,2,65,202,19,221,63,4,67,76,4,80,120,6,126,72,4,76,60,4,64,146,13,159,85,5,90,39,5,44,342,17,359,77,3,80,277,16,293,35,,35,88,6,94,645,34,679,119,13,132,82,5,87,128,7,135,52,3,55,201,6,207,77,1,78,204,11,215,37,,37,188,16,204,188,14,202,54,2,56,102,9,111,252,18,270,1945,125,2070,598,55,653,55,1,56,56,2,58,230,18,248,94,1,95,93,8,101,57,1,58,48,7,55,147,6,153,77,7,84,147,3,150,15,1,16,61,4,65,52,5,57,1875,117,1992,477,39,516,25,,25,126,7,133,80,7,87,636,50,686,188,20,208,34,3,37,263,13,276,41,3,44,22,2,24,175,9,184,97,5,102,143,12,155,89,1,90,311,23,334,320,13,333,275,18,293,42,6,48,80,2,82,721,68,789,74,4,78,51,4,55,78,5,83,226,19,245,420,41,461,367,25,392,375,20,395,51,2,53,121,8,129,178,18,196,13,,13,35,4,39,89,11,100,730,84,814,65,5,70,88,2,90,62,3,65,134,8,142,50754,3486,54240,53,13,66,50807,3499,54306,,,
2008-04,,,,96,5,101,47,3,50,64,2,66,9,,9,359,18,377,65,6,71,272,19,291,616,73,689,267,19,286,94,14,108,1070,52,1122,84,12,96,56,8,64,71,1,72,101,3,104,481,28,509,229,10,239,142,8,150,44,3,47,149,9,158,85,7,92,584,50,634,280,30,310,62,3,65,2452,128,2580,24,2,26,248,26,274,580,65,645,440,29,469,29,3,32,1584,113,1697,48,1,49,2871,257,3128,228,16,244,344,19,363,311,27,338,142,10,152,563,42,605,24,4,28,314,15,329,150,6,156,87,9,96,315,22,337,3000,146,3146,159,15,174,108,6,114,1043,48,1091,1087,103,1190,82,,82,11,,11,147,15,162,148,9,157,160,4,164,94,,94,110,10,120,337,32,369,870,85,955,305,44,349,168,14,182,4270,154,4424,97,12,109,7,1,8,444,19,463,316,24,340,247,15,262,108,4,112,1851,131,1982,123,7,130,818,63,881,33,1,34,89,5,94,134,5,139,108,7,115,59,11,70,615,63,678,649,42,691,57,2,59,204,18,222,65,4,69,87,2,89,114,6,120,74,4,78,61,4,65,156,11,167,82,6,88,37,5,42,339,21,360,73,3,76,278,16,294,36,,36,87,6,93,653,36,689,117,14,131,84,5,89,128,8,136,51,2,53,207,6,213,75,1,76,203,10,213,33,,33,194,16,210,188,12,200,52,2,54,104,9,113,241,22,263,1934,135,2069,607,57,664,57,1,58,59,2,61,230,24,254,92,1,93,99,8,107,58,,58,49,7,56,145,5,150,81,8,89,140,3,143,15,1,16,61,4,65,52,5,57,1879,122,2001,473,34,507,25,,25,121,6,127,83,8,91,617,47,664,189,19,208,33,3,36,274,11,285,38,3,41,22,2,24,168,8,176,98,5,103,142,10,152,88,1,89,303,22,325,319,13,332,290,19,309,47,6,53,82,3,85,712,71,783,73,4,77,52,4,56,78,4,82,225,19,244,411,40,451,378,28,406,379,23,402,52,2,54,119,9,128,173,19,192,12,,12,37,5,42,93,11,104,728,77,805,69,5,74,82,2,84,66,4,70,131,9,140,50798,3462,54260,51,11,62,50849,3473,54322,,,
2008-05,,,,96,5,101,44,3,47,60,2,62,8,,8,355,19,374,67,6,73,276,20,296,615,79,694,266,21,287,92,13,105,1077,51,1128,79,13,92,52,8,60,68,2,70,103,5,108,482,29,511,216,10,226,144,8,152,44,3,47,143,9,152,93,7,100,587,49,636,288,33,321,65,2,67,2450,140,2590,25,2,27,243,29,272,574,63,637,437,25,462,29,3,32,1588,119,1707,49,1,50,2888,253,3141,227,16,243,341,21,362,318,31,349,142,11,153,565,41,606,24,4,28,310,16,326,145,5,150,94,10,104,321,24,345,3016,147,3163,149,15,164,108,6,114,1036,51,1087,1090,101,1191,81,1,82,11,,11,146,14,160,154,9,163,165,5,170,93,1,94,111,9,120,331,33,364,881,87,968,308,43,351,174,15,189,4252,158,4410,95,13,108,7,1,8,442,20,462,295,24,319,248,13,261,112,3,115,1836,128,1964,120,7,127,800,66,866,32,2,34,91,5,96,135,6,141,115,7,122,60,11,71,587,57,644,649,44,693,57,3,60,195,19,214,64,4,68,88,2,90,115,5,120,73,4,77,65,3,68,152,12,164,83,6,89,37,5,42,338,20,358,78,2,80,284,17,301,33,,33,90,6,96,646,37,683,123,13,136,81,4,85,128,8,136,50,2,52,211,5,216,73,1,74,202,10,212,36,,36,191,18,209,187,11,198,54,3,57,111,8,119,247,19,266,1920,123,2043,589,67,656,57,2,59,54,2,56,232,22,254,92,2,94,102,10,112,62,1,63,45,7,52,150,6,156,77,9,86,139,7,146,12,1,13,68,6,74,52,5,57,1834,127,1961,476,40,516,27,,27,118,6,124,76,7,83,631,47,678,188,19,207,34,3,37,275,11,286,44,3,47,23,2,25,176,10,186,97,5,102,134,9,143,85,2,87,305,23,328,324,11,335,290,18,308,47,5,52,84,2,86,708,70,778,75,4,79,55,3,58,77,5,82,228,19,247,405,40,445,391,31,422,376,22,398,49,2,51,120,9,129,169,19,188,12,,12,32,4,36,90,11,101,718,82,800,67,5,72,85,3,88,66,3,69,130,10,140,50684,3522,54206,56,6,62,50740,3528,54268,,,
2008-06,,,,96,5,101,44,3,47,61,2,63,10,,10,363,18,381,59,7,66,275,19,294,623,75,698,269,21,290,88,13,101,1079,49,1128,77,11,88,54,7,61,66,2,68,106,2,108,487,28,515,215,10,225,139,8,147,41,3,44,138,9,147,90,7,97,577,47,624,281,32,313,61,2,63,2424,134,2558,26,3,29,250,27,277,564,61,625,437,27,464,28,3,31,1539,117,1656,47,1,48,2886,257,3143,233,17,250,326,22,348,314,32,346,141,10,151,553,47,600,22,3,25,301,17,318,145,5,150,96,10,106,311,24,335,2984,155,3139,159,14,173,111,5,116,1021,48,1069,1072,100,1172,81,1,82,12,,12,143,13,156,146,8,154,162,4,166,97,1,98,107,9,116,325,33,358,853,97,950,299,46,345,173,15,188,4293,160,4453,98,12,110,8,1,9,425,18,443,293,23,316,246,11,257,117,2,119,1837,137,1974,116,8,124,813,66,879,31,2,33,87,5,92,134,4,138,119,8,127,62,11,73,572,62,634,640,45,685,57,3,60,198,19,217,59,4,63,85,2,87,117,5,122,77,4,81,61,3,64,150,9,159,79,7,86,34,6,40,345,20,365,74,3,77,287,18,305,31,,31,86,6,92,630,33,663,114,14,128,79,4,83,128,8,136,49,2,51,212,5,217,73,1,74,198,15,213,36,,36,187,19,206,180,12,192,55,4,59,115,7,122,256,16,272,1931,121,2052,598,68,666,59,1,60,54,2,56,222,23,245,92,1,93,102,10,112,64,1,65,49,6,55,154,6,160,76,9,85,147,7,154,13,1,14,61,6,67,48,5,53,1829,123,1952,478,45,523,28,1,29,121,8,129,77,7,84,621,57,678,185,20,205,33,3,36,264,9,273,47,3,50,25,2,27,171,10,181,95,5,100,134,10,144,86,1,87,308,23,331,317,11,328,288,21,309,43,5,48,83,3,86,708,66,774,74,3,77,61,7,68,78,5,83,222,17,239,401,43,444,392,37,429,368,23,391,49,2,51,118,9,127,168,18,186,11,1,12,36,5,41,91,12,103,704,82,786,67,5,72,87,3,90,69,3,72,136,9,145,50373,3554,53927,84,5,89,50457,3559,54016,,,
2008-07,,,,94,4,98,46,3,49,59,2,61,9,,9,370,20,390,60,6,66,275,20,295,608,83,691,265,20,285,89,12,101,1077,51,1128,81,14,95,52,5,57,66,3,69,106,4,110,470,30,500,223,10,233,137,8,145,42,3,45,140,10,150,90,9,99,582,53,635,274,31,305,59,3,62,2415,127,2542,28,3,31,244,24,268,560,60,620,435,26,461,26,3,29,1483,111,1594,48,2,50,2888,244,3132,223,15,238,333,22,355,309,30,339,129,9,138,552,45,597,23,3,26,307,13,320,149,6,155,95,9,104,325,20,345,2905,156,3061,164,14,178,111,7,118,1003,47,1050,1115,103,1218,80,1,81,10,,10,129,12,141,146,6,152,165,5,170,97,1,98,102,11,113,325,41,366,845,91,936,289,45,334,162,15,177,4326,171,4497,103,13,116,9,1,10,426,18,444,298,30,328,242,10,252,119,5,124,1851,151,2002,119,8,127,771,63,834,28,1,29,79,3,82,130,5,135,118,8,126,61,13,74,539,66,605,620,48,668,57,3,60,203,19,222,60,3,63,92,3,95,115,5,120,77,4,81,60,3,63,149,10,159,76,5,81,33,2,35,349,18,367,78,2,80,295,21,316,32,,32,82,6,88,602,36,638,115,14,129,76,4,80,126,9,135,52,4,56,200,5,205,72,1,73,186,15,201,34,,34,189,19,208,175,12,187,50,4,54,112,10,122,243,15,258,1928,123,2051,576,72,648,57,1,58,54,4,58,225,20,245,91,1,92,97,9,106,70,3,73,52,5,57,144,8,152,79,8,87,149,6,155,15,1,16,63,4,67,47,6,53,1809,120,1929,435,41,476,27,1,28,115,7,122,76,8,84,593,52,645,192,18,210,31,3,34,264,11,275,44,3,47,27,2,29,179,13,192,100,6,106,128,10,138,86,2,88,307,20,327,317,11,328,287,24,311,44,5,49,81,2,83,698,75,773,74,3,77,58,7,65,84,10,94,219,17,236,390,43,433,391,36,427,358,25,383,46,3,49,116,9,125,166,19,185,8,1,9,33,6,39,84,13,97,690,81,771,64,5,69,87,2,89,62,2,64,132,10,142,49872,3594,53466,83,11,94,49955,3605,53560,,,
2008-08,,,,93,6,99,45,3,48,60,2,62,11,,11,367,19,386,61,8,69,274,17,291,609,83,692,273,18,291,91,9,100,1074,50,1124,83,13,96,57,6,63,68,3,71,103,4,107,472,31,503,214,10,224,139,9,148,40,3,43,137,10,147,98,8,106,583,53,636,271,29,300,59,3,62,2423,130,2553,27,3,30,242,27,269,560,55,615,431,25,456,25,3,28,1462,113,1575,49,1,50,2936,262,3198,230,16,246,337,22,359,303,30,333,140,10,150,564,48,612,23,3,26,297,14,311,142,6,148,95,9,104,320,21,341,2883,159,3042,165,14,179,113,8,121,984,42,1026,1111,111,1222,79,1,80,10,,10,132,13,145,145,6,151,160,5,165,95,1,96,100,11,111,332,38,370,849,92,941,301,44,345,164,15,179,4310,175,4485,101,14,115,7,1,8,425,19,444,283,27,310,242,8,250,119,5,124,1870,155,2025,115,8,123,762,68,830,29,1,30,79,4,83,138,5,143,120,9,129,69,12,81,547,64,611,621,47,668,57,3,60,193,19,212,62,4,66,89,3,92,115,5,120,74,4,78,58,3,61,147,11,158,78,6,84,37,4,41,349,19,368,72,7,79,291,21,312,30,,30,83,5,88,598,34,632,112,13,125,74,4,78,126,8,134,51,4,55,195,6,201,72,1,73,198,14,212,33,,33,184,20,204,162,12,174,50,5,55,109,9,118,239,19,258,1886,119,2005,571,70,641,56,1,57,54,4,58,228,21,249,90,2,92,96,9,105,63,2,65,50,5,55,138,7,145,80,6,86,152,10,162,13,1,14,62,7,69,48,6,54,1776,123,1899,440,42,482,27,1,28,117,8,125,76,8,84,582,54,636,190,18,208,32,3,35,259,9,268,45,3,48,24,2,26,175,13,188,102,5,107,126,11,137,84,2,86,313,20,333,302,11,313,280,21,301,46,6,52,80,2,82,681,80,761,78,3,81,56,8,64,87,9,96,214,17,231,394,40,434,401,35,436,355,25,380,48,3,51,114,9,123,159,19,178,7,1,8,33,6,39,85,12,97,684,80,764,65,5,70,86,2,88,64,2,66,135,8,143,49695,3636,53331,42,4,46,49737,3640,53377,,,
2008-09,,,,93,7,100,42,3,45,56,1,57,12,,12,360,16,376,57,9,66,267,17,284,583,76,659,267,15,282,86,9,95,1055,50,1105,78,11,89,56,5,61,67,3,70,102,6,108,467,35,502,216,11,227,140,8,148,36,3,39,141,8,149,91,8,99,584,50,634,263,29,292,60,3,63,2433,135,2568,26,3,29,236,27,263,547,57,604,410,25,435,24,3,27,1523,114,1637,48,3,51,2866,275,3141,215,15,230,325,24,349,300,30,330,139,10,149,548,46,594,24,3,27,286,13,299,139,6,145,90,10,100,300,24,324,2847,163,3010,163,12,175,109,7,116,967,52,1019,1100,110,1210,79,1,80,9,,9,142,11,153,149,6,155,168,5,173,94,1,95,96,10,106,330,38,368,830,91,921,290,42,332,154,17,171,4409,171,4580,102,12,114,9,1,10,428,19,447,281,36,317,236,10,246,134,5,139,1887,160,2047,109,6,115,759,69,828,29,1,30,78,4,82,132,5,137,125,8,133,66,13,79,523,60,583,618,41,659,56,3,59,198,20,218,63,5,68,89,3,92,113,4,117,74,5,79,57,4,61,146,9,155,75,5,80,39,3,42,333,20,353,80,4,84,292,19,311,34,,34,85,6,91,570,34,604,105,12,117,71,4,75,126,11,137,50,4,54,193,8,201,70,1,71,198,15,213,35,,35,187,20,207,163,12,175,55,4,59,120,9,129,238,18,256,1856,124,1980,575,77,652,54,1,55,50,4,54,228,23,251,87,2,89,90,8,98,63,3,66,52,5,57,142,8,150,79,9,88,143,9,152,16,1,17,63,7,70,48,6,54,1765,118,1883,447,41,488,26,1,27,120,9,129,72,8,80,561,56,617,191,18,209,29,3,32,245,10,255,43,3,46,23,1,24,173,14,187,102,5,107,129,12,141,82,2,84,311,25,336,296,11,307,277,22,299,48,4,52,78,2,80,668,77,745,77,3,80,64,8,72,82,9,91,218,15,233,402,35,437,406,41,447,356,23,379,46,3,49,120,9,129,156,20,176,7,1,8,33,4,37,83,11,94,648,85,733,61,5,66,91,2,93,64,3,67,137,8,145,49308,3669,52977,42,4,46,49350,3673,53023,,,
2008-10,,,,98,7,105,42,3,45,52,1,53,11,1,12,357,17,374,64,8,72,265,16,281,565,76,641,269,16,285,90,8,98,1050,57,1107,77,11,88,57,5,62,61,3,64,101,5,106,463,34,497,218,13,231,143,8,151,35,3,38,140,8,148,93,7,100,579,53,632,272,33,305,59,4,63,2428,130,2558,23,3,26,230,26,256,553,60,613,421,24,445,24,2,26,1501,112,1613,43,2,45,2820,265,3085,229,17,246,327,23,350,297,30,327,138,10,148,530,44,574,22,3,25,295,13,308,141,7,148,85,10,95,309,22,331,2923,167,3090,164,11,175,114,7,121,968,52,1020,1086,112,1198,80,1,81,8,,8,143,10,153,157,6,163,170,5,175,91,1,92,99,10,109,341,34,375,831,96,927,287,41,328,151,16,167,4365,167,4532,99,12,111,9,1,10,427,19,446,287,35,322,239,9,248,134,5,139,1916,154,2070,113,7,120,759,67,826,34,1,35,84,4,88,133,5,138,127,7,134,65,13,78,550,58,608,632,45,677,57,3,60,203,20,223,63,4,67,89,2,91,115,4,119,78,4,82,57,4,61,145,11,156,78,5,83,41,3,44,341,17,358,77,5,82,297,22,319,30,,30,80,7,87,575,32,607,106,14,120,69,4,73,129,11,140,51,3,54,198,8,206,71,1,72,193,14,207,34,,34,186,20,206,162,13,175,58,7,65,129,10,139,236,20,256,1856,119,1975,576,75,651,56,1,57,56,4,60,232,22,254,85,1,86,91,10,101,66,4,70,54,5,59,146,7,153,83,10,93,142,9,151,14,1,15,60,7,67,49,6,55,1773,116,1889,440,45,485,24,1,25,118,8,126,71,8,79,581,57,638,187,17,204,29,3,32,254,12,266,44,3,47,23,1,24,175,13,188,97,5,102,131,13,144,83,1,84,309,28,337,294,12,306,284,24,308,46,5,51,77,2,79,691,78,769,81,3,84,64,8,72,86,9,95,216,17,233,386,41,427,401,39,440,354,24,378,46,3,49,114,8,122,159,20,179,8,1,9,33,4,37,90,11,101,653,83,736,63,5,68,87,2,89,62,3,65,136,8,144,49447,3668,53115,40,4,44,49487,3672,53159,,,
2008-11,,,,98,6,104,42,3,45,61,3,64,9,1,10,353,18,371,59,8,67,257,17,274,568,75,643,268,18,286,90,8,98,1040,58,1098,82,11,93,57,6,63,59,3,62,100,6,106,465,32,497,219,11,230,140,7,147,32,3,35,140,8,148,85,10,95,571,57,628,271,34,305,55,3,58,2420,132,2552,23,2,25,230,25,255,546,62,608,402,25,427,26,3,29,1490,106,1596,47,2,49,2772,268,3040,235,16,251,341,26,367,287,29,316,139,9,148,543,45,588,22,3,25,287,12,299,138,7,145,88,9,97,302,24,326,2846,162,3008,167,13,180,115,5,120,955,52,1007,1083,115,1198,78,1,79,8,,8,147,10,157,151,5,156,173,6,179,97,1,98,99,9,108,344,41,385,859,96,955,282,42,324,146,15,161,4361,164,4525,100,12,112,9,1,10,415,18,433,286,32,318,242,12,254,138,4,142,1884,154,2038,116,6,122,761,65,826,34,1,35,85,4,89,128,5,133,126,6,132,67,13,80,528,63,591,632,48,680,52,3,55,210,19,229,57,3,60,82,3,85,120,4,124,77,4,81,57,4,61,153,10,163,79,5,84,38,3,41,334,19,353,83,4,87,304,20,324,38,,38,79,7,86,569,35,604,121,11,132,65,4,69,124,11,135,50,2,52,194,8,202,69,1,70,199,14,213,32,,32,183,19,202,169,11,180,57,6,63,133,11,144,230,19,249,1803,114,1917,552,71,623,55,1,56,53,4,57,236,22,258,90,1,91,88,8,96,72,4,76,56,5,61,146,8,154,80,9,89,139,7,146,15,1,16,61,6,67,49,6,55,1757,115,1872,487,45,532,27,1,28,117,8,125,65,8,73,570,51,621,179,17,196,32,3,35,250,12,262,46,3,49,24,1,25,173,13,186,95,6,101,118,13,131,84,1,85,298,26,324,302,11,313,286,24,310,49,6,55,85,1,86,701,77,778,81,2,83,64,8,72,77,9,86,225,15,240,391,37,428,403,37,440,351,20,371,43,3,46,118,8,126,159,17,176,6,1,7,28,4,32,85,11,96,628,73,701,62,4,66,85,2,87,63,4,67,134,7,141,49122,3623,52745,37,3,40,49159,3626,52785,,,
2008-12,,,,105,6,111,44,3,47,60,3,63,10,1,11,353,21,374,58,8,66,257,19,276,570,69,639,259,19,278,88,6,94,1026,56,1082,80,11,91,59,5,64,57,3,60,95,6,101,471,37,508,213,11,224,139,7,146,32,3,35,144,8,152,86,10,96,565,59,624,277,34,311,62,3,65,2407,134,2541,26,2,28,232,25,257,533,62,595,403,23,426,27,3,30,1492,112,1604,47,2,49,2735,288,3023,239,16,255,335,22,357,291,29,320,135,8,143,540,43,583,22,3,25,285,13,298,136,7,143,94,10,104,312,22,334,2841,159,3000,166,14,180,112,6,118,957,56,1013,1084,116,1200,80,1,81,8,,8,144,9,153,147,4,151,164,5,169,96,2,98,99,8,107,366,46,412,844,99,943,280,44,324,154,15,169,4400,162,4562,105,13,118,10,1,11,408,21,429,272,31,303,237,12,249,134,6,140,1881,156,2037,122,6,128,748,66,814,31,1,32,89,4,93,128,5,133,122,6,128,65,13,78,542,72,614,638,47,685,57,3,60,211,19,230,60,4,64,81,3,84,125,4,129,75,4,79,57,4,61,151,11,162,78,5,83,38,3,41,335,18,353,82,3,85,305,22,327,34,,34,77,6,83,561,37,598,114,11,125,63,4,67,118,12,130,47,2,49,189,8,197,72,,72,195,13,208,34,,34,184,19,203,162,13,175,59,7,66,135,10,145,229,23,252,1805,116,1921,556,66,622,53,1,54,58,6,64,232,21,253,87,2,89,90,8,98,70,4,74,57,5,62,149,8,157,80,10,90,129,8,137,16,1,17,63,6,69,49,6,55,1742,110,1852,469,44,513,26,1,27,120,8,128,65,8,73,567,51,618,182,16,198,30,3,33,246,10,256,43,3,46,24,1,25,178,13,191,94,5,99,122,11,133,84,1,85,294,30,324,303,13,316,283,28,311,48,6,54,82,1,83,714,79,793,80,2,82,61,8,69,75,11,86,222,14,236,394,40,434,399,37,436,344,22,366,46,3,49,115,8,123,155,17,172,6,,6,27,5,32,83,12,95,627,75,702,61,4,65,86,1,87,63,3,66,138,10,148,48995,3688,52683,32,4,36,49027,3692,52719,,,
2009-01,,,,97,6,103,43,3,46,60,3,63,11,1,12,354,19,373,63,7,70,260,18,278,570,65,635,264,16,280,89,7,96,1040,63,1103,79,11,90,59,3,62,60,3,63,97,5,102,457,37,494,204,12,216,133,9,142,32,3,35,144,8,152,80,10,90,549,60,609,280,33,313,60,3,63,2371,136,2507,30,2,32,237,27,264,545,56,601,404,22,426,27,2,29,1459,113,1572,47,2,49,2834,281,3115,231,16,247,334,22,356,291,27,318,140,10,150,542,40,582,24,3,27,276,13,289,143,7,150,95,13,108,312,25,337,2831,153,2984,169,13,182,111,5,116,962,60,1022,1065,103,1168,78,1,79,8,,8,141,10,151,153,5,158,166,6,172,95,2,97,99,10,109,380,44,424,831,104,935,287,45,332,155,14,169,4426,156,4582,110,12,122,10,1,11,411,20,431,281,31,312,232,13,245,134,7,141,1870,159,2029,118,8,126,750,66,816,29,1,30,84,3,87,127,5,132,124,6,130,62,13,75,543,69,612,627,49,676,55,3,58,207,19,226,59,3,62,89,3,92,115,5,120,73,4,77,58,4,62,149,10,159,80,6,86,38,1,39,321,19,340,88,4,92,297,21,318,33,,33,75,7,82,555,36,591,114,11,125,62,5,67,121,12,133,46,2,48,198,7,205,68,,68,209,12,221,36,1,37,192,17,209,162,12,174,56,7,63,144,11,155,227,22,249,1775,115,1890,539,74,613,52,1,53,57,5,62,224,22,246,90,3,93,85,8,93,67,5,72,56,5,61,147,7,154,74,8,82,133,7,140,14,1,15,58,6,64,54,6,60,1723,105,1828,462,50,512,25,1,26,119,11,130,63,8,71,578,53,631,184,14,198,30,2,32,252,12,264,46,3,49,28,2,30,174,13,187,95,5,100,121,13,134,83,1,84,292,28,320,295,12,307,278,30,308,48,5,53,90,1,91,703,73,776,83,2,85,63,10,73,78,10,88,218,14,232,397,38,435,406,35,441,336,21,357,46,3,49,113,8,121,167,16,183,8,,8,27,5,32,88,11,99,635,84,719,58,5,63,81,2,83,61,3,64,140,11,151,48942,3673,52615,30,4,34,48972,3677,52649,,,
2009-02,,,,99,6,105,38,2,40,60,4,64,9,1,10,341,21,362,61,6,67,247,17,264,568,73,641,270,18,288,86,4,90,1036,64,1100,84,12,96,59,4,63,53,3,56,93,7,100,466,35,501,212,14,226,158,9,167,29,3,32,142,8,150,88,10,98,537,64,601,271,35,306,55,3,58,2419,129,2548,30,2,32,239,30,269,582,56,638,395,24,419,27,2,29,1469,121,1590,42,2,44,2858,282,3140,249,14,263,329,21,350,300,25,325,134,9,143,530,40,570,19,3,22,271,13,284,136,8,144,89,11,100,321,26,347,2886,159,3045,170,12,182,116,7,123,948,61,1009,1077,105,1182,80,1,81,8,,8,145,8,153,145,3,148,172,4,176,94,1,95,98,9,107,374,42,416,817,107,924,280,46,326,148,13,161,4441,164,4605,116,11,127,11,1,12,415,21,436,276,27,303,235,12,247,148,7,155,1965,154,2119,119,10,129,732,62,794,28,1,29,88,3,91,123,5,128,122,6,128,61,11,72,544,66,610,625,50,675,60,3,63,211,19,230,61,4,65,85,3,88,117,4,121,75,4,79,64,4,68,143,8,151,71,6,77,39,,39,310,22,332,89,4,93,296,24,320,34,,34,78,8,86,536,37,573,113,10,123,73,5,78,119,14,133,43,2,45,186,6,192,64,,64,201,12,213,30,1,31,186,16,202,150,12,162,55,7,62,143,14,157,230,22,252,1762,127,1889,560,77,637,49,1,50,61,5,66,236,23,259,87,2,89,83,9,92,63,4,67,58,5,63,147,6,153,80,10,90,137,6,143,15,1,16,54,6,60,51,5,56,1766,106,1872,462,46,508,28,1,29,121,11,132,66,9,75,584,57,641,178,16,194,29,2,31,256,10,266,47,3,50,25,2,27,182,12,194,93,5,98,114,14,128,81,1,82,285,28,313,304,14,318,293,28,321,54,6,60,85,1,86,687,73,760,80,1,81,65,11,76,79,10,89,239,21,260,390,43,433,403,34,437,350,19,369,44,3,47,115,8,123,170,17,187,6,,6,26,4,30,87,10,97,680,76,756,60,5,65,82,2,84,55,3,58,134,10,144,49218,3710,52928,23,1,24,49241,3711,52952,,,
2009-03,,,,95,4,99,47,1,48,62,5,67,10,1,11,357,24,381,62,7,69,258,18,276,575,67,642,271,19,290,82,5,87,1032,63,1095,79,12,91,59,4,63,51,3,54,97,6,103,486,34,520,210,13,223,159,10,169,28,3,31,140,8,148,90,9,99,563,61,624,281,35,316,56,3,59,2476,126,2602,32,2,34,239,28,267,561,53,614,403,25,428,29,2,31,1429,113,1542,43,2,45,2893,287,3180,248,14,262,334,22,356,306,24,330,136,8,144,522,38,560,20,3,23,277,15,292,132,5,137,98,10,108,328,31,359,2898,157,3055,172,12,184,118,6,124,947,61,1008,1091,105,1196,79,1,80,8,,8,152,8,160,144,4,148,166,7,173,91,1,92,100,10,110,383,40,423,850,108,958,276,44,320,153,11,164,4445,167,4612,117,9,126,10,2,12,414,23,437,266,30,296,232,12,244,149,6,155,1909,148,2057,114,8,122,731,65,796,28,1,29,88,3,91,117,5,122,131,7,138,61,11,72,545,60,605,622,50,672,63,4,67,206,18,224,59,2,61,83,3,86,124,3,127,76,4,80,62,4,66,143,8,151,67,6,73,40,,40,346,21,367,85,4,89,312,25,337,34,,34,82,6,88,534,38,572,110,11,121,74,5,79,122,12,134,43,2,45,188,7,195,62,,62,202,11,213,36,1,37,186,16,202,151,11,162,55,6,61,142,12,154,224,23,247,1771,123,1894,672,84,756,49,1,50,56,5,61,240,27,267,85,2,87,87,9,96,66,3,69,59,4,63,143,7,150,77,9,86,133,7,140,18,1,19,52,7,59,55,5,60,1797,108,1905,455,46,501,26,1,27,121,12,133,60,9,69,593,55,648,177,16,193,32,2,34,249,10,259,45,2,47,24,2,26,187,11,198,87,5,92,106,13,119,79,2,81,289,26,315,302,14,316,317,28,345,53,4,57,84,2,86,667,73,740,78,1,79,67,12,79,79,12,91,227,21,248,404,48,452,429,33,462,350,17,367,44,3,47,118,8,126,179,16,195,6,1,7,26,4,30,88,8,96,667,79,746,62,6,68,80,2,82,56,3,59,130,10,140,49577,3687,53264,30,6,36,49607,3693,53300,,,
2009-04,,,,99,7,106,46,1,47,62,4,66,11,1,12,348,24,372,57,6,63,255,18,273,563,63,626,268,18,286,83,3,86,1047,59,1106,85,14,99,63,4,67,57,3,60,99,5,104,474,36,510,207,14,221,159,9,168,31,3,34,148,8,156,85,10,95,564,61,625,301,34,335,62,3,65,2475,124,2599,32,2,34,243,28,271,572,56,628,389,24,413,29,2,31,1426,117,1543,47,2,49,2906,275,3181,247,17,264,328,21,349,301,23,324,136,7,143,507,39,546,20,3,23,286,19,305,135,5,140,102,8,110,350,30,380,2938,159,3097,159,11,170,114,6,120,952,63,1015,1107,111,1218,81,1,82,10,,10,152,7,159,144,5,149,176,7,183,93,4,97,106,8,114,383,38,421,837,107,944,280,41,321,155,10,165,4459,159,4618,116,9,125,9,2,11,419,23,442,279,29,308,255,13,268,156,7,163,1941,155,2096,118,8,126,746,57,803,30,1,31,89,3,92,122,5,127,133,8,141,57,10,67,548,60,608,617,46,663,62,4,66,219,16,235,53,2,55,83,3,86,121,3,124,74,4,78,61,4,65,143,8,151,70,6,76,47,1,48,349,21,370,77,4,81,308,24,332,31,,31,82,7,89,553,36,589,108,11,119,72,5,77,124,12,136,48,2,50,183,7,190,61,,61,196,12,208,35,1,36,180,17,197,154,11,165,56,7,63,150,12,162,214,24,238,1805,130,1935,668,76,744,49,1,50,50,4,54,250,25,275,81,2,83,87,9,96,67,3,70,58,5,63,142,7,149,81,10,91,133,7,140,17,1,18,51,7,58,57,5,62,1803,108,1911,453,48,501,25,1,26,119,10,129,64,9,73,599,57,656,167,17,184,28,2,30,253,9,262,48,2,50,25,2,27,178,10,188,91,6,97,111,13,124,82,1,83,293,26,319,308,14,322,316,25,341,45,4,49,80,3,83,667,69,736,78,1,79,70,12,82,77,11,88,226,21,247,403,47,450,444,31,475,348,18,366,43,3,46,113,8,121,174,14,188,7,1,8,31,4,35,93,8,101,663,80,743,61,6,67,80,2,82,61,3,64,130,10,140,49853,3655,53508,48,2,50,49901,3657,53558,,,
2009-06,,,,92,5,97,45,1,46,61,3,64,8,1,9,355,25,380,59,7,66,245,21,266,579,61,640,265,17,282,91,4,95,1046,59,1105,84,11,95,59,5,64,54,3,57,97,3,100,482,38,520,208,12,220,156,13,169,32,3,35,142,10,152,91,11,102,570,57,627,309,38,347,64,3,67,2459,116,2575,33,2,35,233,24,257,569,58,627,396,24,420,32,2,34,1485,121,1606,52,2,54,2881,283,3164,245,18,263,312,19,331,301,23,324,133,6,139,503,43,546,20,3,23,284,16,300,133,5,138,107,9,116,363,37,400,2930,161,3091,167,11,178,114,6,120,954,68,1022,1107,107,1214,80,2,82,11,,11,149,7,156,150,6,156,176,5,181,89,4,93,105,10,115,380,39,419,890,110,1000,282,47,329,158,9,167,4485,167,4652,137,11,148,8,2,10,417,25,442,300,29,329,240,11,251,157,7,164,2058,161,2219,111,9,120,809,63,872,28,1,29,93,3,96,120,4,124,137,11,148,62,8,70,549,61,610,644,45,689,61,4,65,223,17,240,57,3,60,89,3,92,128,3,131,76,4,80,59,4,63,157,9,166,69,6,75,43,1,44,350,17,367,75,4,79,298,22,320,32,,32,81,7,88,540,36,576,107,10,117,73,5,78,124,13,137,50,2,52,191,7,198,61,1,62,211,13,224,32,1,33,177,16,193,151,12,163,54,7,61,149,11,160,210,25,235,1813,124,1937,688,71,759,53,1,54,53,3,56,256,24,280,84,2,86,87,8,95,64,2,66,60,4,64,148,7,155,81,9,90,141,8,149,17,1,18,45,12,57,52,5,57,1764,102,1866,453,52,505,27,1,28,120,11,131,64,9,73,617,59,676,177,21,198,28,3,31,245,9,254,59,3,62,22,2,24,178,10,188,89,7,96,112,14,126,79,2,81,292,24,316,307,15,322,320,28,348,54,6,60,81,3,84,686,66,752,73,,73,60,12,72,78,13,91,227,21,248,404,48,452,454,39,493,334,15,349,49,3,52,112,7,119,179,14,193,7,1,8,31,5,36,100,10,110,680,81,761,60,7,67,83,2,85,64,3,67,138,11,149,50309,3715,54024,22,3,25,50331,3718,54049,,,
2009-07,,,,97,7,104,47,1,48,62,5,67,10,1,11,355,22,377,59,7,66,246,21,267,586,67,653,263,17,280,88,3,91,1061,56,1117,81,11,92,56,4,60,52,3,55,97,3,100,469,35,504,216,13,229,157,14,171,30,3,33,140,10,150,91,12,103,578,65,643,315,35,350,61,3,64,2430,118,2548,33,2,35,236,25,261,578,63,641,381,23,404,31,3,34,1478,121,1599,51,2,53,2824,279,3103,248,17,265,311,19,330,292,24,316,135,7,142,502,44,546,20,3,23,286,16,302,131,5,136,103,8,111,360,35,395,2896,157,3053,170,12,182,112,5,117,952,65,1017,1097,110,1207,77,3,80,10,,10,159,7,166,155,6,161,172,5,177,90,3,93,105,10,115,368,41,409,882,110,992,289,47,336,147,8,155,4474,166,4640,134,12,146,8,2,10,410,25,435,312,30,342,244,11,255,161,9,170,2018,162,2180,115,9,124,796,62,858,31,1,32,90,3,93,115,3,118,138,10,148,58,8,66,554,62,616,636,49,685,65,4,69,220,17,237,58,3,61,88,3,91,129,3,132,75,4,79,58,3,61,158,11,169,73,6,79,49,1,50,344,19,363,75,5,80,300,21,321,31,,31,77,7,84,535,36,571,105,11,116,72,5,77,121,11,132,48,2,50,197,7,204,60,1,61,218,12,230,34,2,36,181,15,196,144,12,156,54,6,60,161,9,170,203,21,224,1814,124,1938,683,75,758,57,1,58,53,3,56,255,22,277,86,2,88,91,8,99,63,3,66,60,4,64,149,8,157,84,14,98,139,8,147,17,2,19,51,11,62,50,5,55,1751,110,1861,460,52,512,26,1,27,124,11,135,65,9,74,607,57,664,175,20,195,34,3,37,258,10,268,63,3,66,22,2,24,184,10,194,89,7,96,109,12,121,77,2,79,275,25,300,315,15,330,313,27,340,49,5,54,88,3,91,683,61,744,76,,76,63,11,74,78,13,91,221,22,243,431,54,485,454,41,495,332,16,348,46,3,49,125,10,135,177,14,191,7,1,8,30,5,35,105,10,115,657,79,736,61,6,67,83,2,85,64,5,69,129,7,136,50113,3736,53849,29,4,33,50142,3740,53882,,,
2009-08,,,,95,7,102,49,1,50,59,5,64,13,1,14,340,20,360,57,7,64,247,20,267,581,64,645,265,16,281,86,4,90,1040,55,1095,79,13,92,57,6,63,52,4,56,101,3,104,451,37,488,213,11,224,150,13,163,31,3,34,142,10,152,92,11,103,559,56,615,308,32,340,57,4,61,2485,116,2601,31,2,33,221,24,245,562,60,622,381,26,407,30,2,32,1438,134,1572,48,3,51,2845,289,3134,238,19,257,310,16,326,294,20,314,131,7,138,501,40,541,20,3,23,275,18,293,132,6,138,108,8,116,355,35,390,2881,159,3040,162,13,175,108,6,114,937,62,999,1106,113,1219,75,3,78,9,1,10,160,7,167,154,6,160,170,6,176,94,3,97,103,10,113,367,42,409,860,104,964,278,48,326,145,8,153,4460,165,4625,129,11,140,10,2,12,402,26,428,306,32,338,236,11,247,157,9,166,2011,168,2179,121,8,129,769,62,831,28,1,29,90,3,93,110,3,113,130,9,139,58,8,66,539,61,600,637,47,684,66,4,70,219,17,236,58,3,61,91,2,93,124,3,127,77,4,81,58,2,60,157,10,167,66,4,70,48,1,49,330,22,352,83,5,88,298,21,319,33,,33,81,6,87,529,39,568,102,11,113,69,5,74,119,11,130,46,2,48,187,7,194,60,1,61,219,13,232,32,2,34,184,16,200,135,13,148,55,8,63,155,9,164,193,23,216,1799,118,1917,653,74,727,54,1,55,54,3,57,241,20,261,84,3,87,91,8,99,60,1,61,57,4,61,152,9,161,84,12,96,137,9,146,17,2,19,46,14,60,53,5,58,1720,112,1832,467,50,517,28,,28,122,10,132,62,9,71,592,55,647,171,23,194,38,3,41,243,7,250,60,4,64,27,2,29,180,12,192,84,7,91,111,11,122,76,2,78,262,23,285,314,18,332,310,26,336,48,5,53,85,4,89,676,65,741,76,1,77,65,11,76,75,13,88,209,21,230,409,55,464,438,39,477,318,16,334,47,3,50,123,10,133,176,13,189,6,1,7,26,5,31,102,10,112,642,79,721,60,6,66,78,2,80,61,6,67,130,8,138,49504,3742,53246,20,2,22,49524,3744,53268,,,
2009-09,,,,97,9,106,47,1,48,60,2,62,15,1,16,337,17,354,60,7,67,240,20,260,600,68,668,259,18,277,83,3,86,1075,57,1132,77,14,91,54,6,60,56,5,61,101,7,108,453,38,491,215,11,226,150,12,162,33,3,36,140,10,150,97,14,111,539,61,600,309,31,340,54,4,58,2503,126,2629,30,2,33,229,21,250,585,65,650,378,23,401,29,2,31,1401,129,1530,57,3,60,2912,286,3198,242,18,260,299,16,315,287,18,305,134,8,142,502,42,544,21,3,24,274,17,291,128,6,134,101,9,110,361,33,395,2865,155,3020,170,16,186,119,5,124,926,63,990,1116,117,1233,70,3,73,10,,10,164,6,170,159,6,165,176,5,181,91,4,95,100,9,109,362,41,403,843,104,947,277,44,321,151,8,159,4473,169,4642,134,11,145,8,2,10,402,24,426,309,30,339,236,10,246,152,9,161,2007,173,2180,118,8,126,754,61,815,29,1,30,96,2,98,111,5,116,117,9,126,56,6,62,532,59,591,622,46,668,65,4,69,212,16,228,61,1,62,89,2,91,120,3,123,79,3,82,57,4,61,160,13,173,69,4,73,49,1,50,321,19,340,81,5,86,298,19,317,30,1,31,78,5,83,520,38,558,103,11,114,69,5,74,112,11,123,43,2,45,186,7,193,60,1,61,215,12,227,33,2,35,178,15,193,137,11,148,56,7,63,160,9,169,196,22,218,1843,114,1957,636,72,708,52,1,53,53,3,56,250,18,268,82,3,85,93,8,101,64,1,65,56,3,59,149,9,158,83,10,93,138,8,146,17,2,19,46,14,60,57,4,61,1705,114,1819,459,50,509,26,,26,126,10,136,65,9,74,577,53,630,172,20,192,34,3,37,251,8,259,62,4,66,26,2,28,179,12,191,84,7,91,109,10,119,76,3,79,264,22,286,319,16,335,306,27,333,46,4,50,82,4,86,697,65,762,72,1,73,64,11,75,80,17,97,211,21,232,407,52,459,438,42,480,315,16,331,48,3,51,124,10,134,168,15,183,8,1,9,25,5,30,102,10,112,646,84,730,58,7,65,80,2,82,59,5,64,131,9,140,49536,3734,53273,16,1,17,49552,3735,53290,,,
2009-10,,,,101,9,110,48,1,49,60,2,62,13,1,14,338,19,357,59,7,66,248,21,269,609,71,680,266,18,284,88,3,91,1069,60,1129,76,13,89,58,6,64,57,4,61,98,7,105,462,43,505,216,12,228,151,11,162,36,3,39,145,10,155,89,13,102,548,57,605,311,29,340,53,4,57,2458,124,2582,32,2,34,232,22,254,596,64,660,388,23,411,30,2,32,1421,130,1551,58,4,62,2882,289,3171,241,20,261,305,15,320,281,18,299,141,9,150,485,42,527,20,3,23,276,19,295,129,5,134,102,10,112,353,32,385,2858,154,3012,162,16,178,109,6,115,945,60,1005,1094,123,1217,75,3,78,11,1,12,163,9,172,158,6,164,178,5,183,89,5,94,94,8,102,365,38,403,836,108,944,276,46,322,146,9,155,4465,166,4631,130,11,141,10,1,11,403,25,428,308,32,340,233,9,242,155,10,165,2025,171,2196,119,7,126,737,58,795,35,1,36,90,4,94,116,4,120,133,9,142,60,5,65,551,68,619,623,43,666,61,4,65,209,16,225,61,3,64,94,6,100,127,3,130,75,3,78,58,4,62,162,12,174,72,5,77,48,1,49,325,21,346,84,5,89,286,21,307,35,1,36,80,4,84,516,35,551,103,11,114,73,5,78,120,12,132,42,2,44,191,8,199,58,1,59,216,12,228,31,2,33,188,20,208,135,10,145,57,7,64,162,9,171,195,20,215,1821,113,1934,634,67,701,50,1,51,51,2,53,243,20,263,86,3,89,93,7,100,65,1,66,60,3,63,149,15,164,87,9,96,149,10,159,18,2,20,51,14,65,55,4,59,1694,110,1804,442,48,490,26,,26,118,13,131,62,9,71,576,51,627,162,20,182,33,3,36,246,6,252,62,4,66,24,2,26,183,13,196,92,5,97,115,9,124,78,2,80,279,23,302,321,16,337,311,25,336,45,4,49,86,5,91,705,63,768,70,2,72,65,11,76,78,17,95,196,21,217,409,50,459,457,45,502,322,16,338,46,3,49,120,9,129,166,19,185,8,,8,26,5,31,111,10,121,633,82,715,61,8,69,84,1,85,59,5,64,123,9,132,49551,3756,53307,19,1,20,49570,3757,53327,,,
2009-11,,,,99,9,108,46,1,47,57,3,60,14,1,15,332,20,352,61,6,67,238,24,262,600,71,671,271,17,288,93,4,97,1064,58,1122,74,13,87,53,4,57,57,5,62,92,6,98,464,46,510,206,12,218,159,8,167,35,3,38,147,11,158,102,12,114,568,67,635,313,31,344,55,5,60,2467,126,2594,30,2,32,229,26,255,603,66,669,383,24,407,29,4,33,1419,127,1546,60,3,63,2825,291,3118,247,19,266,305,14,319,290,16,306,145,8,153,484,42,526,21,3,24,290,23,313,134,6,140,115,9,124,359,30,389,2842,159,3001,159,17,176,107,7,114,965,63,1028,1152,122,1274,84,3,87,10,,10,166,9,175,157,6,163,170,5,175,93,6,99,94,8,102,367,39,406,841,103,944,273,36,309,139,9,148,4465,167,4632,122,10,132,8,1,9,396,23,419,291,31,322,223,9,232,155,8,163,2053,183,2236,128,13,141,713,64,777,35,1,36,97,5,102,111,6,117,131,7,138,63,5,68,542,65,607,628,44,672,65,3,68,213,15,228,59,3,62,86,5,91,130,2,132,76,3,79,56,4,60,172,15,187,70,6,76,46,1,47,336,23,359,84,4,88,293,20,313,32,1,33,83,5,88,535,42,577,103,10,113,70,3,73,121,12,133,44,2,46,189,8,197,63,1,64,213,14,227,32,2,34,192,20,212,131,13,144,60,5,65,158,11,169,186,22,208,1822,116,1938,657,73,730,50,1,51,48,1,49,251,22,273,90,3,93,88,6,94,67,3,70,60,3,63,146,15,161,89,9,98,147,10,157,18,2,20,49,12,61,58,4,62,1705,107,1812,454,41,495,26,,26,121,13,134,62,9,71,582,52,634,165,19,184,36,3,39,250,5,255,58,3,61,23,2,25,174,13,187,87,4,91,115,8,123,77,3,80,274,18,292,336,18,354,315,25,340,51,4,55,82,7,89,692,66,758,69,2,71,65,11,76,74,20,94,203,18,221,405,52,457,459,41,500,314,17,331,46,3,49,125,11,136,163,21,184,7,,7,27,5,32,116,11,127,639,82,721,61,8,69,90,1,91,61,4,65,128,8,136,49690,3800,53493,20,2,22,49710,3802,53515,,,
2009-12,,,,99,9,108,46,1,47,57,3,60,14,1,15,332,20,352,61,6,67,238,24,262,600,71,671,271,17,288,93,4,97,1064,58,1122,74,13,87,53,4,57,57,5,62,92,6,98,464,46,510,206,12,218,159,8,167,35,3,38,147,11,158,102,12,114,568,67,635,313,31,344,55,5,60,2467,126,2594,30,2,32,229,26,255,603,66,669,383,24,407,29,4,33,1419,127,1546,60,3,63,2825,291,3118,247,19,266,305,14,319,290,16,306,145,8,153,484,42,526,21,3,24,290,23,313,134,6,140,115,9,124,359,30,389,2842,159,3001,159,17,176,107,7,114,965,63,1028,1152,122,1274,84,3,87,10,,10,166,9,175,157,6,163,170,5,175,93,6,99,94,8,102,367,39,406,841,103,944,273,36,309,139,9,148,4465,167,4632,122,10,132,8,1,9,396,23,419,291,31,322,223,9,232,155,8,163,2053,183,2236,128,13,141,713,64,777,35,1,36,97,5,102,111,6,117,131,7,138,63,5,68,542,65,607,628,44,672,65,3,68,213,15,228,59,3,62,86,5,91,130,2,132,76,3,79,56,4,60,172,15,187,70,6,76,46,1,47,336,23,359,84,4,88,293,20,313,32,1,33,83,5,88,535,42,577,103,10,113,70,3,73,121,12,133,44,2,46,189,8,197,63,1,64,213,14,227,32,2,34,192,20,212,131,13,144,60,5,65,158,11,169,186,22,208,1822,116,1938,657,73,730,50,1,51,48,1,49,251,22,273,90,3,93,88,6,94,67,3,70,60,3,63,146,15,161,89,9,98,147,10,157,18,2,20,49,12,61,58,4,62,1705,107,1812,454,41,495,26,,26,121,13,134,62,9,71,582,52,634,165,19,184,36,3,39,250,5,255,58,3,61,23,2,25,174,13,187,87,4,91,115,8,123,77,3,80,274,18,292,336,18,354,315,25,340,51,4,55,82,7,89,692,66,758,69,2,71,65,11,76,74,20,94,203,18,221,405,52,457,459,41,500,314,17,331,46,3,49,125,11,136,163,21,184,7,,7,27,5,32,116,11,127,639,82,721,61,8,69,90,1,91,61,4,65,128,8,136,49690,3800,53493,20,2,22,49710,3802,53515,,,
2010-01,,,,103,12,115,44,1,45,51,3,54,14,1,15,330,21,351,58,5,63,247,21,268,614,79,693,261,17,278,90,3,93,1035,57,1092,80,12,92,54,4,58,57,4,61,91,6,97,471,45,516,202,11,213,157,7,164,32,4,36,146,12,158,96,11,107,568,67,635,304,30,334,57,5,62,2441,122,2563,27,2,29,237,26,263,600,64,664,382,27,409,33,4,37,1569,129,1698,58,3,61,2796,283,3079,243,20,263,294,15,309,289,16,305,140,7,147,472,38,510,21,3,24,284,26,310,128,5,133,114,11,125,351,27,378,2858,165,3023,152,14,166,101,7,108,958,57,1015,1138,125,1263,87,3,90,9,1,10,162,11,173,155,5,160,171,6,177,94,5,99,98,8,106,365,39,404,822,95,917,280,38,318,143,11,154,4506,173,4679,127,10,137,9,1,10,405,22,427,305,30,335,220,9,229,160,9,169,2061,178,2239,122,10,132,721,60,781,35,1,36,97,4,101,113,7,120,116,5,121,67,3,70,549,62,611,608,39,647,68,2,70,202,18,220,55,2,57,85,6,91,125,2,127,73,3,76,54,4,58,160,16,176,79,6,85,47,1,48,347,22,369,83,4,87,284,21,305,30,1,31,82,5,87,545,42,587,92,10,102,69,3,72,116,12,128,41,2,43,178,7,185,62,1,63,215,12,227,33,2,35,199,20,219,140,15,155,57,7,64,149,11,160,184,23,207,1771,113,1884,652,70,722,52,1,53,51,1,52,246,23,269,89,3,92,88,8,96,67,3,70,57,3,60,145,14,159,86,10,96,149,9,158,17,2,19,56,11,67,57,4,61,1672,108,1781,447,43,490,25,,25,118,11,129,60,9,69,596,50,646,187,19,206,36,3,39,252,7,259,58,3,61,24,2,26,182,16,198,89,3,92,113,8,121,80,2,82,277,16,293,337,18,355,307,27,334,50,5,55,84,5,89,671,68,739,70,2,72,64,9,73,78,19,97,206,18,224,399,48,447,458,41,499,317,19,336,47,3,50,121,10,131,165,21,186,5,,5,27,5,32,114,13,127,616,83,699,56,9,65,89,1,90,58,3,61,120,7,127,49567,3768,53336,25,3,28,49592,3771,53364,,,
2010-02,,,,100,12,112,44,1,45,52,2,54,12,1,13,319,18,337,56,6,62,262,20,282,608,75,683,265,17,282,91,4,95,1020,53,1073,75,12,87,54,2,56,58,5,63,89,9,98,478,44,522,196,9,205,163,6,169,32,4,36,153,12,165,93,12,105,581,67,648,303,27,330,58,5,63,2442,125,2567,28,2,30,242,24,266,605,67,672,396,28,424,32,4,36,1580,129,1709,62,4,66,2804,282,3086,261,20,281,293,15,308,287,18,305,135,6,141,487,38,525,23,3,26,287,25,312,134,4,138,109,11,120,353,27,380,2959,154,3113,149,14,163,102,8,110,961,58,1019,1121,114,1236,83,3,86,9,,9,164,11,175,159,4,163,182,6,188,92,5,97,96,8,104,365,40,405,799,94,893,288,39,327,135,10,145,4622,186,4808,128,10,138,8,1,9,404,22,426,305,31,336,218,10,228,149,8,157,2080,180,2260,126,10,136,727,61,788,34,1,35,98,5,103,116,7,123,116,5,121,69,3,72,541,63,604,611,43,654,65,2,67,204,16,220,54,2,56,81,6,87,128,2,130,72,3,75,54,4,58,155,15,170,76,5,81,43,1,44,341,22,363,76,4,80,287,23,310,35,1,36,87,6,93,545,42,587,97,10,107,70,2,72,124,12,136,43,2,45,173,7,180,65,1,66,218,12,230,33,2,35,198,19,217,133,15,148,56,6,62,153,11,164,182,20,202,1779,108,1887,652,59,711,49,1,50,51,1,52,252,22,274,89,3,92,84,8,92,64,3,67,61,3,64,143,14,157,89,8,97,148,9,157,17,2,19,56,10,66,56,4,60,1702,103,1805,457,47,504,27,1,28,123,11,134,59,9,68,601,52,653,187,18,205,35,3,38,244,7,251,57,3,60,22,2,24,179,15,194,89,3,92,118,8,126,80,2,82,267,15,282,345,18,363,302,25,327,48,5,53,78,6,84,679,67,746,70,2,72,64,9,73,79,19,98,213,19,232,401,50,451,469,40,509,312,17,329,46,3,49,128,10,138,171,21,192,5,,5,28,5,33,113,11,124,628,82,710,61,9,70,85,1,86,59,3,62,118,7,125,49925,3725,53651,29,3,32,49954,3728,53683,,,
2010-03,,,,98,9,107,44,1,45,53,2,55,12,1,13,306,19,325,56,4,60,265,18,283,609,70,679,259,17,276,86,3,89,1021,47,1068,75,11,86,57,3,60,58,5,63,85,6,91,488,42,530,198,8,206,166,7,173,35,4,39,151,12,163,92,13,105,601,64,665,303,26,329,55,4,59,2423,120,2543,27,2,29,244,27,271,607,64,671,380,26,406,33,4,37,1563,122,1685,59,3,62,2775,282,3057,261,19,280,299,14,313,278,17,295,136,6,142,496,39,535,23,3,26,292,24,316,128,4,132,112,11,123,363,28,391,2967,155,3122,148,14,162,98,8,106,956,56,1012,1129,120,1249,83,3,86,10,,10,164,11,175,157,3,160,175,8,183,93,5,98,100,9,109,337,39,376,798,90,888,293,37,330,134,10,144,4610,177,4787,134,11,145,6,1,7,413,20,433,313,31,344,210,11,221,152,8,160,2069,169,2238,123,10,133,699,61,760,32,1,33,99,4,103,110,9,119,114,4,118,64,2,66,533,62,595,612,41,653,62,2,64,204,15,219,53,1,54,79,7,86,124,2,126,71,3,74,52,4,56,154,16,170,71,5,76,41,1,42,328,24,352,74,4,78,274,23,297,30,1,31,89,6,95,544,41,585,93,12,105,67,2,69,120,13,133,42,2,44,175,7,182,62,1,63,220,10,230,30,2,32,192,19,211,134,14,148,61,7,68,150,11,161,181,19,200,1757,96,1853,627,62,689,56,1,57,53,1,54,252,22,274,86,3,89,86,7,93,64,3,67,59,3,62,143,15,158,86,10,96,148,9,157,18,2,20,55,11,66,61,4,65,1702,115,1817,457,42,499,27,1,28,120,8,128,58,9,67,586,52,638,183,18,201,31,3,34,241,8,249,54,3,57,21,2,23,183,16,199,86,2,88,119,8,127,75,2,77,267,16,283,323,18,341,302,25,327,45,5,50,75,5,80,669,65,734,74,2,76,67,7,74,80,17,97,210,18,228,408,52,460,452,44,496,312,16,328,44,3,47,123,11,134,168,22,190,3,,3,29,4,33,120,13,133,617,80,697,62,9,71,83,2,85,56,3,59,119,7,126,49586,3657,53243,32,4,36,49618,3661,53279,,,
2010-04,,,,95,9,104,45,2,47,51,2,53,11,1,12,293,23,316,56,5,61,272,20,292,609,76,685,257,16,273,87,3,90,1016,48,1064,70,11,81,55,3,58,60,4,64,88,6,94,484,37,521,197,9,206,166,7,173,35,4,39,150,14,164,90,12,102,587,65,652,300,28,328,54,4,58,2454,116,2570,28,3,31,249,26,275,598,57,655,396,26,422,32,4,36,1541,118,1659,57,3,60,2695,284,2979,261,19,280,294,15,309,278,17,295,137,6,143,481,38,519,22,2,24,279,24,303,123,4,127,111,11,122,360,30,390,2936,152,3088,146,14,160,95,8,103,944,58,1002,1133,118,1251,86,3,89,8,1,9,168,10,178,152,5,157,171,6,177,90,6,96,96,8,104,331,32,363,769,82,851,294,35,329,138,10,148,4568,180,4748,138,10,148,7,1,8,409,20,429,312,32,344,218,9,227,150,8,158,2056,172,2228,125,7,132,694,64,758,30,1,31,94,5,99,110,9,119,108,4,112,63,,63,521,55,576,593,40,633,62,1,63,198,16,214,55,1,56,75,8,83,112,2,114,72,3,75,51,4,55,155,17,172,66,5,71,41,,41,325,22,347,69,4,73,270,22,292,29,1,30,88,6,94,534,44,578,89,12,101,61,2,63,115,12,127,38,3,41,170,8,178,65,1,66,218,9,227,30,2,32,192,19,211,135,18,153,63,5,68,148,11,159,172,20,192,1715,98,1813,630,58,688,56,1,57,50,1,51,257,22,279,86,3,89,81,5,86,60,2,62,59,4,63,140,15,155,88,7,95,147,8,155,19,2,21,53,9,62,61,4,65,1695,111,1806,451,44,495,29,1,30,124,9,133,58,9,67,588,56,644,180,18,198,30,3,33,236,8,244,52,3,55,20,2,22,181,16,197,88,2,90,127,8,135,75,2,77,261,17,278,327,18,345,309,28,337,43,4,47,74,6,80,661,65,726,73,3,76,68,7,75,81,16,97,212,19,231,391,51,442,449,46,495,316,17,333,44,3,47,117,12,129,164,20,184,4,,4,25,4,29,118,11,129,609,78,687,61,9,70,80,2,82,55,3,58,120,7,127,49073,3632,52705,86,22,108,49159,3654,52813,,,
2010-05,,,,100,8,108,45,2,47,48,2,50,10,1,11,297,23,320,56,5,61,270,21,291,601,77,678,255,14,269,84,3,87,1038,49,1087,81,7,88,56,3,59,57,3,60,96,5,101,484,41,525,196,10,206,169,7,176,36,4,40,155,14,169,88,14,102,598,71,669,295,30,325,56,4,60,2442,125,2567,23,3,26,248,25,273,617,61,678,406,26,432,29,4,33,1540,121,1661,59,3,62,2672,277,2949,254,20,274,281,13,294,275,16,291,132,5,137,488,43,531,23,1,24,280,23,303,125,3,128,108,11,119,350,28,378,2932,161,3093,141,16,157,99,7,106,930,56,986,1177,124,1301,87,4,91,6,1,7,168,10,178,161,5,166,171,5,176,94,4,98,100,8,108,338,38,376,783,82,865,286,32,318,138,9,147,4555,172,4727,133,10,143,5,1,6,402,18,420,305,33,338,221,10,231,155,9,164,2041,178,2219,127,7,134,702,65,767,33,1,34,100,4,104,110,9,119,119,4,123,57,,57,529,59,588,606,42,648,64,1,65,199,13,212,58,1,59,73,10,83,119,3,122,73,3,76,50,4,54,157,19,176,66,5,71,42,,42,318,22,340,73,4,77,271,21,292,29,1,30,86,7,93,532,45,577,92,11,103,60,2,62,117,11,128,39,4,43,176,8,184,63,1,64,223,9,232,28,2,30,192,18,210,132,18,150,62,6,68,146,11,157,168,14,182,1691,94,1785,622,52,674,52,1,53,51,1,52,238,20,258,88,3,91,77,5,82,60,2,62,53,4,57,145,17,162,91,9,100,146,8,154,18,2,20,56,11,67,61,4,65,1677,116,1793,452,39,491,27,1,28,119,9,128,56,9,65,593,58,651,174,21,195,27,1,28,231,10,241,57,2,59,20,2,22,183,17,200,84,3,87,122,9,131,80,2,82,261,20,281,327,17,344,311,28,339,48,4,52,74,7,81,647,74,721,74,3,77,69,6,75,80,15,95,207,21,228,394,49,443,440,46,486,312,18,330,42,3,45,120,12,132,175,19,194,6,,6,28,4,32,115,10,125,610,87,697,63,8,71,82,2,84,52,3,55,116,7,123,49046,3679,52725,37,6,43,49083,3685,52768,,,
2010-06,,,,100,7,107,42,2,44,46,2,48,12,1,13,295,25,320,51,7,58,260,21,281,589,75,664,262,15,277,83,4,87,1012,54,1066,77,7,84,56,3,59,57,3,60,84,4,88,471,38,509,195,9,204,169,6,175,36,4,40,152,14,166,94,12,106,599,68,667,293,29,322,55,4,59,2434,126,2560,24,1,25,244,22,266,596,63,659,412,27,439,30,5,35,1501,129,1630,59,3,62,2654,285,2939,248,22,270,284,14,298,276,17,293,132,6,138,474,45,519,24,1,25,272,22,294,123,3,126,111,11,122,345,29,374,2883,158,3041,144,13,157,103,7,110,950,57,1007,1149,136,1285,85,4,89,5,1,6,166,10,176,156,6,162,167,8,175,91,5,96,97,8,105,326,37,363,755,88,843,286,34,320,131,9,140,4556,181,4737,129,11,140,5,1,6,394,20,414,293,33,326,216,12,228,149,10,159,2023,165,2188,122,9,131,685,70,755,32,1,33,95,5,100,110,6,116,114,5,119,63,,63,521,63,584,593,39,632,73,1,74,196,12,208,56,1,57,76,10,86,120,3,123,72,3,75,50,5,55,159,20,179,74,6,80,39,,39,316,22,338,69,3,72,267,21,288,27,1,28,84,6,90,539,41,580,91,12,103,64,2,66,115,12,127,37,5,42,173,11,184,63,1,64,233,9,242,28,2,30,193,16,209,137,17,154,58,5,63,152,12,164,173,14,187,1664,89,1753,617,54,671,49,2,51,49,1,50,247,18,265,85,3,88,72,6,78,66,2,68,52,3,55,141,17,158,88,7,95,141,5,146,19,2,21,53,11,64,60,3,63,1689,115,1804,441,41,482,26,1,27,126,9,135,55,9,64,585,55,640,184,20,204,31,1,32,221,9,230,58,2,60,21,2,23,181,17,198,87,4,91,121,11,132,77,2,79,250,18,268,318,18,336,306,28,334,47,5,52,72,5,77,645,75,720,73,3,76,65,4,69,76,18,94,193,19,212,400,46,446,450,50,500,305,20,325,40,4,44,120,12,132,165,19,184,6,,6,29,5,34,123,10,133,580,85,665,59,7,66,74,2,76,50,3,53,114,8,122,48527,3715,52242,43,6,49,48570,3721,52291,,,
2010-07,,,,102,7,109,41,2,43,48,2,50,11,1,12,293,25,318,53,7,60,260,19,279,581,73,654,262,13,275,80,5,85,1005,52,1057,77,7,84,56,2,58,58,3,61,87,4,91,477,41,518,196,10,206,161,6,167,35,4,39,157,14,171,90,14,104,588,68,656,293,29,322,56,4,60,2455,121,2576,24,1,25,250,25,275,609,68,677,411,28,439,32,5,37,1477,128,1605,59,3,62,2724,308,3032,264,19,283,274,15,289,277,16,293,128,7,135,474,43,517,22,1,23,280,21,301,119,3,122,109,9,118,335,31,366,2859,166,3025,139,11,150,96,7,103,954,56,1010,1168,139,1308,84,4,88,6,1,7,159,10,169,149,6,155,175,6,181,95,6,101,98,8,106,336,33,369,744,89,833,286,28,314,130,11,141,4638,178,4816,122,11,133,7,1,8,385,20,405,310,37,347,212,9,221,148,10,158,2052,167,2219,120,9,129,691,66,757,31,1,32,98,4,102,107,6,113,110,6,116,64,,64,527,63,590,592,37,629,73,1,74,195,12,207,56,1,57,76,10,86,111,3,114,68,3,71,52,5,57,156,21,177,69,6,75,38,,38,312,24,336,72,3,75,277,20,297,28,1,29,80,6,86,521,42,563,93,11,104,64,2,66,117,12,129,36,5,41,178,9,187,63,1,64,236,8,244,27,2,29,190,18,208,142,18,160,60,4,64,150,12,162,177,14,191,1647,89,1736,600,53,653,49,3,52,47,1,48,245,22,267,83,3,86,74,6,80,65,3,68,51,3,54,142,14,156,89,8,97,141,6,147,19,2,21,56,11,67,60,4,64,1683,115,1798,440,43,483,25,1,26,125,8,133,52,9,61,595,55,650,191,20,211,30,1,31,224,10,234,59,2,61,21,2,23,174,16,190,88,5,93,124,10,134,75,2,77,243,20,263,314,18,332,314,24,338,48,5,53,72,5,77,647,70,717,77,4,81,61,4,65,85,14,99,192,21,213,406,45,451,434,49,483,303,20,323,41,4,45,124,16,140,161,18,179,7,,7,30,5,35,115,12,127,581,88,669,58,7,65,77,2,79,47,4,51,112,5,117,48622,3731,52354,43,5,48,48665,3736,52402,,,
2010-08,,,,100,7,107,39,3,42,48,2,50,11,1,12,299,25,324,58,6,64,255,20,275,573,73,646,250,14,264,86,5,91,1021,53,1074,77,7,84,53,3,56,56,3,59,87,6,93,471,40,511,198,9,207,171,5,176,40,4,44,155,14,169,93,13,106,591,70,661,302,28,330,57,4,61,2443,118,2561,26,1,27,251,26,277,607,71,678,407,31,438,31,4,35,1489,125,1614,60,4,64,2756,301,3057,262,18,280,279,14,293,288,16,304,127,7,134,476,45,521,20,1,21,287,22,309,118,3,121,118,11,129,345,30,375,2926,167,3093,141,14,155,96,6,102,954,56,1010,1171,145,1316,85,4,89,5,1,6,159,13,172,143,7,150,173,7,180,96,5,101,103,8,111,336,29,365,763,97,860,283,30,313,124,11,135,4651,181,4832,125,13,138,7,1,8,399,20,420,308,36,344,212,8,220,145,9,154,2047,174,2221,121,10,131,696,62,758,34,1,35,101,6,107,113,6,119,99,7,106,66,,66,528,66,594,591,36,627,69,1,70,192,14,206,57,,57,71,12,83,119,3,122,69,3,72,52,5,57,162,22,184,68,4,72,41,,41,303,23,326,74,4,78,274,21,295,28,1,29,80,4,84,523,41,564,95,10,105,66,2,68,116,12,128,37,5,42,172,9,181,64,1,65,235,8,243,26,1,27,194,17,211,141,20,161,57,5,62,154,12,166,176,17,193,1636,91,1727,624,52,676,54,3,57,47,1,48,240,20,260,83,3,86,75,8,83,61,3,64,56,3,59,149,13,162,90,7,97,138,7,145,19,2,21,55,11,66,59,4,63,1686,117,1803,467,45,512,24,1,25,127,9,136,52,10,62,599,56,655,196,22,218,30,1,31,222,10,232,57,2,59,21,2,23,181,16,197,91,5,96,111,12,123,75,2,77,252,20,272,310,18,328,312,23,335,50,7,57,71,4,75,645,70,715,74,4,78,62,4,66,84,16,100,185,23,208,403,43,446,427,51,478,302,19,321,43,4,47,126,16,142,161,18,179,7,,7,31,4,35,110,12,122,574,90,664,57,8,65,74,1,75,47,5,52,112,6,118,48841,3780,52622,44,4,48,48885,3784,52670,,,
2010-09,,,,102,7,109,38,3,41,50,1,51,14,,14,291,21,312,55,6,61,259,19,278,560,73,633,251,13,264,78,5,83,1011,53,1064,74,6,80,56,3,59,54,2,56,93,3,96,481,41,522,197,10,207,162,5,167,45,4,49,161,13,174,91,14,105,585,71,656,299,30,329,60,5,65,2426,115,2541,25,,25,245,28,273,621,61,682,430,31,461,33,3,36,1524,112,1636,67,4,71,2675,288,2963,251,17,268,290,13,303,285,18,303,129,7,136,485,40,525,20,1,21,289,21,311,127,3,130,116,12,128,334,29,363,2953,174,3127,150,13,163,90,4,94,965,52,1017,1146,140,1286,81,4,85,6,1,7,155,12,167,142,6,148,166,6,172,99,5,104,103,8,111,332,29,361,769,95,864,289,32,321,122,12,134,4629,173,4802,123,14,137,8,1,9,410,20,431,308,33,341,204,9,213,144,8,152,2050,159,2209,122,9,131,698,58,756,34,1,35,101,4,105,110,5,115,103,7,110,66,,66,556,66,622,613,31,644,66,1,67,192,13,205,61,,61,69,11,80,121,3,124,64,3,67,53,5,58,163,23,186,78,4,82,43,,43,315,22,337,72,3,75,271,19,290,26,1,27,81,5,86,531,40,571,95,10,105,64,2,66,114,12,126,42,4,46,175,8,183,65,1,66,240,9,249,27,1,28,202,16,218,141,18,159,61,4,65,164,11,175,182,15,197,1619,82,1701,630,52,682,54,2,56,48,1,49,240,18,258,82,3,85,79,9,88,61,5,66,53,3,56,142,12,154,89,5,94,141,6,147,19,2,21,52,10,62,60,3,63,1695,110,1805,479,47,526,24,1,25,135,9,144,55,11,66,591,54,645,202,19,221,27,1,28,222,11,233,60,2,62,20,2,22,179,16,195,92,5,97,113,11,124,72,2,74,253,18,271,312,15,327,317,24,341,45,7,52,67,5,72,667,65,732,76,5,81,62,4,66,86,14,100,176,21,197,422,42,464,433,46,479,317,17,334,43,3,46,136,17,153,160,18,178,9,,9,25,6,31,111,11,122,587,87,674,56,7,63,79,1,80,49,5,54,112,6,118,48999,3624,52625,38,3,41,49037,3627,52666,,,
2010-10,,,,100,7,107,38,4,42,46,1,47,13,,13,276,24,300,61,4,65,249,19,268,554,74,628,246,16,262,78,4,82,1006,52,1058,70,4,74,54,4,58,52,3,55,93,3,96,472,44,516,202,7,209,160,5,165,43,3,46,154,11,165,89,13,102,613,72,685,292,28,320,57,6,63,2408,113,2521,25,1,26,241,25,266,630,65,695,439,32,471,29,3,32,1507,112,1619,65,4,69,2623,294,2917,249,18,267,289,14,303,274,21,295,128,6,134,486,44,530,20,1,21,285,22,307,129,5,134,104,12,116,334,31,365,2928,170,3098,147,12,159,91,4,95,946,54,1000,1169,141,1310,84,4,88,5,,5,150,14,164,136,6,142,178,6,184,104,6,110,103,7,110,340,28,368,753,90,843,279,41,320,116,12,128,4619,182,4801,132,15,147,7,1,8,413,18,431,324,34,358,210,11,221,156,9,165,2110,168,2278,120,9,129,713,70,783,36,1,37,95,6,101,111,5,116,96,6,102,69,2,71,559,66,625,609,31,640,69,1,70,186,14,200,61,,61,68,10,78,117,5,122,59,3,62,54,6,60,166,23,189,77,6,83,43,,43,309,18,327,71,3,74,283,22,305,25,1,26,76,5,81,536,40,576,97,12,109,63,2,65,108,11,119,42,4,46,176,9,185,66,1,67,241,10,251,30,1,31,198,15,213,152,21,173,61,6,67,160,11,171,172,14,186,1615,82,1697,617,50,667,55,2,57,45,1,46,245,18,263,85,3,88,72,13,85,59,5,64,60,5,65,145,9,154,90,4,94,141,6,147,18,2,20,47,8,55,63,3,66,1698,112,1810,483,49,532,23,1,24,126,9,135,55,11,66,595,63,658,191,17,208,27,2,29,209,11,220,61,2,63,23,3,26,184,15,199,92,8,100,102,8,110,76,2,78,248,16,264,300,14,314,320,27,347,47,11,58,70,4,74,668,66,734,72,5,77,65,4,69,85,14,99,187,22,209,408,39,447,426,46,472,313,15,328,43,3,46,139,14,153,153,18,171,9,,9,30,5,35,108,9,117,567,84,651,60,8,68,72,2,74,49,5,54,114,6,120,48812,3695,52507,303,68,371,49115,3763,52878,,,
2010-11,,,,96,8,104,40,4,44,49,1,50,11,,11,269,22,291,65,4,69,262,20,282,561,74,635,249,17,266,74,3,77,994,54,1048,76,3,79,56,4,60,51,3,54,90,4,94,478,42,520,203,8,211,156,5,161,39,2,41,156,11,167,90,14,104,609,71,680,292,29,321,53,6,59,2411,111,2522,25,1,26,239,26,265,626,57,683,438,31,469,31,3,34,1494,117,1611,66,4,70,2593,286,2879,249,15,264,284,14,298,283,20,303,124,7,131,484,44,528,20,1,21,288,23,311,131,5,136,108,13,121,328,30,358,2930,166,3096,146,12,158,89,4,93,945,53,998,1163,133,1296,84,4,88,6,,6,157,13,170,134,7,141,174,6,180,101,5,106,112,5,117,344,32,376,755,90,845,278,42,320,111,11,122,4622,177,4799,126,13,139,8,1,9,408,20,428,321,34,355,200,12,212,155,10,165,2059,175,2234,118,6,124,694,66,760,34,1,35,91,7,98,116,7,123,99,6,105,72,2,74,558,66,624,602,29,631,71,1,72,189,13,202,60,,60,71,10,81,119,5,124,59,3,62,54,6,60,163,22,185,78,6,84,39,,39,307,17,324,68,3,71,278,21,299,26,1,27,71,6,77,543,38,581,103,12,115,61,2,63,105,11,116,42,4,46,180,9,189,64,1,65,236,10,246,31,1,32,197,14,211,150,20,170,59,3,62,162,11,173,169,15,184,1607,82,1689,611,51,662,54,2,56,44,1,45,243,16,259,89,3,92,70,15,85,62,5,67,59,4,63,145,9,154,86,4,90,143,6,149,19,2,21,48,8,56,63,3,66,1683,111,1794,479,47,526,21,1,22,131,9,140,56,11,67,597,65,662,191,17,208,29,2,31,217,11,228,61,2,63,24,3,27,182,14,196,94,8,102,109,8,117,76,2,78,250,16,266,296,14,310,315,26,341,46,10,56,67,5,72,649,67,716,68,5,73,65,4,69,85,15,100,182,20,202,415,38,453,423,46,469,312,15,327,40,3,43,137,14,151,151,18,169,7,,7,28,6,34,102,9,111,574,83,657,59,8,67,72,2,74,46,5,51,114,6,120,48604,3654,52258,345,71,416,48949,3725,52674,,,
2010-12,,,,97,8,105,42,4,46,45,1,46,13,,13,280,21,301,63,5,68,264,18,282,552,74,626,249,16,265,74,5,79,999,56,1055,77,4,81,57,3,60,54,2,56,84,3,87,479,43,522,212,7,219,157,5,162,36,2,38,163,11,174,89,12,101,606,73,679,301,25,326,56,5,61,2509,113,2622,26,1,27,245,28,273,620,60,680,442,33,475,29,3,32,1483,118,1601,63,4,67,2638,280,2918,250,14,264,283,14,297,284,22,306,133,7,140,504,49,553,19,1,20,287,23,310,138,6,144,119,17,136,325,33,358,2957,165,3122,144,11,155,91,5,96,967,56,1023,1222,141,1363,87,4,91,6,,6,155,12,167,130,9,139,173,8,181,104,4,108,108,5,113,361,30,391,783,91,874,281,45,326,112,10,122,4671,180,4851,134,14,148,8,1,9,407,25,432,324,37,361,195,10,205,155,10,165,2129,175,2304,118,9,127,703,66,769,33,1,34,101,4,105,119,6,125,101,6,107,69,1,70,568,75,643,603,32,635,72,1,73,191,16,207,56,,56,66,11,77,117,5,122,59,3,62,55,6,61,165,23,188,77,5,82,42,1,43,326,21,347,70,4,74,284,24,308,28,,28,73,4,77,537,36,573,93,13,106,70,2,72,113,12,125,47,4,51,186,9,195,67,,67,232,9,241,29,1,30,196,15,211,152,20,172,60,4,64,165,12,177,169,13,182,1597,84,1681,631,56,687,50,2,52,50,1,51,250,17,267,87,3,90,69,14,83,61,5,66,62,4,66,142,12,154,84,4,88,151,8,159,19,2,21,49,8,57,64,3,67,1707,112,1819,472,50,522,22,1,23,129,8,137,55,11,66,582,66,648,188,17,205,28,2,30,220,12,232,55,2,57,25,3,28,186,16,202,90,9,99,107,12,119,74,2,76,252,16,268,299,14,313,324,26,350,51,10,61,66,4,70,651,59,710,71,4,75,60,4,64,82,15,97,178,21,199,421,39,460,421,48,469,301,19,320,42,3,45,137,16,153,152,18,170,6,,6,29,6,35,111,11,122,585,85,670,50,7,57,72,2,74,48,4,52,113,8,121,49190,3736,52926,132,33,165,49322,3769,53091,,,
2011-01,,,,96,8,104,41,4,45,44,1,45,11,,11,272,23,295,62,5,67,257,16,273,553,70,623,243,16,259,72,5,77,998,54,1052,77,4,81,58,3,61,55,2,57,95,4,99,478,42,520,213,7,220,154,6,160,37,2,39,164,11,175,95,12,107,600,71,671,315,27,342,62,5,67,2466,106,2572,24,1,25,239,30,269,608,58,666,445,33,478,28,3,31,1473,120,1593,66,4,70,2633,267,2900,246,16,262,289,12,301,284,21,305,127,5,132,495,49,544,18,1,19,288,21,309,143,7,150,120,15,135,320,32,352,2906,170,3076,143,11,154,90,4,94,966,56,1022,1208,137,1345,86,4,90,6,,6,142,13,155,132,8,140,171,8,179,101,4,105,109,6,115,363,31,394,770,87,857,291,45,336,109,10,119,4650,181,4831,139,13,152,7,1,8,399,23,422,325,37,362,206,10,216,154,10,164,2147,172,2319,117,9,126,703,65,768,34,1,35,99,5,104,120,7,127,108,6,114,68,2,70,582,72,654,611,32,643,79,1,80,192,15,207,62,,62,68,11,79,116,5,121,55,3,58,53,6,59,171,22,193,77,5,82,41,1,42,320,19,339,71,3,74,287,23,310,27,,27,74,5,79,526,34,560,92,12,104,71,2,73,109,12,121,48,4,52,182,9,191,65,,65,235,8,243,29,1,30,193,14,207,155,18,173,58,3,61,166,12,178,177,14,191,1575,80,1655,646,58,704,50,2,52,48,1,49,251,19,270,87,3,90,82,14,96,60,3,63,60,4,64,143,14,157,84,3,87,154,8,162,19,2,21,46,10,56,63,3,66,1693,109,1802,469,47,516,21,1,22,130,8,138,53,10,63,569,66,635,191,17,208,26,2,28,219,11,230,57,2,59,25,3,28,183,15,198,92,9,101,112,12,124,74,2,76,253,15,268,297,14,311,321,27,348,54,12,66,70,4,74,637,60,697,74,5,79,58,4,62,84,14,98,175,21,196,423,39,462,426,49,475,299,22,321,41,3,44,134,14,148,151,17,168,8,,8,30,6,36,107,9,116,569,84,653,52,7,59,78,2,80,46,3,49,113,7,120,49007,3677,52684,148,36,184,49155,3713,52868,,,
2011-02,,,,99,6,105,43,3,46,48,1,49,13,,13,266,21,287,63,4,67,261,19,280,555,66,621,237,16,254,76,4,80,991,56,1047,74,4,78,52,3,55,56,2,58,97,4,101,482,43,525,206,8,214,151,6,157,36,2,38,160,10,170,93,13,106,603,70,673,314,28,342,62,5,67,2430,108,2538,24,1,25,237,31,268,618,54,672,460,35,495,26,3,29,1446,124,1570,64,4,68,2585,257,2843,257,16,273,284,12,296,299,23,322,126,7,133,513,46,559,19,1,20,288,21,309,138,7,145,116,12,128,325,29,354,2859,165,3025,141,11,152,88,4,92,965,54,1020,1216,143,1359,89,5,94,7,,7,145,12,157,125,9,134,170,8,178,103,4,107,109,6,115,364,32,396,767,85,852,295,45,340,113,11,124,4691,186,4877,132,13,145,7,1,8,407,27,434,319,36,355,195,12,207,151,10,161,2158,182,2342,120,9,129,694,63,757,32,1,33,97,5,102,120,6,126,111,6,117,66,3,69,569,73,642,602,34,636,76,1,77,199,16,215,61,,61,66,11,77,119,6,125,55,3,58,54,5,59,168,23,191,82,6,88,48,1,49,308,19,327,63,3,66,297,22,319,26,,26,69,4,73,528,34,562,99,12,111,72,2,74,112,11,123,46,3,49,186,10,196,61,,61,234,7,241,30,1,31,194,16,210,144,18,162,59,3,62,165,12,177,177,15,192,1536,81,1617,622,54,676,54,3,57,50,,50,262,19,281,86,3,89,82,13,95,61,3,64,55,4,59,151,14,165,81,3,84,153,8,161,19,2,21,47,9,56,69,3,72,1713,108,1821,466,48,514,21,1,22,123,8,131,54,9,63,562,64,626,190,15,205,28,2,30,215,12,227,61,2,63,25,4,29,186,14,200,89,8,97,108,14,122,73,2,75,252,16,268,292,13,305,326,30,356,53,11,64,67,4,71,653,61,714,74,5,79,59,4,63,82,14,96,182,20,202,422,39,461,418,46,464,298,23,321,39,3,42,145,15,160,151,16,167,6,,6,34,5,39,104,9,113,582,82,664,54,7,61,76,3,79,45,3,48,110,7,117,48884,3676,52566,295,64,359,49179,3740,52925,,,
2011-03,,,,97,5,102,44,3,47,47,1,48,15,,15,262,17,279,61,4,65,250,19,269,563,61,624,224,15,239,76,4,80,1017,54,1071,77,4,81,56,3,59,54,3,57,96,4,100,466,40,506,202,7,209,152,7,159,33,2,35,168,9,177,92,11,103,594,67,661,309,24,333,56,5,61,2388,111,2499,23,1,24,249,29,278,610,56,666,461,32,493,26,3,29,1397,111,1508,65,4,69,2540,249,2789,253,15,268,266,10,276,287,25,312,123,7,130,499,41,540,19,1,20,275,18,293,133,7,140,114,11,125,310,22,332,2800,161,2961,147,10,157,85,4,89,924,48,972,1185,135,1320,80,5,85,8,,8,138,13,151,131,9,140,171,9,180,102,4,106,105,5,110,358,30,388,744,77,821,279,45,324,109,12,121,4622,173,4795,122,15,137,7,1,8,401,25,426,306,33,339,209,11,220,149,10,159,2169,180,2349,119,9,128,665,61,726,33,1,34,95,5,100,119,6,125,111,4,115,69,4,73,556,67,623,602,32,634,73,1,74,182,13,195,60,,60,61,10,71,122,6,128,52,3,55,54,6,60,166,24,190,72,3,75,48,1,49,290,18,308,61,3,64,285,22,307,24,,24,73,2,75,528,29,557,97,11,108,68,2,70,103,8,111,44,2,46,181,8,189,57,,57,235,7,242,31,1,32,196,17,213,148,18,166,56,3,59,165,11,176,177,14,191,1511,80,1591,614,51,665,53,3,56,48,,48,258,19,277,83,3,86,82,13,95,58,4,62,52,4,56,146,13,159,83,4,87,148,8,156,19,2,21,44,7,51,71,3,74,1684,100,1784,455,44,499,18,1,19,124,7,131,53,9,62,551,60,611,184,15,199,27,2,29,215,9,224,58,2,60,24,3,27,187,14,201,90,8,98,101,14,115,76,1,77,244,15,259,281,12,293,320,27,347,53,11,64,66,3,69,632,59,691,72,4,76,62,4,66,78,12,90,171,16,187,415,35,450,444,45,489,286,21,307,38,2,40,144,15,159,143,15,158,7,,7,31,5,36,105,9,114,590,74,664,51,7,58,72,3,75,42,2,44,109,8,117,48051,3476,51527,997,115,1112,49048,3591,52639,,,
2011-04,,,,96,4,100,42,3,45,51,1,52,11,,11,260,17,277,61,3,64,247,16,263,573,61,634,224,13,237,76,3,79,1040,55,1095,74,4,78,58,3,61,63,3,66,93,4,97,471,39,510,210,6,216,145,6,151,33,2,35,172,9,181,92,10,102,599,67,666,318,30,348,57,5,62,2430,105,2535,26,1,27,260,32,292,597,52,649,474,31,505,27,3,30,1432,110,1542,62,4,66,2534,253,2787,255,15,270,265,9,274,291,24,315,121,7,128,504,40,544,18,1,19,263,20,283,137,7,144,119,11,130,294,22,316,2804,160,2964,140,10,150,82,4,86,918,48,966,1190,128,1318,88,5,93,11,,11,148,13,161,126,6,132,171,9,180,101,4,105,104,5,109,360,35,395,724,71,795,288,45,333,115,13,128,4728,184,4912,124,14,138,6,1,7,391,25,416,298,32,330,203,13,216,155,10,165,2199,188,2387,111,11,122,668,59,727,33,1,34,92,6,98,123,6,129,114,4,118,68,4,72,555,71,626,620,35,655,75,1,76,195,14,209,62,,62,61,11,72,122,5,127,53,3,56,52,5,57,178,25,203,72,4,76,45,1,46,283,18,301,63,3,66,296,21,317,25,,25,73,3,76,510,28,538,99,10,109,71,2,73,108,8,116,44,1,45,184,9,193,62,,62,233,6,239,28,1,29,200,15,215,154,19,173,53,3,56,162,10,172,173,16,189,1522,78,1600,618,47,665,51,3,54,50,1,51,254,20,274,82,2,84,92,14,106,62,5,67,52,4,56,153,13,166,80,4,84,149,8,157,19,2,21,44,5,49,71,3,74,1731,104,1835,454,40,494,19,1,20,120,3,123,53,10,63,536,57,593,184,14,198,26,2,28,208,10,218,62,2,64,23,3,26,189,13,202,89,8,97,99,14,113,74,2,76,249,13,262,282,14,296,343,25,368,50,10,60,62,3,65,640,52,692,69,4,73,59,4,63,76,12,88,174,14,188,418,33,451,431,44,475,279,21,300,38,2,40,143,13,156,131,15,146,6,,6,30,4,34,114,9,123,615,80,695,49,7,56,70,3,73,38,2,40,109,8,117,48410,3457,51867,692,100,792,49102,3557,52659,,,
2011-05,,,,98,4,102,43,5,48,49,1,50,12,,12,256,21,277,63,3,66,247,17,264,559,57,616,222,14,236,78,4,82,1043,54,1097,73,4,77,65,4,69,61,3,64,90,4,94,461,38,499,210,8,218,159,6,165,36,2,38,169,9,178,93,6,99,595,65,660,319,26,345,54,5,59,2440,113,2553,25,1,26,261,33,294,590,52,642,465,31,496,27,3,30,1440,106,1546,62,4,66,2585,259,2844,253,14,267,265,8,273,287,25,312,118,7,125,510,45,555,18,1,19,264,21,285,136,8,144,129,9,138,283,22,305,2797,163,2960,142,11,153,88,5,93,917,52,969,1159,130,1289,91,5,96,9,1,10,144,14,158,129,8,137,177,10,187,99,4,103,99,5,104,356,30,386,745,69,814,291,44,335,120,10,130,4711,181,4892,127,13,140,7,1,8,382,28,410,290,33,323,204,12,216,150,9,159,2198,182,2380,103,9,112,661,63,724,35,1,36,92,4,96,115,6,121,113,4,117,73,3,76,540,67,607,618,34,652,71,1,72,199,14,213,63,1,64,59,11,70,130,5,135,50,3,53,52,6,58,179,23,202,72,6,78,45,1,46,294,19,313,64,3,67,291,23,314,24,,24,74,3,77,521,30,551,100,13,113,74,2,76,108,8,116,43,1,44,180,9,189,60,,60,227,6,233,29,1,30,204,14,218,153,19,172,54,5,59,156,11,167,181,13,194,1512,76,1588,604,52,656,50,3,53,51,1,52,260,19,279,79,2,81,94,13,107,64,5,69,51,5,56,152,14,166,80,4,84,144,8,152,20,1,21,44,4,48,69,3,72,1756,102,1858,451,39,490,16,1,17,120,3,123,54,9,63,550,56,606,183,14,197,25,2,27,208,9,217,64,1,65,23,3,26,191,13,204,90,9,99,97,13,110,78,2,80,242,13,255,281,13,294,347,26,373,52,10,62,66,3,69,649,48,697,68,4,72,60,4,64,77,12,89,168,14,182,410,34,444,433,43,476,280,21,301,37,2,39,142,13,155,135,16,151,6,,6,32,4,36,113,12,125,603,83,686,51,7,58,72,5,77,36,1,37,108,7,115,48400,3465,51865,813,122,935,49213,3587,52800,,,
2011-06,,,,91,3,94,42,5,47,47,1,48,13,,13,258,18,276,61,5,66,246,17,263,551,55,606,214,12,226,78,4,82,1029,52,1081,77,4,81,66,3,69,62,4,66,87,3,90,483,35,518,216,7,223,164,6,170,34,3,37,165,9,174,97,8,105,593,64,657,315,33,348,50,5,55,2446,112,2558,23,1,24,259,30,289,591,53,644,473,30,503,28,3,31,1470,105,1575,63,4,67,2606,251,2857,247,16,263,257,9,266,294,28,322,119,7,126,509,45,554,17,1,18,264,18,282,134,7,141,128,9,137,286,25,311,2829,162,2991,135,11,146,87,4,91,938,55,993,1184,133,1317,90,5,95,10,,10,145,14,159,121,8,129,178,10,188,102,4,106,101,4,105,364,27,391,726,74,800,285,45,330,117,10,127,4782,176,4958,127,15,142,7,1,8,372,27,399,303,32,335,201,14,215,149,10,159,2233,183,2416,104,7,111,673,60,733,38,1,39,91,4,95,116,6,122,122,4,126,70,3,73,552,70,622,618,37,655,67,1,68,202,14,216,62,2,64,57,12,69,131,6,137,52,3,55,54,6,60,184,21,205,69,6,75,41,1,42,293,19,312,65,3,68,296,23,319,22,,22,70,3,73,520,32,552,103,10,113,72,2,74,117,8,125,40,1,41,177,9,186,68,,68,223,6,229,28,1,29,199,13,212,143,18,161,50,4,54,155,13,168,188,15,203,1542,73,1615,624,54,678,56,3,59,51,1,52,264,20,284,79,2,81,100,12,112,64,6,70,49,5,54,155,12,167,77,4,81,150,9,159,19,1,20,42,4,46,68,3,71,1754,96,1850,450,37,487,15,1,16,123,3,126,54,8,62,548,54,602,180,13,193,27,2,29,208,9,217,64,1,65,22,3,25,192,12,204,88,9,97,102,15,117,79,2,81,241,13,254,282,13,295,350,27,377,46,11,57,68,3,71,653,47,700,69,4,73,60,4,64,82,11,93,174,13,187,433,30,463,437,40,477,296,21,317,37,2,39,138,16,154,129,16,145,5,,5,30,4,34,114,12,126,622,76,698,48,9,57,78,5,83,35,2,37,106,7,113,48750,3438,52188,1001,152,1153,49751,3590,53341,,,
2011-07,,,,89,3,92,41,5,46,49,1,50,14,,14,263,20,283,61,6,67,254,19,273,542,58,600,210,12,222,71,4,75,1022,54,1076,73,4,77,62,4,66,62,4,66,93,4,97,488,34,522,221,7,228,165,6,171,34,3,37,163,9,172,92,7,99,604,65,669,318,31,349,48,5,53,2415,120,2535,25,1,26,250,31,281,588,52,640,485,29,514,32,3,35,1447,113,1560,60,3,63,2601,252,2853,244,13,257,262,10,272,310,26,336,109,7,116,505,42,547,17,1,18,263,18,281,133,8,141,120,10,130,289,24,313,2820,176,2996,145,10,155,92,4,96,918,56,974,1184,145,1329,87,5,92,9,,9,147,14,161,122,7,129,178,11,189,100,3,103,105,5,110,347,29,376,712,83,795,283,48,331,123,10,133,4782,181,4963,126,13,139,5,1,6,376,28,404,297,35,332,196,13,209,147,10,157,2185,184,2369,105,7,112,665,61,726,36,,36,84,4,88,123,6,129,115,4,119,74,4,78,569,67,636,617,38,655,67,2,69,197,14,211,65,5,70,55,12,67,134,6,140,52,4,56,53,6,59,189,22,211,69,5,74,43,2,45,293,19,312,67,3,70,302,20,322,22,,22,72,3,75,513,32,545,98,11,109,76,2,78,117,8,125,39,1,40,181,10,191,67,,67,224,6,230,29,1,30,192,12,204,159,17,176,44,4,48,142,13,155,193,12,205,1532,74,1606,608,55,663,51,3,54,56,1,57,272,16,288,76,2,78,102,12,114,67,4,71,51,5,56,151,11,162,75,5,80,154,10,164,20,1,21,43,5,48,64,3,67,1778,102,1880,455,41,496,16,,16,120,3,123,54,9,63,547,57,604,179,14,193,25,3,28,205,8,213,63,1,64,20,3,23,189,10,199,86,8,94,105,15,120,77,3,80,245,14,259,278,15,293,353,29,382,43,11,54,67,3,70,647,51,698,66,5,71,59,4,63,82,10,92,177,13,190,431,35,466,420,45,465,285,22,307,36,2,38,140,16,156,136,15,151,6,,6,29,5,34,108,11,119,603,81,684,50,10,60,75,5,80,37,2,39,107,7,114,48543,3537,52080,0,0,0,48543,3537,52080,,,
2011-08,,,,93,3,96,45,4,49,56,1,57,14,,14,285,19,304,65,5,70,246,20,266,551,64,615,219,13,232,73,4,77,1087,53,1140,75,6,81,58,4,62,68,4,72,103,2,105,482,37,519,221,7,228,168,8,176,36,6,42,166,9,175,93,10,103,617,62,679,324,34,358,47,4,51,2504,118,2622,30,1,31,272,27,299,568,46,614,478,31,509,33,3,36,1509,118,1627,58,3,61,2567,249,2816,242,13,255,281,11,292,309,24,333,117,6,123,542,41,583,18,1,19,260,19,279,139,8,147,124,12,136,308,24,332,2856,170,3026,147,10,157,95,4,99,951,54,1005,1233,159,1392,94,5,99,9,,9,146,15,161,124,9,133,178,12,190,100,3,103,111,8,119,354,26,380,741,78,819,293,48,341,130,10,140,5051,193,5244,133,14,147,7,1,8,387,27,414,294,36,330,198,14,212,145,9,154,2220,177,2397,101,7,108,686,63,749,40,,40,89,3,92,125,6,131,119,4,123,74,2,76,571,66,637,634,42,676,70,2,72,200,14,214,64,5,69,59,12,71,138,8,146,59,4,63,55,6,61,192,23,215,74,6,80,43,2,45,296,19,315,64,5,69,301,23,324,23,,23,74,3,77,541,33,574,98,13,111,75,2,77,115,7,122,40,2,42,195,12,207,64,,64,231,7,238,30,,30,197,14,211,164,17,181,41,4,45,147,14,161,191,12,203,1588,72,1660,640,57,697,49,4,53,58,1,59,266,19,285,77,2,79,102,11,113,72,4,76,56,6,62,160,13,173,75,5,80,147,8,155,21,1,22,46,6,52,73,2,75,1834,101,1935,453,47,500,16,,16,127,4,131,57,8,65,551,58,609,180,15,195,28,1,29,214,8,222,61,1,62,24,3,27,189,10,199,87,7,94,94,15,109,85,3,88,239,11,250,283,13,296,357,32,389,48,9,57,71,3,74,658,53,711,71,5,76,58,3,61,89,8,97,179,11,190,429,36,465,437,49,486,293,23,316,42,2,44,141,17,158,140,15,155,6,,6,32,4,36,108,12,120,611,82,693,51,10,61,71,5,76,43,2,45,109,6,115,49824,3581,53405,1344,204,1548,51168,3785,54953,,,
2011-09,1387,199,1586,91,3,94,45,4,49,57,1,58,14,,14,291,19,310,64,5,69,250,19,269,559,64,623,217,13,230,72,4,76,1103,53,1156,74,5,79,59,4,63,68,4,72,104,2,106,486,38,524,218,7,225,170,6,176,38,6,44,161,9,170,93,9,102,622,62,684,324,33,357,46,4,50,2524,116,2640,30,,30,267,27,294,554,48,602,487,30,517,32,3,35,1490,114,1604,58,3,61,2563,243,2806,242,13,255,289,10,299,319,25,344,113,6,119,539,41,580,17,1,18,263,19,282,139,8,147,129,10,139,311,23,334,2865,166,3031,144,10,154,94,4,98,954,54,1008,1224,157,1381,94,5,99,9,,9,154,14,168,123,8,131,179,12,191,99,3,102,107,9,116,359,25,384,746,72,818,287,46,333,130,11,141,5081,189,5270,134,14,148,7,1,8,388,26,414,291,35,326,202,12,214,152,9,161,2227,176,2403,103,7,110,698,62,760,39,,39,87,2,89,129,6,135,116,4,120,71,2,73,589,65,654,639,43,682,73,2,75,205,14,219,61,6,67,59,12,71,139,8,147,59,4,63,53,6,59,190,22,212,79,7,86,44,2,46,295,18,313,67,4,71,302,24,326,22,,22,75,2,77,535,31,566,101,13,114,74,2,76,116,7,123,39,2,41,192,12,204,61,,61,225,7,232,31,,31,217,15,232,163,16,179,47,4,51,146,14,160,191,11,202,1584,71,1655,642,57,699,50,4,54,59,1,60,268,19,287,75,2,77,111,12,123,72,4,76,54,6,60,156,14,170,74,5,79,147,8,155,21,1,22,45,6,51,71,2,73,1832,99,1931,452,43,495,16,,16,129,4,133,56,8,64,556,54,610,182,13,195,28,2,30,210,8,218,63,1,64,24,3,27,186,10,196,85,7,92,96,14,110,86,3,89,245,11,256,286,13,299,356,31,387,49,10,59,76,3,79,658,51,709,72,5,77,61,3,64,89,7,96,178,11,189,426,36,462,431,47,478,293,23,316,41,2,43,150,18,168,138,15,153,6,,6,32,4,36,104,10,114,624,82,706,50,10,60,70,5,75,42,2,44,111,6,117,51379,3713,55092,0,0,0,51379,3713,55092,,,
2011-10,1499,204,1703,94,2,96,44,5,49,57,1,58,14,,14,292,19,311,61,6,67,256,19,275,567,65,632,229,12,241,77,5,82,1086,53,1139,72,5,77,59,4,63,59,4,63,106,1,107,475,35,510,224,7,231,173,7,180,37,6,43,163,9,172,98,9,107,628,64,692,330,31,361,49,4,53,2539,121,2660,29,1,30,260,28,288,564,48,612,479,27,506,32,3,35,1472,120,1592,62,3,65,2544,230,2774,238,12,250,291,13,304,319,28,347,126,6,132,542,38,580,17,1,18,265,19,284,135,8,143,131,11,142,304,25,329,2868,174,3042,148,10,158,97,5,102,954,57,1011,1210,156,1366,90,5,95,10,,10,154,13,167,121,8,129,187,13,200,97,3,100,111,8,119,367,23,390,733,70,803,301,46,347,130,11,141,5062,195,5257,132,12,144,6,1,7,389,29,418,291,32,323,208,14,222,150,9,159,2303,178,2481,104,5,109,690,58,748,38,,38,85,3,88,127,6,133,119,6,125,65,3,68,574,64,638,643,43,686,73,2,75,204,15,219,62,6,68,61,12,73,141,8,149,58,4,62,55,5,60,195,20,215,84,6,90,42,3,45,307,21,328,71,4,75,305,23,328,24,,24,73,3,76,523,30,553,97,15,112,70,2,72,115,6,121,40,2,42,192,12,204,67,,67,231,7,238,32,,32,214,12,226,167,16,183,49,3,52,145,13,158,189,13,202,1608,81,1689,655,56,711,52,4,56,59,1,60,268,22,290,77,2,79,113,13,126,73,4,77,56,6,62,153,13,166,77,5,82,155,8,163,23,1,24,47,9,56,68,2,70,1818,98,1916,454,40,494,16,,16,129,4,133,58,8,66,550,54,604,178,14,192,28,1,29,217,8,225,62,1,63,24,3,27,190,11,201,90,7,97,100,16,116,84,2,86,240,10,250,290,13,303,366,38,404,47,9,56,75,3,78,665,50,715,71,5,76,63,3,66,86,8,94,183,10,193,422,34,456,440,46,486,295,25,320,43,2,45,155,18,173,139,14,153,6,,6,29,4,33,98,9,107,615,80,695,54,12,66,68,6,74,47,2,49,110,6,116,51637,3743,55380,0,0,0,51637,3743,55380,,,
2011-11,1551,210,1761,95,2,97,44,5,49,55,1,56,14,,14,292,19,311,66,5,71,243,20,263,564,62,626,220,13,233,75,5,80,1074,52,1126,67,5,72,62,5,67,59,3,62,104,2,106,478,36,514,225,6,231,170,5,175,41,8,49,164,9,173,96,10,106,615,66,681,320,33,353,50,6,56,2515,126,2641,28,1,29,261,30,291,562,47,609,474,29,503,33,3,36,1455,107,1562,62,2,64,2492,230,2722,234,13,247,281,14,295,316,26,342,121,5,126,538,42,580,17,1,18,260,20,280,139,11,150,127,11,138,303,25,328,2873,173,3046,147,11,158,94,5,99,956,54,1010,1206,154,1360,94,4,98,10,,10,151,13,164,123,8,131,177,13,190,101,3,104,109,8,117,370,25,395,713,70,783,288,49,337,133,13,146,5071,196,5267,128,15,143,6,1,7,397,29,426,292,32,324,200,12,212,156,7,163,2286,175,2461,103,5,108,673,59,732,38,,38,91,2,93,127,6,133,117,6,123,63,3,66,565,64,629,635,39,674,78,2,80,212,14,226,63,7,70,61,10,71,149,8,157,59,4,63,54,4,58,194,20,214,83,6,89,42,2,44,296,19,315,68,4,72,302,23,325,23,,23,79,3,82,533,35,568,99,14,113,69,2,71,117,6,123,39,2,41,185,12,197,65,,65,223,8,231,34,,34,207,14,221,170,15,185,47,3,50,143,14,157,191,15,206,1580,80,1660,651,57,708,55,3,58,60,1,61,276,18,294,73,2,75,110,11,121,73,3,76,55,6,61,154,10,164,73,4,77,160,7,167,21,,21,45,8,53,68,2,70,1828,102,1930,461,39,500,16,,16,130,4,134,57,7,64,538,55,593,179,15,194,30,2,32,222,10,232,59,1,60,24,3,27,191,11,202,85,7,92,95,12,107,85,2,87,237,12,249,288,13,301,367,35,402,49,8,57,76,2,78,662,50,712,69,4,73,62,3,65,83,9,92,175,11,186,404,35,439,437,45,482,297,26,323,44,3,47,147,17,164,135,13,148,5,,5,29,6,35,99,10,109,600,83,683,51,10,61,66,6,72,48,2,50,109,6,115,51333,3742,55075,0,0,0,51333,3742,55075,,,
2011-12,1611,195,1806,91,2,93,45,4,49,59,1,60,13,,13,296,19,315,66,5,71,245,19,264,576,63,639,213,13,226,76,5,81,1081,53,1134,68,7,75,63,5,68,59,3,62,98,2,100,474,37,511,225,7,232,169,6,175,37,8,45,160,9,169,93,9,102,627,67,694,317,30,347,47,6,53,2505,114,2619,30,1,31,255,28,283,553,42,595,474,29,503,35,3,38,1423,120,1543,66,2,68,2499,222,2721,243,15,258,277,13,290,318,31,349,120,4,124,529,44,573,18,1,19,260,19,279,140,12,152,125,10,135,303,25,328,2837,158,2995,158,9,167,95,4,99,934,53,987,1203,147,1350,96,4,100,10,,10,152,12,164,124,10,134,187,13,200,97,3,100,112,8,120,377,28,405,728,77,805,287,48,335,132,13,145,5078,194,5272,127,15,142,5,1,6,394,29,423,295,33,328,209,14,223,159,8,167,2259,172,2431,111,4,115,689,57,746,37,,37,91,3,94,121,6,127,121,7,128,61,3,64,573,60,633,644,38,682,77,2,79,212,16,228,65,6,71,64,10,74,153,8,161,61,4,65,50,5,55,190,19,209,83,5,88,41,2,43,299,18,317,68,4,72,296,23,319,22,,22,81,3,84,543,36,579,96,13,109,69,2,71,114,6,120,38,3,41,182,12,194,69,,69,221,9,230,33,,33,208,15,223,168,16,184,47,3,50,143,15,158,191,12,203,1552,76,1628,642,58,700,52,3,55,64,1,65,280,20,300,76,2,78,102,13,115,73,3,76,56,6,62,156,10,166,74,5,79,160,9,169,21,,21,45,7,52,68,3,71,1843,102,1945,448,41,489,18,,18,132,4,136,56,7,63,516,54,570,170,15,185,29,1,30,222,9,231,58,1,59,25,3,28,190,12,202,86,7,93,103,12,115,82,2,84,233,10,243,289,12,301,367,39,406,48,8,56,76,2,78,664,50,714,68,4,72,61,3,64,87,9,96,172,12,184,407,35,442,437,45,482,299,26,325,41,3,44,156,16,172,135,13,148,5,,5,35,5,40,102,12,114,626,82,708,48,10,58,68,6,74,50,2,52,111,6,117,51353,3704,55057,0,0,0,51353,3704,55057,,,
2012-01,1709,204,1913,91,2,93,44,5,49,58,2,60,14,,14,295,19,314,66,6,72,251,19,270,573,66,639,218,13,231,80,5,85,1074,51,1125,65,7,72,66,5,71,57,3,60,95,2,97,488,40,528,214,8,222,173,6,179,39,8,47,156,9,165,91,11,102,634,65,699,321,31,352,46,6,52,2459,117,2576,30,2,32,257,28,285,570,46,616,466,30,496,34,3,37,1460,115,1575,67,2,69,2464,221,2685,240,14,254,276,14,290,323,33,356,119,4,123,531,47,578,18,1,19,252,18,270,133,11,144,120,13,133,296,28,324,2841,161,3002,156,9,165,93,5,98,936,50,986,1197,149,1346,95,3,98,10,,10,154,11,165,128,10,138,181,11,192,99,3,102,107,10,117,379,29,408,722,75,797,285,47,332,130,15,145,5021,192,5213,124,15,139,7,1,8,399,27,426,294,36,330,203,16,219,155,7,162,2257,171,2428,109,4,113,702,61,763,33,,33,86,2,88,122,5,127,117,5,122,63,2,65,570,60,630,631,37,668,78,2,80,213,17,230,64,6,70,61,10,71,151,7,158,62,4,66,51,5,56,185,20,205,81,5,86,45,2,47,295,16,311,65,4,69,291,21,312,23,,23,84,3,87,550,38,588,100,11,111,66,2,68,109,6,115,36,3,39,183,13,196,71,,71,218,9,227,32,,32,209,13,222,167,14,181,46,3,49,142,14,156,185,11,196,1527,81,1608,621,60,681,52,3,55,63,1,64,276,19,295,76,2,78,112,13,125,70,3,73,49,7,56,156,9,165,69,4,73,159,9,168,20,,20,47,7,54,64,2,66,1838,98,1936,462,36,498,18,,18,132,4,136,56,7,63,530,51,581,169,12,181,28,1,29,227,8,235,56,1,57,26,3,29,193,12,205,82,7,89,102,14,116,82,2,84,229,10,239,281,11,292,364,39,403,47,9,56,78,2,80,626,55,681,67,5,72,61,3,64,85,9,94,171,11,182,406,37,443,462,46,508,297,25,322,42,3,45,152,18,170,132,13,145,5,,5,33,5,38,101,10,111,616,78,694,47,9,56,65,6,71,48,3,51,108,6,114,51187,3717,54904,0,0,0,51187,3717,54904,,,
2012-02,313,14,327,101,3,104,51,6,57,69,3,72,13,1,14,319,24,343,68,5,73,261,22,283,657,81,738,221,14,235,90,4,94,1118,60,1178,66,6,72,67,5,72,61,4,65,106,1,107,497,46,543,220,7,227,186,8,194,36,8,44,163,9,172,104,12,116,634,59,693,355,34,389,50,5,55,2513,119,2632,32,3,35,264,33,297,576,49,625,477,27,504,37,3,40,1457,109,1566,68,2,70,2621,253,2874,231,17,248,287,17,304,324,33,357,126,6,132,529,46,575,19,1,20,271,20,291,143,13,156,128,12,140,297,31,328,3018,162,3180,165,12,177,95,4,99,1047,57,1104,1225,157,1382,101,3,104,7,,7,166,12,178,132,12,144,179,12,191,105,3,108,116,10,126,384,35,419,807,86,893,299,45,344,133,16,149,5185,213,5398,135,17,152,7,1,8,413,24,437,324,42,366,216,16,232,162,11,173,2325,191,2516,110,7,117,728,59,787,41,,41,103,6,109,113,5,118,117,7,124,59,3,62,594,62,656,683,48,731,78,3,81,222,20,242,66,5,71,67,10,77,154,7,161,62,4,66,60,4,64,202,24,226,83,6,89,46,3,49,319,17,336,68,3,71,301,20,321,27,1,28,81,3,84,557,40,597,97,13,110,71,2,73,112,8,120,36,3,39,206,16,222,74,,74,230,9,239,37,,37,226,14,240,176,16,192,49,1,50,142,13,155,191,14,205,1549,77,1626,665,60,725,53,3,56,66,2,68,294,23,317,78,2,80,113,14,127,81,4,85,49,7,56,179,14,193,68,6,74,167,12,179,21,,21,49,8,57,73,3,76,1884,98,1982,473,36,509,20,,20,139,5,144,62,7,69,577,58,635,172,14,186,31,1,32,252,14,266,56,2,58,30,3,33,192,10,202,88,7,95,105,11,116,78,2,80,232,10,242,298,11,309,362,44,406,47,12,59,81,4,85,642,61,703,66,4,70,72,4,76,90,9,99,184,12,196,421,45,466,498,47,545,311,23,334,39,3,42,160,16,176,127,13,140,8,,8,35,5,40,112,15,127,645,71,716,56,10,66,65,6,71,53,2,55,115,7,122,51943,3789,55732,0,0,0,51943,3789,55732,,,
2012-03,315,16,331,103,3,106,53,5,58,64,3,67,14,2,16,325,20,345,65,5,70,268,21,289,657,87,744,220,14,234,89,4,93,1130,62,1192,68,6,74,71,6,77,62,4,66,106,1,107,501,45,546,225,6,231,183,7,190,37,8,45,164,10,174,99,13,112,616,64,680,350,33,383,49,5,54,2510,122,2632,32,3,35,262,30,292,565,48,613,473,28,501,36,3,39,1544,115,1659,68,2,70,2660,262,2922,241,18,259,286,20,306,339,33,372,132,6,138,544,52,596,20,1,21,269,21,290,139,15,154,124,14,138,302,32,334,3180,165,3345,164,10,174,97,4,101,1038,58,1096,1261,159,1420,102,3,105,9,,9,170,14,184,141,13,154,179,11,190,108,3,111,111,10,121,378,38,416,818,92,910,315,55,370,141,17,158,5179,216,5395,138,13,151,7,1,8,418,24,442,327,40,367,225,15,240,159,12,171,2456,197,2653,110,6,116,732,59,791,42,,42,106,7,113,114,5,119,118,6,124,60,5,65,611,66,677,690,48,738,77,3,80,230,19,249,69,4,73,70,8,78,161,7,168,62,4,66,53,4,57,204,23,227,84,6,90,47,3,50,337,17,354,68,6,74,301,22,323,28,2,30,83,3,86,557,39,596,104,15,119,76,2,78,113,8,121,36,2,38,201,17,218,80,1,81,222,9,231,38,,38,238,17,255,176,16,192,45,1,46,146,13,159,199,13,212,1569,78,1647,675,64,739,56,4,60,65,4,69,300,24,324,79,2,81,116,15,131,82,4,86,51,7,58,182,14,196,66,6,72,169,13,182,21,,21,47,9,56,76,3,79,1887,106,1993,483,39,522,18,,18,138,6,144,67,8,75,597,58,655,173,14,187,31,2,33,254,11,265,58,2,60,26,3,29,195,12,207,86,5,91,106,12,118,76,2,78,233,10,243,301,13,314,364,45,409,48,10,58,82,5,87,669,63,732,68,4,72,72,4,76,91,9,100,183,10,193,422,47,469,490,47,537,314,20,334,39,2,41,163,17,180,124,13,137,9,,9,35,4,39,107,12,119,655,76,731,57,10,67,67,6,73,51,4,55,112,7,119,52694,3896,56590,0,0,0,52694,3896,56590,,,
2012-04,319,15,334,106,3,109,53,5,58,64,2,66,11,,11,339,25,364,63,4,67,261,20,281,681,86,767,224,17,241,89,4,93,1136,61,1197,70,7,77,72,6,78,62,3,65,110,1,111,500,45,545,227,5,232,181,7,188,38,8,46,164,10,174,99,13,112,618,66,684,347,33,380,50,5,55,2512,117,2629,32,3,35,268,34,302,575,50,625,472,30,502,35,3,38,1530,117,1647,69,2,71,2728,273,3001,236,19,255,285,20,305,339,34,373,134,6,140,542,50,592,21,1,22,268,22,290,138,14,152,121,10,131,307,32,339,3168,167,3335,166,10,176,92,5,97,1034,55,1089,1271,161,1432,105,3,108,8,,8,174,15,189,147,13,160,177,14,191,111,3,114,111,10,121,402,36,438,814,92,906,324,55,379,139,14,153,5193,220,5413,131,13,144,7,1,8,414,25,439,325,39,364,227,15,242,156,14,170,2460,198,2658,111,6,117,736,60,796,40,,40,107,8,115,118,5,123,118,6,124,58,5,63,616,70,686,698,46,744,77,3,80,242,22,264,71,5,76,68,8,76,158,7,165,60,4,64,53,5,58,206,23,229,81,6,87,47,3,50,339,17,356,61,6,67,305,22,327,27,2,29,82,3,85,562,36,598,105,16,121,73,2,75,109,7,116,35,1,36,201,15,216,77,1,78,226,9,235,38,,38,234,17,251,176,17,193,49,2,51,145,13,158,197,12,209,1562,76,1638,704,67,771,57,3,60,66,4,70,306,25,331,80,2,82,118,12,130,80,4,84,46,7,53,182,15,197,67,5,72,168,14,182,21,,21,44,7,51,77,3,80,1911,103,2014,480,39,519,20,,20,141,6,147,70,8,78,602,56,658,173,14,187,30,2,32,256,10,266,56,3,59,25,3,28,195,12,207,84,4,88,109,12,121,78,2,80,232,9,241,312,13,325,368,44,412,49,9,58,80,5,85,668,64,732,69,4,73,71,4,75,91,10,101,187,11,198,429,46,475,506,48,554,317,22,339,39,2,41,173,15,188,127,12,139,9,,9,36,5,41,110,13,123,663,75,738,59,10,69,73,6,79,55,4,59,113,7,120,53002,3912,56914,0,0,0,53002,3912,56914,,,
2012-05,330,15,345,104,3,107,53,5,58,64,2,66,11,,11,342,23,365,66,4,70,274,21,295,673,86,759,225,16,241,93,5,98,1129,63,1192,72,7,79,72,6,78,63,4,67,108,1,109,511,43,554,226,5,231,181,7,188,37,8,45,163,10,173,104,11,115,629,67,696,356,37,393,50,5,55,2496,110,2606,32,3,35,266,33,299,577,48,625,474,28,502,36,3,39,1526,122,1648,71,1,72,2764,280,3044,236,19,255,289,20,309,347,34,381,133,6,139,559,50,609,20,1,21,266,20,286,139,16,155,119,11,130,305,34,339,3167,164,3331,167,10,177,92,5,97,1042,55,1097,1293,161,1454,105,3,108,7,,7,176,14,190,150,13,163,183,17,200,111,3,114,112,9,121,412,33,445,812,84,896,332,54,386,138,16,154,5189,218,5407,136,14,150,7,1,8,415,25,440,346,39,385,231,15,246,156,14,170,2480,208,2688,109,6,115,745,62,807,40,,40,107,8,115,123,5,128,122,4,126,60,5,65,623,66,689,691,48,739,79,5,84,251,23,274,74,4,78,68,6,74,161,7,168,65,4,69,57,5,62,218,22,240,83,6,89,48,3,51,349,17,366,65,6,71,309,21,330,26,2,28,80,3,83,573,37,610,109,14,123,71,2,73,105,5,110,34,1,35,196,15,211,80,2,82,231,9,240,41,,41,238,17,255,179,18,197,47,2,49,147,16,163,200,11,211,1561,79,1640,708,66,774,58,3,61,63,4,67,311,24,335,81,2,83,117,12,129,83,3,86,46,8,54,180,18,198,72,5,77,167,17,184,21,,21,46,7,53,82,3,85,1935,109,2044,487,41,528,23,,23,140,8,148,68,8,76,597,57,654,172,15,187,32,3,35,252,10,262,56,3,59,25,3,28,199,11,210,87,4,91,109,9,118,77,2,79,242,8,250,311,12,323,368,45,413,50,9,59,77,4,81,674,60,734,69,4,73,72,5,77,89,12,101,193,11,204,423,45,468,509,48,557,326,25,351,41,2,43,172,16,188,123,12,135,9,,9,32,5,37,113,15,128,664,76,740,58,10,68,71,6,77,54,2,56,118,7,125,53367,3928,57295,0,0,0,53367,3928,57295,,,
2012-06,341,16,357,108,3,111,58,6,64,62,1,63,13,,13,348,25,373,69,4,73,282,21,303,676,91,767,222,14,236,94,5,99,1145,60,1205,71,7,78,76,7,83,61,4,65,110,1,111,518,45,563,228,4,232,177,6,183,39,8,47,164,10,174,109,12,121,638,69,707,361,35,396,53,5,58,2508,109,2617,35,3,38,260,31,291,594,47,641,493,27,520,36,3,39,1548,113,1661,70,1,71,2750,275,3025,239,18,257,286,19,305,352,35,387,133,7,140,560,50,610,18,1,19,268,20,288,132,14,146,122,11,133,311,31,342,3181,160,3341,170,9,179,94,5,99,1037,58,1095,1284,156,1440,110,3,113,7,,7,189,15,204,153,12,165,180,14,194,111,3,114,115,9,124,420,40,460,822,86,908,322,53,375,142,14,156,5178,219,5397,136,13,149,7,1,8,425,25,450,334,38,372,237,14,251,153,13,166,2503,203,2706,109,5,114,765,58,823,39,1,40,106,8,114,123,6,129,116,6,122,57,5,62,640,66,706,696,47,743,82,5,87,248,24,272,76,4,80,70,7,77,159,7,166,64,4,68,54,5,59,227,24,251,81,6,87,47,3,50,348,19,367,66,6,72,310,20,330,26,2,28,80,3,83,583,36,619,111,13,124,72,2,74,106,5,111,35,1,36,204,16,220,84,2,86,233,9,242,39,,39,237,17,254,182,18,200,49,1,50,144,16,160,192,12,204,1579,77,1656,717,63,780,55,4,59,61,4,65,317,23,340,86,1,87,116,12,128,84,3,87,51,7,58,181,18,199,72,5,77,166,16,182,22,,22,47,8,55,77,3,80,1946,111,2057,483,37,520,23,,23,140,7,147,69,8,77,596,58,654,176,12,188,33,3,36,257,11,268,57,3,60,24,3,27,200,9,209,87,4,91,113,10,123,76,2,78,237,9,246,310,13,323,359,46,405,45,8,53,78,6,84,667,56,723,65,5,70,72,4,76,89,12,101,192,10,202,424,44,468,518,48,566,343,26,369,42,2,44,172,18,190,122,11,133,10,,10,33,5,38,111,15,126,670,81,751,56,10,66,72,6,78,53,3,56,118,7,125,53677,3893,57570,0,0,0,53677,3893,57570,,,
2012-07,349,16,365,104,3,107,60,6,66,62,1,63,13,,13,350,27,377,70,4,74,283,23,306,702,92,794,228,15,243,100,5,105,1157,63,1220,71,7,78,75,7,82,68,3,71,116,1,117,534,45,579,232,6,238,181,8,189,44,7,51,165,10,175,109,11,120,636,69,705,371,36,407,53,5,58,2540,105,2645,34,3,37,266,30,296,602,48,650,495,28,523,36,3,39,1584,109,1693,70,1,71,2811,275,3086,239,17,256,284,18,302,356,36,392,133,6,139,559,50,609,20,1,21,270,21,291,128,14,142,122,10,132,305,32,337,3262,160,3422,172,9,181,89,5,94,1061,61,1122,1331,147,1478,110,3,113,8,,8,191,15,206,155,14,169,185,12,197,105,3,108,113,10,123,426,42,468,819,83,902,330,52,382,142,14,156,5207,216,5423,132,13,145,7,1,8,430,22,452,346,38,384,251,14,265,154,14,168,2620,209,2829,110,7,117,776,59,835,40,,40,103,9,112,128,5,133,117,5,122,57,5,62,641,70,711,706,47,753,83,5,88,248,25,273,75,5,80,73,6,79,170,6,176,74,4,78,56,5,61,224,23,247,90,6,96,50,3,53,344,21,365,67,7,74,309,21,330,27,3,30,83,3,86,570,38,608,108,14,122,72,3,75,110,7,117,35,,35,205,15,220,87,2,89,238,9,247,38,,38,250,19,269,183,18,201,52,2,54,154,17,171,187,14,201,1591,78,1669,736,62,798,60,3,63,65,4,69,325,28,353,89,1,90,115,10,125,85,3,88,50,6,56,177,18,195,70,5,75,174,13,187,23,,23,53,6,59,80,3,83,1967,111,2078,489,41,530,23,,23,142,7,149,75,7,82,606,55,661,177,14,191,34,3,37,254,12,266,56,3,59,22,3,25,210,11,221,88,4,92,117,11,128,74,2,76,232,9,241,303,12,315,367,46,413,47,8,55,83,6,89,682,52,734,67,4,71,68,4,72,91,13,104,189,9,198,440,45,485,534,51,585,352,28,380,45,2,47,184,19,203,125,13,138,11,,11,31,5,36,111,14,125,678,81,759,60,9,69,80,5,85,58,2,60,118,7,125,54556,3910,58466,0,0,0,54556,3910,58466,,,
2012-08,270,18,288,107,3,110,61,6,67,64,1,65,14,,14,351,25,376,67,5,72,274,21,295,695,88,783,221,15,236,96,5,101,1125,61,1186,72,8,80,74,8,82,61,3,64,119,1,120,537,46,583,227,7,234,179,6,185,42,7,49,160,12,172,119,10,129,644,69,713,364,38,402,54,5,59,2467,106,2573,32,3,35,256,32,288,588,46,634,497,25,522,35,3,38,1588,116,1704,67,1,68,2756,279,3035,240,17,257,276,20,296,349,38,387,136,7,143,573,50,623,19,1,20,277,20,297,127,12,139,126,9,135,314,32,346,3281,155,3436,180,9,189,91,6,97,1050,55,1105,1319,154,1473,106,3,109,8,1,9,202,15,217,148,16,164,176,15,191,104,3,107,112,11,123,426,46,472,828,91,919,350,57,407,141,12,153,5155,216,5371,130,10,140,11,1,12,427,24,451,354,42,396,247,14,261,151,11,162,2620,206,2826,108,7,115,762,62,824,38,,38,97,8,105,124,4,128,114,5,119,56,5,61,632,63,695,693,46,739,81,4,85,253,26,279,72,4,76,68,6,74,173,6,179,70,4,74,54,5,59,218,24,242,87,5,92,51,3,54,331,20,351,69,7,76,311,21,332,27,3,30,79,3,82,571,35,606,115,14,129,70,3,73,109,7,116,34,,34,203,16,219,81,2,83,234,10,244,35,,35,248,18,266,191,18,209,51,3,54,159,14,173,182,17,199,1577,71,1648,731,68,799,56,3,59,60,4,64,336,26,362,87,1,88,116,9,125,83,3,86,49,6,55,172,21,193,67,5,72,177,15,192,24,,24,51,7,58,81,4,85,1956,113,2069,493,40,533,22,,22,143,8,151,72,8,80,596,54,650,176,15,191,32,3,35,253,12,265,55,3,58,24,5,29,206,9,215,89,4,93,111,12,123,72,2,74,241,9,250,295,11,306,354,43,397,45,8,53,85,6,91,680,54,734,71,4,75,72,5,77,89,13,102,181,9,190,434,45,479,534,54,588,348,25,373,48,2,50,184,17,201,122,13,135,11,,11,34,4,38,118,14,132,677,73,750,58,9,67,78,5,83,52,3,55,116,7,123,54082,3920,58002,0,0,0,54082,3920,58002,,,
2012-09,262,18,280,101,3,104,57,6,63,65,1,66,15,,15,350,25,375,65,3,68,274,23,297,687,90,777,226,12,238,99,6,105,1131,61,1192,71,8,79,70,7,77,61,3,64,128,1,129,533,45,578,230,7,237,182,7,189,41,7,48,159,12,171,122,11,133,636,69,705,354,40,394,55,5,60,2419,102,2521,31,3,34,258,33,291,574,47,621,488,23,511,33,3,36,1602,118,1720,65,1,66,2714,265,2979,250,19,269,280,18,298,346,37,383,136,7,143,563,48,611,19,1,20,280,20,300,123,11,134,128,10,138,317,29,346,3243,153,3396,172,9,181,90,7,97,1080,58,1138,1322,155,1477,107,4,111,10,,10,198,15,213,148,13,161,172,13,185,102,3,105,110,10,120,415,49,464,823,91,914,338,53,391,142,9,151,5121,218,5339,130,10,140,10,1,11,426,22,448,345,37,382,249,15,264,149,10,159,2554,193,2747,111,6,117,760,61,821,40,,40,98,8,106,123,4,127,118,5,123,59,6,65,632,66,698,705,47,752,80,4,84,255,25,280,73,5,78,70,6,76,170,5,175,71,4,75,49,4,53,227,26,253,86,6,92,48,3,51,333,19,352,64,7,71,319,20,339,27,3,30,77,3,80,565,34,599,113,14,127,69,3,72,109,7,116,34,,34,201,17,218,77,2,79,230,10,240,34,,34,248,20,268,187,19,206,49,4,53,154,16,170,185,18,203,1568,73,1641,708,64,772,54,3,57,60,4,64,338,24,362,85,1,86,118,10,128,80,2,82,47,6,53,173,20,193,63,6,69,175,13,188,24,,24,53,10,63,81,4,85,1960,117,2077,472,41,513,22,,22,141,9,150,73,8,81,596,54,650,173,12,185,32,3,35,256,10,266,55,3,58,22,5,27,207,10,217,88,4,92,114,11,125,76,2,78,242,9,251,292,10,302,358,44,402,43,9,52,84,6,90,676,53,729,73,3,76,70,5,75,89,13,102,181,9,190,420,39,459,541,54,595,347,25,372,48,2,50,177,18,195,120,12,132,10,,10,35,3,38,114,14,128,650,76,726,59,9,68,80,7,87,52,2,54,115,7,122,53696,3878,57574,0,0,0,53696,3878,57574,,,
2012-10,171,11,182,103,3,106,59,4,63,67,2,69,16,1,17,353,24,377,63,3,66,273,26,299,710,92,802,221,13,234,99,7,106,1110,57,1167,78,8,86,64,8,72,67,3,70,122,1,123,542,47,589,223,9,232,176,5,181,43,7,50,162,14,176,135,14,149,644,70,714,374,41,415,55,5,60,2414,96,2510,32,3,35,266,35,301,589,45,634,496,22,518,34,3,37,1642,109,1751,65,1,66,2674,273,2947,263,19,282,281,17,298,354,34,388,145,6,151,562,50,612,21,1,22,288,16,304,128,11,139,125,11,136,317,31,348,3215,158,3373,167,8,175,99,5,104,1077,58,1135,1345,166,1511,100,4,104,11,,11,192,15,207,144,12,156,175,16,191,108,4,112,107,10,117,446,53,499,842,92,934,363,54,417,135,10,145,5058,221,5279,138,8,146,10,1,11,432,25,457,351,41,392,253,16,269,158,11,169,2571,195,2766,112,5,117,753,64,817,35,1,36,95,8,103,129,5,134,125,7,132,55,8,63,641,64,705,696,43,739,84,4,88,252,26,278,71,5,76,72,5,77,164,5,169,71,4,75,56,6,62,230,27,257,83,6,89,48,2,50,337,22,359,76,7,83,312,22,334,28,3,31,78,3,81,561,39,600,110,12,122,73,3,76,104,8,112,31,,31,213,16,229,77,2,79,225,11,236,36,,36,234,19,253,188,16,204,52,4,56,156,13,169,185,21,206,1581,79,1660,725,70,795,52,3,55,64,4,68,340,27,367,86,1,87,110,9,119,80,2,82,50,5,55,167,18,185,63,5,68,174,13,187,24,,24,49,8,57,87,2,89,1957,116,2073,470,38,508,21,,21,141,8,149,71,10,81,598,55,653,168,12,180,33,1,34,242,13,255,54,3,57,23,5,28,205,10,215,86,4,90,117,8,125,82,2,84,238,11,249,297,11,308,361,41,402,40,10,50,91,6,97,691,58,749,74,5,79,75,4,79,85,12,97,185,8,193,415,41,456,534,53,587,347,20,367,49,2,51,183,19,202,123,13,136,9,,9,38,4,42,109,15,124,643,68,711,55,8,63,77,7,84,49,2,51,116,7,123,53775,3913,57688,0,0,0,53775,3913,57688,,,
2012-11,243,19,262,101,4,105,57,5,62,67,4,71,13,,13,351,21,372,63,3,66,277,23,300,697,94,791,225,13,238,97,8,105,1119,59,1178,73,9,82,62,7,69,64,3,67,126,2,128,536,45,581,230,7,237,180,6,186,40,6,46,161,13,174,132,14,146,636,65,701,367,46,413,56,4,60,2383,96,2479,34,3,37,258,35,293,580,40,620,478,24,502,34,3,37,1605,120,1725,68,1,69,2736,267,3003,257,18,275,280,16,296,364,34,398,141,8,149,555,50,605,16,,16,285,20,305,124,12,136,124,12,136,334,30,364,3256,162,3418,172,7,179,94,5,99,1053,59,1112,1341,154,1495,101,5,106,10,1,11,203,14,217,143,12,155,167,13,180,103,3,106,106,10,116,427,50,477,820,97,917,366,52,418,140,10,150,5065,226,5291,131,9,140,10,1,11,434,22,456,353,44,397,249,17,266,149,11,160,2580,196,2776,109,5,114,757,69,826,37,1,38,99,8,107,123,3,126,121,6,127,51,7,58,632,61,693,707,46,753,78,4,82,251,25,276,73,5,78,72,6,78,173,5,178,70,4,74,54,4,58,229,23,252,76,6,82,50,2,52,337,23,360,71,7,78,318,22,340,27,3,30,76,3,79,574,34,608,106,10,116,70,3,73,103,9,112,33,1,34,215,15,230,78,2,80,230,10,240,37,,37,231,21,252,183,19,202,52,4,56,159,15,174,181,18,199,1550,76,1626,736,69,805,52,3,55,63,4,67,327,25,352,91,1,92,117,10,127,81,3,84,48,5,53,167,16,183,61,5,66,171,14,185,22,,22,53,8,61,76,2,78,1951,117,2068,462,38,500,22,,22,138,9,147,70,9,79,593,54,647,166,9,175,31,2,33,249,11,260,58,3,61,22,5,27,208,13,221,82,4,86,101,9,110,79,1,80,237,11,248,294,9,303,363,42,405,39,6,45,83,5,88,684,58,742,74,3,77,72,5,77,80,12,92,179,9,188,408,39,447,549,56,605,354,21,375,50,2,52,185,20,205,122,11,133,11,,11,37,3,40,116,16,132,643,70,713,52,8,60,73,7,80,49,2,51,115,7,122,53661,3905,57566,0,0,0,53661,3905,57566,,,
2012-12,249,18,267,97,5,102,56,4,60,69,4,73,15,,15,340,19,359,63,3,66,267,25,292,699,94,793,225,13,238,98,9,107,1117,58,1175,76,8,84,63,7,70,69,3,72,124,1,125,542,46,588,230,8,238,177,4,181,40,8,48,159,13,172,129,12,141,634,67,701,361,45,406,55,4,59,2361,97,2458,35,3,38,258,36,294,563,38,601,468,23,491,36,3,39,1604,109,1713,68,1,69,2709,262,2971,267,19,286,276,16,292,370,33,403,138,7,145,556,47,603,18,,18,287,19,306,123,10,133,123,11,134,336,30,366,3292,167,3459,162,7,169,93,5,98,1052,60,1112,1334,157,1491,97,5,102,10,1,11,207,13,220,135,9,144,163,15,178,101,2,103,100,12,112,424,48,472,820,92,912,361,52,413,132,9,141,5085,232,5317,126,7,133,10,1,11,432,23,455,347,46,393,238,14,252,146,10,156,2517,189,2706,110,5,115,753,71,824,38,1,39,94,6,100,123,6,129,122,5,127,53,6,59,620,57,677,705,44,749,80,4,84,245,27,272,70,6,76,75,4,79,172,5,177,71,5,76,50,3,53,224,25,249,75,6,81,52,2,54,336,25,361,72,7,79,314,20,334,28,3,31,77,3,80,581,32,613,108,9,117,69,2,71,101,9,110,35,1,36,213,15,228,78,2,80,217,10,227,34,,34,233,21,254,175,20,195,48,3,51,157,15,172,176,19,195,1521,76,1597,721,70,791,52,2,54,64,4,68,315,24,339,90,1,91,109,9,118,76,2,78,50,5,55,175,18,193,64,5,69,167,14,181,22,,22,50,7,57,75,3,78,1956,122,2078,462,38,500,24,,24,139,9,148,71,9,80,593,53,646,167,10,177,35,1,36,242,12,254,60,3,63,24,5,29,209,13,222,84,4,88,101,8,109,79,1,80,231,10,241,299,10,309,357,39,396,36,5,41,89,5,94,671,58,729,71,3,74,78,4,82,82,11,93,173,9,182,423,44,467,555,53,608,345,22,367,48,2,50,188,21,209,122,11,133,10,,10,36,3,39,115,16,131,647,71,718,50,9,59,70,6,76,48,2,50,114,7,121,53373,3871,57244,0,0,0,53373,3871,57244,,,
2013-01,251,17,268,100,5,105,56,4,60,69,4,73,14,,14,340,18,358,66,2,68,261,24,285,693,92,785,223,15,238,99,8,107,1134,60,1194,76,8,84,61,7,68,68,3,71,126,1,127,535,47,582,231,8,239,169,6,175,41,7,48,158,13,171,127,13,140,608,65,673,358,45,403,52,4,56,2345,100,2445,34,3,37,252,37,289,549,38,587,478,21,499,35,3,38,1604,105,1709,64,2,66,2674,268,2942,263,18,281,275,17,292,365,36,401,143,7,150,549,43,592,18,,18,282,19,301,117,10,127,117,13,130,331,31,362,3265,166,3431,156,9,165,93,6,99,1029,58,1087,1331,149,1480,97,5,102,10,,10,209,14,223,140,10,150,168,17,185,99,2,101,102,11,113,419,51,470,822,94,916,366,54,420,136,9,145,5069,243,5312,126,7,133,10,1,11,456,26,482,341,46,387,242,16,258,150,8,158,2582,213,2795,106,5,111,734,67,801,40,1,41,93,6,99,120,6,126,123,4,127,50,5,55,611,56,667,697,41,738,84,5,89,247,26,273,67,7,74,80,3,83,169,5,174,69,4,73,53,3,56,224,26,250,82,7,89,52,1,53,337,23,360,74,8,82,324,19,343,30,2,32,85,5,90,571,33,604,102,10,112,67,2,69,102,8,110,33,1,34,206,13,219,84,2,86,208,10,218,35,,35,221,20,241,167,18,185,53,2,55,156,15,171,169,18,187,1513,79,1592,721,66,787,54,2,56,61,4,65,308,24,332,88,2,90,106,9,115,76,2,78,49,5,54,176,16,192,63,5,68,164,15,179,20,,20,49,6,55,79,4,83,1922,119,2041,460,38,498,23,,23,142,8,150,70,10,80,581,50,631,171,10,181,35,1,36,239,12,251,57,3,60,25,5,30,197,14,211,80,3,83,100,8,108,81,2,83,226,9,235,288,10,298,354,37,391,35,5,40,87,6,93,656,57,713,66,3,69,78,4,82,82,11,93,169,10,179,411,47,458,543,53,596,340,23,363,49,2,51,194,22,216,125,12,137,9,,9,34,1,35,113,15,128,643,70,713,50,9,59,74,6,80,50,3,53,118,7,125,53058,3893,56951,0,0,0,53058,3893,56951,,,
2013-02,250,19,269,100,6,106,53,4,57,67,3,70,16,,16,334,17,351,69,3,72,266,24,290,684,86,770,235,14,249,98,8,106,1122,58,1180,75,8,83,61,7,68,67,3,70,125,2,127,529,45,574,224,8,232,160,5,165,41,5,46,157,13,170,131,12,143,612,61,673,355,44,399,53,4,57,2290,95,2385,33,3,36,251,36,287,567,40,607,469,22,491,34,3,37,1595,101,1696,66,2,68,2669,263,2932,259,19,278,270,16,286,376,39,415,145,7,152,545,42,587,18,,18,280,17,297,114,13,127,120,13,133,337,30,367,3209,166,3375,156,10,166,91,6,97,1024,58,1082,1338,151,1489,95,5,100,11,1,12,204,15,219,134,9,143,169,16,185,100,4,104,103,13,116,402,50,452,823,103,926,362,56,418,141,9,150,5050,239,5289,125,7,132,7,1,8,454,25,479,342,44,386,236,15,251,143,9,152,2559,218,2777,106,4,110,725,66,791,38,1,39,95,6,101,119,6,125,131,5,136,50,5,55,614,55,669,697,40,737,81,6,87,243,26,269,67,7,74,83,3,86,172,5,177,70,5,75,54,3,57,217,27,244,82,5,87,49,1,50,330,21,351,77,8,85,320,19,339,27,3,30,86,5,91,569,34,603,102,8,110,64,2,66,99,8,107,32,1,33,197,11,208,82,4,86,202,10,212,34,,34,220,20,240,163,18,181,53,3,56,159,11,170,169,17,186,1475,76,1551,720,62,782,53,2,55,58,4,62,306,25,331,89,2,91,107,7,114,73,3,76,47,5,52,176,15,191,63,5,68,164,13,177,20,,20,48,6,54,79,4,83,1937,118,2055,477,31,508,24,1,25,141,9,150,69,10,79,573,49,622,167,11,178,35,1,36,233,13,246,57,3,60,25,5,30,206,14,220,79,3,82,98,9,107,79,2,81,227,11,238,285,10,295,363,36,399,38,5,43,89,5,94,644,60,704,67,3,70,76,4,80,79,13,92,171,10,181,413,47,460,544,56,600,342,22,364,50,2,52,193,21,214,123,13,136,8,,8,34,1,35,113,16,129,625,67,692,51,8,59,72,5,77,47,4,51,117,7,124,52727,3863,56590,0,0,0,52727,3863,56590,,,
2013-03,251,18,269,102,6,108,54,4,58,69,3,72,13,,13,344,18,362,63,4,67,256,24,280,676,89,765,241,14,255,94,8,102,1104,59,1163,75,7,82,63,7,70,62,3,65,126,2,128,521,51,572,224,8,232,158,5,163,39,6,45,163,14,177,126,14,140,614,60,674,344,41,385,58,4,62,2284,94,2378,33,2,35,246,33,279,573,38,611,447,23,470,31,3,34,1594,101,1695,66,2,68,2637,279,2916,263,19,282,269,19,288,382,41,423,137,6,143,543,39,582,18,,18,282,16,298,109,12,121,117,13,130,330,30,360,3222,169,3391,161,9,170,92,6,98,1004,60,1064,1331,144,1475,92,5,97,10,1,11,205,13,218,129,10,139,169,16,185,105,4,109,102,11,113,397,52,449,812,103,915,350,57,407,144,5,149,5014,232,5246,120,9,129,7,1,8,453,25,478,343,51,394,225,13,238,134,9,143,2526,212,2738,107,4,111,722,69,791,38,1,39,96,5,101,119,7,126,135,7,142,45,5,50,614,50,664,706,38,744,84,6,90,247,28,275,69,7,76,88,4,92,168,5,173,67,4,71,53,4,57,222,27,249,83,5,88,52,1,53,326,21,347,76,9,85,326,19,345,27,2,29,84,5,89,577,33,610,97,8,105,62,2,64,97,8,105,29,1,30,200,11,211,82,4,86,198,10,208,36,,36,222,20,242,159,18,177,48,3,51,157,11,168,169,16,185,1460,76,1536,705,60,765,51,2,53,57,4,61,312,28,340,86,2,88,102,8,110,72,3,75,45,5,50,171,13,184,65,5,70,170,15,185,20,,20,50,6,56,75,4,79,1928,118,2046,465,29,494,22,1,23,141,8,149,70,8,78,572,47,619,165,11,176,33,1,34,234,12,246,55,3,58,25,5,30,208,15,223,78,4,82,95,9,104,78,2,80,231,13,244,291,10,301,355,34,389,39,5,44,87,3,90,649,61,710,66,3,69,76,4,80,78,13,91,173,9,182,402,47,449,529,60,589,332,23,355,50,2,52,197,22,219,131,13,144,9,,9,33,1,34,111,16,127,619,64,683,47,7,54,72,4,76,47,3,50,115,7,122,52384,3862,56246,0,0,0,52384,3862,56246,,,
2013-04,248,18,266,104,9,113,53,3,56,67,3,70,13,,13,335,17,352,61,4,65,254,27,281,671,85,756,241,14,255,97,8,105,1106,55,1161,75,7,82,62,7,69,65,3,68,125,3,128,518,50,568,217,8,225,155,4,159,37,6,43,166,13,179,126,11,137,596,58,654,350,41,391,61,4,65,2295,91,2386,32,2,34,243,35,278,551,39,590,464,22,486,33,3,36,1591,99,1690,60,2,62,2655,272,2927,265,20,285,266,19,285,384,38,422,130,7,137,532,37,569,18,,18,276,18,294,110,13,123,123,14,137,323,26,349,3197,168,3365,158,10,168,94,5,99,1007,60,1067,1307,139,1446,94,4,98,11,1,12,209,14,223,136,9,145,168,15,183,101,4,105,102,10,112,399,54,453,822,102,924,341,56,397,147,7,154,4982,235,5217,118,6,124,7,1,8,467,25,492,349,50,399,228,14,242,129,9,138,2513,205,2718,102,3,105,737,77,814,35,1,36,102,6,108,119,7,126,134,6,140,46,5,51,603,54,657,703,38,741,79,6,85,244,32,276,66,7,73,85,4,89,172,4,176,69,4,73,51,4,55,217,29,246,87,5,92,49,1,50,325,20,345,74,10,84,327,19,346,26,2,28,88,5,93,575,30,605,91,9,100,61,2,63,103,7,110,23,1,24,196,11,207,81,4,85,197,9,206,31,,31,222,20,242,163,21,184,48,3,51,158,11,169,168,14,182,1439,73,1512,709,59,768,47,2,49,54,4,58,302,26,328,82,2,84,96,10,106,73,3,76,46,5,51,166,12,178,65,5,70,173,17,190,19,,19,51,7,58,75,4,79,1916,114,2030,460,28,488,20,1,21,140,7,147,71,8,79,556,44,600,166,10,176,33,1,34,236,12,248,51,3,54,24,5,29,204,14,218,79,5,84,91,9,100,78,2,80,239,13,252,296,12,308,358,33,391,37,5,42,86,5,91,650,65,715,66,4,70,75,4,79,79,15,94,168,9,177,387,46,433,526,58,584,338,22,360,50,2,52,200,21,221,136,14,150,8,,8,32,1,33,115,15,130,610,63,673,50,6,56,71,3,74,49,2,51,116,7,123,52161,3826,55987,0,0,0,52161,3826,55987,,,
2013-05,257,20,277,101,9,110,49,3,52,68,3,71,14,,14,345,15,360,59,4,63,250,25,275,668,82,750,236,14,250,95,8,103,1097,50,1147,78,6,84,66,7,73,69,3,72,120,4,124,506,49,555,212,9,221,152,5,157,35,6,41,164,13,177,124,10,134,587,55,642,350,39,389,64,4,68,2275,87,2362,36,1,37,236,35,271,555,40,595,462,22,484,36,3,39,1573,106,1679,58,2,60,2630,264,2894,257,19,276,262,18,280,384,39,423,133,6,139,537,41,578,17,,17,271,14,285,106,12,118,123,14,137,317,22,339,3243,162,3405,150,12,162,97,6,103,1000,59,1059,1308,135,1443,96,4,100,11,1,12,213,13,226,134,10,144,175,14,189,97,4,101,98,10,108,413,52,465,811,102,913,334,51,385,139,8,147,4994,231,5225,115,8,123,6,1,7,472,26,498,358,52,410,219,13,232,123,9,132,2525,206,2731,106,2,108,728,77,805,35,1,36,107,5,112,117,7,124,139,7,146,49,5,54,614,54,668,708,39,747,79,5,84,251,30,281,66,8,74,89,4,93,178,4,182,73,3,76,50,4,54,210,28,238,85,5,90,46,1,47,327,21,348,71,8,79,325,23,348,27,3,30,91,5,96,572,31,603,89,10,99,64,2,66,102,9,111,24,2,26,191,10,201,81,5,86,195,9,204,34,,34,213,20,233,159,19,178,45,1,46,156,13,169,168,14,182,1398,70,1468,698,55,753,48,2,50,53,2,55,299,26,325,83,2,85,98,9,107,71,2,73,49,9,58,169,12,181,59,4,63,171,17,188,21,,21,48,8,56,74,4,78,1905,114,2019,447,26,473,23,1,24,142,7,149,73,8,81,542,42,584,167,10,177,33,1,34,225,13,238,52,3,55,24,5,29,202,15,217,77,5,82,94,9,103,84,2,86,237,13,250,300,13,313,356,30,386,35,5,40,89,3,92,633,62,695,64,4,68,73,3,76,79,16,95,166,9,175,394,49,443,519,58,577,348,22,370,51,3,54,200,21,221,141,14,155,9,,9,34,1,35,113,13,126,599,64,663,46,6,52,66,3,69,47,4,51,114,6,120,51971,3776,55747,0,0,0,51971,3776,55747,,,
2013-06,283,20,303,103,11,114,50,3,53,70,3,73,15,1,16,339,17,356,61,4,65,249,28,277,663,87,750,247,15,262,94,7,101,1085,50,1135,73,6,79,65,7,72,69,3,72,113,4,117,510,48,558,208,9,217,147,5,152,39,6,45,163,13,176,125,10,135,581,53,634,346,39,385,61,3,64,2253,91,2344,34,1,35,234,36,270,540,43,583,455,23,478,35,2,37,1570,108,1678,57,2,59,2601,261,2862,258,20,278,262,17,279,378,38,416,126,6,132,536,40,576,18,,18,274,14,288,105,11,116,116,14,130,313,22,335,3175,151,3326,158,13,171,98,5,103,992,60,1052,1305,134,1439,93,3,96,11,1,12,213,15,228,130,11,141,173,13,186,98,4,102,96,11,107,399,49,448,803,104,907,332,48,380,139,8,147,4965,230,5195,120,7,127,6,1,7,460,25,485,347,46,393,216,12,228,121,9,130,2487,198,2685,104,2,106,724,78,802,36,1,37,107,5,112,116,7,123,136,7,143,55,4,59,587,57,644,701,41,742,76,6,82,248,30,278,65,9,74,88,4,92,183,4,187,72,3,75,50,3,53,208,28,236,84,5,89,46,1,47,324,19,343,67,8,75,314,25,339,28,3,31,85,5,90,560,26,586,89,10,99,63,2,65,107,8,115,24,2,26,189,9,198,82,5,87,195,8,203,35,,35,214,20,234,163,20,183,44,1,45,147,11,158,166,15,181,1390,72,1462,699,51,750,46,3,49,50,2,52,300,24,324,80,3,83,95,8,103,69,3,72,51,9,60,167,11,178,57,3,60,170,18,188,21,,21,50,8,58,75,4,79,1908,117,2025,444,23,467,20,1,21,143,6,149,75,7,82,530,39,569,172,14,186,32,1,33,224,13,237,50,3,53,22,5,27,203,15,218,72,5,77,88,9,97,83,2,85,240,13,253,310,11,321,353,32,385,34,4,38,88,4,92,610,62,672,64,4,68,69,4,73,73,15,88,171,9,180,398,47,445,510,58,568,346,21,367,49,3,52,209,21,230,144,13,157,10,,10,30,1,31,107,15,122,574,66,640,49,6,55,67,3,70,45,2,47,115,7,122,51494,3751,55245,0,0,0,51494,3751,55245,,,
2013-07,292,20,312,100,11,111,49,2,51,75,3,78,15,,15,326,16,342,59,3,62,258,29,287,657,78,735,246,15,261,91,7,98,1091,47,1138,69,7,76,66,6,72,74,2,76,113,3,116,503,46,549,208,9,217,147,5,152,39,6,45,165,12,177,123,10,133,578,50,628,348,37,385,63,3,66,2228,83,2311,36,1,37,229,37,266,547,44,591,453,23,476,35,2,37,1544,102,1646,54,2,56,2608,259,2867,255,19,274,263,17,280,386,37,423,126,6,132,534,42,576,19,,19,272,13,285,102,10,112,122,14,136,309,22,331,3186,156,3342,156,13,169,96,4,100,979,62,1041,1269,126,1395,92,3,95,11,1,12,213,15,228,128,9,137,173,11,184,94,5,99,100,11,111,387,52,439,802,97,899,332,42,374,137,10,147,4962,224,5186,118,7,125,6,1,7,463,26,489,340,49,389,217,14,231,119,10,129,2458,189,2647,101,3,104,722,79,801,37,,37,106,7,113,117,7,124,135,7,142,51,4,55,583,59,642,701,46,747,76,5,81,245,27,272,63,9,72,89,4,93,180,4,184,74,3,77,50,4,54,218,27,245,82,6,88,46,1,47,306,19,325,69,8,77,305,23,328,30,3,33,86,5,91,562,26,588,88,12,100,62,2,64,102,7,109,26,1,27,198,12,210,80,7,87,192,8,200,35,,35,215,20,235,169,20,189,43,1,44,149,12,161,162,13,175,1360,76,1436,690,49,739,51,1,52,54,3,57,300,22,322,82,3,85,92,9,101,72,3,75,52,8,60,170,10,180,55,3,58,170,18,188,20,,20,50,9,59,74,3,77,1900,118,2018,442,25,467,22,1,23,150,5,155,72,7,79,527,37,564,172,11,183,33,1,34,222,12,234,51,3,54,23,5,28,195,14,209,68,5,73,92,6,98,83,2,85,235,13,248,322,11,333,345,32,377,40,3,43,83,4,87,613,59,672,66,4,70,68,3,71,71,14,85,174,9,183,400,45,445,513,60,573,344,24,368,50,3,53,199,21,220,146,13,159,10,,10,29,1,30,108,15,123,568,60,628,47,6,53,68,3,71,43,3,46,113,7,120,51269,3680,54949,0,0,0,51269,3680,54949,,,
2013-08,302,19,321,101,10,111,48,2,50,74,3,77,14,1,15,333,16,349,57,4,61,250,26,276,643,72,715,245,14,259,92,7,99,1073,47,1120,65,7,72,62,6,68,72,3,75,106,3,109,507,45,552,210,8,218,151,5,156,36,5,41,170,11,181,118,9,127,560,48,608,339,36,375,62,4,66,2213,80,2293,37,1,38,236,39,275,539,42,581,443,23,466,35,2,37,1530,104,1634,48,2,50,2600,249,2849,257,19,276,256,19,275,390,37,427,124,6,130,542,39,581,18,,18,273,13,286,104,9,113,120,14,134,303,22,325,3174,154,3328,146,15,161,100,6,106,993,60,1053,1287,131,1418,95,3,98,11,,11,215,15,230,127,10,137,176,13,189,93,4,97,98,13,111,375,49,424,801,96,897,328,43,371,142,10,152,4958,215,5173,117,6,123,6,1,7,470,26,496,348,47,395,217,13,230,121,10,131,2445,190,2635,103,3,106,728,85,813,35,1,36,109,9,118,114,6,120,134,7,141,52,4,56,575,58,633,715,46,761,75,6,81,252,26,278,65,8,73,91,4,95,180,4,184,70,4,74,49,2,51,214,28,242,81,7,88,44,1,45,308,19,327,71,8,79,310,22,332,31,3,34,86,5,91,567,27,594,95,10,105,62,3,65,93,7,100,26,1,27,197,12,209,78,7,85,194,7,201,34,,34,212,18,230,168,17,185,43,1,44,152,12,164,157,15,172,1343,71,1414,664,45,709,54,2,56,59,3,62,299,24,323,74,3,77,88,9,97,76,3,79,51,8,59,166,7,173,53,4,57,177,18,195,20,,20,50,8,58,78,2,80,1888,118,2006,446,27,473,18,1,19,148,6,154,72,8,80,516,35,551,168,14,182,31,1,32,221,13,234,49,3,52,25,5,30,197,17,214,69,5,74,90,7,97,84,2,86,227,16,243,330,12,342,345,30,375,41,2,43,84,4,88,608,54,662,64,4,68,65,4,69,72,13,85,185,9,194,387,43,430,500,60,560,354,23,377,48,1,49,196,20,216,144,13,157,10,1,11,29,1,30,101,13,114,571,61,632,45,5,50,72,3,75,41,3,44,115,7,122,51079,3635,54714,0,0,0,51079,3635,54714,,,
2013-09,325,20,345,101,9,110,49,2,51,73,3,76,13,1,14,341,20,361,58,3,61,253,27,280,657,84,741,248,14,262,89,6,95,1064,47,1111,63,7,70,62,6,68,71,3,74,101,3,104,515,46,561,208,9,217,152,6,158,35,5,40,174,12,186,118,12,130,561,48,609,331,34,365,60,4,64,2189,81,2270,34,1,35,244,39,283,544,45,589,452,22,474,37,2,39,1513,102,1615,48,2,50,2611,246,2857,250,18,268,251,18,269,381,32,413,120,6,126,536,37,573,18,,18,270,11,281,103,9,112,113,12,125,303,20,323,3166,158,3324,146,13,159,98,5,103,987,60,1047,1286,132,1418,100,3,103,11,,11,212,15,227,131,10,141,176,12,188,93,5,98,93,11,104,377,50,427,794,99,893,330,42,372,142,11,153,4944,217,5161,117,7,124,6,1,7,468,23,491,342,46,388,217,14,231,125,9,134,2458,187,2645,102,2,104,720,82,802,36,,36,112,9,121,109,5,114,134,8,142,48,5,53,571,54,625,725,45,770,79,6,85,255,26,281,66,9,75,88,4,92,177,4,181,67,4,71,51,2,53,214,29,243,77,6,83,48,1,49,306,16,322,69,8,77,314,20,334,28,3,31,81,5,86,568,27,595,94,10,104,61,3,64,94,7,101,26,1,27,196,10,206,78,8,86,189,7,196,36,,36,208,17,225,169,16,185,45,2,47,144,12,156,156,15,171,1340,68,1408,662,42,704,52,1,53,62,3,65,291,22,313,78,4,82,87,11,98,75,4,79,52,8,60,166,9,175,57,4,61,180,16,196,21,,21,47,8,55,75,2,77,1892,119,2011,442,26,468,18,1,19,148,7,155,72,8,80,504,31,535,165,13,178,28,1,29,216,13,229,49,3,52,25,5,30,200,17,217,69,5,74,89,7,96,85,3,88,230,16,246,323,11,334,335,32,367,45,3,48,83,4,87,605,50,655,64,5,69,68,3,71,72,13,85,188,10,198,398,38,436,505,60,565,344,18,362,50,2,52,195,22,217,148,15,163,10,1,11,29,1,30,105,14,119,558,61,619,43,7,50,70,4,74,38,2,40,117,7,124,50969,3612,54581,0,0,0,50969,3612,54581,,,
2013-10,345,22,367,99,8,107,48,1,49,71,3,74,14,1,15,333,22,355,57,4,61,266,24,290,658,81,739,251,14,265,87,6,93,1063,48,1111,64,7,71,61,7,68,71,3,74,94,2,96,515,49,564,209,8,217,150,6,156,34,5,39,177,12,189,116,11,127,557,46,603,340,31,371,58,4,62,2183,79,2262,34,2,36,236,38,274,520,43,563,449,22,471,37,2,39,1494,108,1602,48,2,50,2613,239,2852,252,17,269,247,18,265,385,34,419,119,6,125,542,37,579,18,,18,271,13,284,107,8,115,107,14,121,302,20,322,3179,150,3329,156,13,169,100,5,105,985,57,1042,1269,130,1399,97,4,101,12,,12,214,15,229,133,8,141,185,13,198,92,4,96,94,11,105,392,52,444,801,101,902,330,42,372,141,13,154,4945,221,5166,119,8,127,5,1,6,475,26,501,343,45,388,218,13,231,128,10,138,2428,191,2619,100,3,103,725,80,805,35,1,36,120,11,131,110,5,115,136,8,144,50,7,57,555,55,610,723,42,765,76,6,82,251,24,275,62,7,69,90,5,95,172,4,176,70,3,73,52,1,53,220,29,249,78,6,84,45,1,46,309,17,326,63,7,70,310,20,330,30,2,32,81,5,86,564,28,592,96,11,107,63,4,67,95,6,101,26,1,27,191,9,200,77,8,85,179,6,185,36,,36,203,18,221,172,18,190,42,1,43,151,13,164,158,14,172,1342,70,1412,658,51,709,50,1,51,61,3,64,277,21,298,77,4,81,90,8,98,78,3,81,52,8,60,173,9,182,61,4,65,174,17,191,22,,22,46,7,53,74,2,76,1919,121,2040,445,25,470,19,1,20,140,7,147,70,7,77,512,31,543,170,15,185,26,1,27,212,14,226,52,3,55,27,4,31,192,18,210,68,5,73,91,6,97,84,3,87,225,15,240,323,13,336,330,31,361,38,3,41,83,4,87,598,49,647,65,6,71,67,3,70,74,13,87,185,8,193,378,37,415,510,60,570,347,18,365,50,1,51,187,22,209,160,13,173,9,1,10,27,1,28,105,13,118,558,62,620,42,6,48,73,5,78,43,3,46,119,7,126,50917,3609,54526,0,0,0,50917,3609,54526,,,
2013-11,370,23,393,98,8,106,50,1,51,74,4,78,14,1,15,320,21,341,65,4,69,264,24,288,646,81,727,255,14,269,91,6,97,1058,50,1108,64,7,71,60,6,66,71,3,74,89,2,91,502,47,549,210,8,218,157,6,163,33,5,38,176,12,188,116,11,127,547,48,595,344,31,375,59,4,63,2161,72,2233,34,2,36,237,36,273,498,42,540,457,21,478,35,2,37,1480,110,1590,49,2,51,2616,245,2861,252,18,270,243,17,260,383,34,417,117,6,123,536,35,571,18,,18,265,13,278,106,8,114,104,10,114,305,20,325,3171,157,3328,152,12,164,98,6,104,989,62,1051,1257,129,1386,97,4,101,12,,12,210,14,224,133,9,142,178,12,190,89,5,94,92,11,103,384,44,428,807,98,905,332,43,375,140,15,155,4956,219,5175,117,7,124,5,1,6,478,27,505,336,45,381,217,12,229,126,11,137,2447,188,2635,100,2,102,710,74,784,37,1,38,129,11,140,104,6,110,142,9,151,51,7,58,545,57,602,711,43,754,76,6,82,255,23,278,59,6,65,89,5,94,176,3,179,69,4,73,53,1,54,213,28,241,75,7,82,48,1,49,310,15,325,67,6,73,304,20,324,30,2,32,81,5,86,557,28,585,95,11,106,64,4,68,94,6,100,26,1,27,199,8,207,81,8,89,174,5,179,34,,34,206,18,224,169,18,187,41,1,42,155,13,168,156,15,171,1325,69,1394,654,53,707,53,1,54,60,3,63,277,17,294,77,4,81,92,8,100,73,5,78,54,8,62,173,10,183,58,4,62,169,18,187,22,,22,45,6,51,74,2,76,1916,120,2036,451,30,481,19,1,20,134,6,140,72,7,79,511,30,541,174,14,188,26,1,27,215,14,229,52,3,55,27,4,31,186,17,203,67,4,71,91,6,97,87,3,90,225,17,242,322,13,335,335,29,364,37,2,39,85,5,90,594,49,643,61,6,67,67,2,69,67,12,79,180,7,187,375,38,413,508,60,568,343,18,361,47,2,49,188,22,210,158,14,172,9,1,10,25,,25,102,16,118,557,65,622,42,6,48,69,5,74,41,2,43,119,8,127,50727,3596,54323,0,0,0,50727,3596,54323,,,
2013-12,385,24,409,90,7,97,49,1,50,76,6,82,13,1,14,317,19,336,61,3,64,258,26,284,641,81,722,251,10,261,94,5,99,1055,53,1108,65,7,72,68,6,74,72,4,76,93,1,94,499,43,542,203,7,210,158,7,165,31,5,36,176,12,188,115,13,128,555,48,603,350,32,382,63,4,67,2165,75,2240,34,2,36,236,34,270,489,37,526,448,21,469,35,2,37,1498,115,1613,47,2,49,2589,243,2832,244,17,261,242,16,258,391,34,425,119,5,124,535,38,573,18,,18,257,14,271,105,8,113,104,9,113,305,20,325,3140,150,3290,156,13,169,99,5,104,1011,68,1079,1252,131,1383,96,4,100,12,,12,204,14,218,139,9,148,175,14,189,91,6,97,93,13,106,375,45,420,826,98,924,339,45,384,141,14,155,4950,219,5169,115,8,123,5,1,6,496,24,520,342,50,392,213,10,223,124,10,134,2416,180,2596,102,4,106,700,69,769,39,,39,136,11,147,109,6,115,142,9,151,47,7,54,529,56,585,713,45,758,76,5,81,261,22,283,58,7,65,87,6,93,174,4,178,76,5,81,49,2,51,220,28,248,74,7,81,47,1,48,306,17,323,64,5,69,308,20,328,30,2,32,81,5,86,555,28,583,90,11,101,61,3,64,95,7,102,25,1,26,199,8,207,80,8,88,174,6,180,37,,37,207,19,226,161,17,178,40,,40,152,14,166,152,15,167,1323,71,1394,647,51,698,54,1,55,62,2,64,274,23,297,78,4,82,89,7,96,79,4,83,49,7,56,168,9,177,59,2,61,176,16,192,22,,22,49,5,54,72,2,74,1924,119,2043,435,33,468,19,1,20,134,7,141,72,8,80,493,33,526,170,15,185,29,1,30,217,15,232,51,4,55,24,4,28,194,17,211,69,4,73,91,6,97,84,3,87,215,19,234,327,15,342,326,33,359,35,2,37,86,3,89,586,48,634,61,6,67,66,3,69,64,13,77,184,7,191,388,40,428,501,60,561,346,22,368,48,2,50,188,21,209,156,14,170,8,1,9,25,,25,101,18,119,564,60,624,43,6,49,72,5,77,40,2,42,122,8,130,50624,3610,54234,0,0,0,50624,3610,54234,,,
2014-01,395,29,424,92,7,99,51,1,52,74,6,80,11,1,12,322,17,339,60,3,63,256,23,279,644,84,728,252,12,264,88,5,93,1043,53,1096,62,7,69,65,6,71,74,5,79,89,1,90,491,44,535,208,8,216,148,7,155,29,4,33,171,14,185,118,13,131,554,50,604,344,30,374,62,4,66,2169,68,2237,34,2,36,227,33,260,481,40,521,448,21,469,34,2,36,1480,112,1592,45,2,47,2553,229,2782,240,16,256,241,14,255,385,34,419,115,4,119,523,38,561,16,,16,262,14,276,105,7,112,98,7,105,296,20,316,3144,147,3291,150,11,161,95,6,101,1007,67,1074,1238,136,1374,95,4,99,12,,12,204,14,218,147,9,156,173,16,189,89,5,94,93,14,107,355,41,396,821,94,915,345,44,389,143,15,158,4900,215,5115,110,7,117,5,1,6,499,26,525,342,48,390,221,12,233,123,9,132,2415,178,2593,102,4,106,693,71,764,39,1,40,134,11,145,103,6,109,141,12,153,48,7,55,531,52,583,704,41,745,74,4,78,254,23,277,57,6,63,87,5,92,175,3,178,74,4,78,53,1,54,209,29,238,75,7,82,48,2,50,302,17,319,66,5,71,303,17,320,31,2,33,83,6,89,554,28,582,90,10,100,62,2,64,96,7,103,26,1,27,193,9,202,76,6,82,168,6,174,35,,35,203,20,223,160,17,177,41,,41,156,16,172,147,13,160,1296,67,1363,637,55,692,53,1,54,60,2,62,278,20,298,76,3,79,87,7,94,79,3,82,48,5,53,166,7,173,56,2,58,172,15,187,21,,21,43,6,49,68,3,71,1922,117,2039,432,30,462,18,1,19,130,8,138,69,10,79,482,34,516,168,14,182,28,1,29,207,13,220,49,3,52,25,3,28,190,15,205,69,4,73,95,5,100,82,3,85,217,14,231,329,14,343,324,31,355,36,3,39,89,3,92,584,53,637,62,6,68,61,3,64,68,13,81,180,8,188,388,39,427,476,63,539,341,26,367,48,2,50,185,21,206,160,14,174,8,1,9,24,,24,102,17,119,552,57,609,41,5,46,68,4,72,43,2,45,120,8,128,50186,3551,53737,0,0,0,50186,3551,53737,,,
2014-02,397,32,429,88,7,95,54,2,56,73,6,79,11,1,12,311,16,327,60,3,63,262,23,285,632,79,711,244,13,257,86,5,91,1037,56,1093,64,6,70,63,5,68,76,5,81,87,,87,503,44,547,198,7,205,152,6,158,30,4,34,176,13,189,117,13,130,559,50,609,342,29,371,60,4,64,2134,63,2197,32,2,34,229,34,263,476,39,515,438,22,460,32,2,34,1440,103,1543,45,2,47,2492,227,2719,235,16,251,242,13,255,383,31,414,117,5,122,506,36,542,16,,16,259,13,272,101,7,108,100,8,108,298,20,318,3104,149,3253,143,10,153,98,6,104,1005,68,1073,1212,131,1343,92,4,96,13,,13,199,15,214,142,7,149,172,16,188,90,4,94,96,14,110,344,41,385,805,91,896,344,42,386,139,14,153,4870,215,5085,113,8,121,5,1,6,500,27,527,357,52,409,210,11,221,121,11,132,2383,171,2554,101,3,104,686,67,753,39,2,41,143,13,156,102,5,107,149,12,161,50,7,57,527,49,576,705,42,747,75,4,79,252,23,275,57,6,63,88,5,93,174,2,176,75,4,79,55,2,57,200,24,224,74,6,80,43,2,45,287,16,303,63,5,68,297,18,315,30,1,31,81,5,86,543,26,569,91,10,101,65,2,67,94,9,103,25,1,26,191,8,199,73,5,78,165,6,171,31,,31,198,17,215,157,17,174,40,,40,153,16,169,146,15,161,1270,63,1333,620,54,674,51,1,52,58,2,60,272,22,294,80,3,83,86,5,91,81,4,85,48,5,53,173,7,180,59,2,61,175,16,191,21,,21,43,5,48,64,3,67,1917,113,2030,423,30,453,17,1,18,126,8,134,72,10,82,484,32,516,163,11,174,26,1,27,206,13,219,50,2,52,23,2,25,201,20,221,65,4,69,91,4,95,82,3,85,215,17,232,329,14,343,328,31,359,34,3,37,83,3,86,584,53,637,64,7,71,65,3,68,63,14,77,183,9,192,380,42,422,457,62,519,333,25,358,47,2,49,188,21,209,160,15,175,8,,8,28,,28,101,16,117,553,54,607,39,6,45,67,3,70,43,2,45,117,8,125,49655,3491,53146,0,0,0,49655,3491,53146,,,
2014-03,408,36,444,89,7,96,55,2,57,73,6,79,11,1,12,325,18,343,63,4,67,263,24,287,624,80,704,237,11,248,84,5,89,1040,56,1096,67,6,73,64,5,69,76,6,82,87,,87,512,44,556,196,7,203,148,6,154,31,4,35,180,12,192,112,13,125,564,46,610,337,32,369,62,5,67,2109,62,2171,33,2,35,229,34,263,492,43,535,444,21,465,32,2,34,1418,95,1513,45,2,47,2499,228,2727,241,15,256,248,12,260,367,35,402,117,5,122,495,38,533,15,,15,254,15,269,99,6,105,94,8,102,298,20,318,3105,155,3260,147,8,155,98,5,103,1001,68,1069,1222,130,1352,91,3,94,11,,11,197,14,211,142,7,149,175,16,191,93,5,98,90,13,103,334,40,374,802,91,893,341,43,384,139,13,152,4835,216,5051,104,8,112,6,1,7,496,28,524,358,54,412,200,10,210,120,11,131,2414,168,2582,101,4,105,694,69,763,39,2,41,152,15,167,102,6,108,152,10,162,47,7,54,517,48,565,713,44,757,74,4,78,251,21,272,54,7,61,91,5,96,166,2,168,72,4,76,53,2,55,202,22,224,77,6,83,45,2,47,290,15,305,65,5,70,295,20,315,29,,29,80,6,86,545,24,569,92,11,103,63,2,65,97,11,108,25,1,26,184,8,192,76,4,80,164,5,169,31,,31,197,17,214,155,18,173,38,,38,149,16,165,139,12,151,1249,62,1311,623,55,678,52,1,53,61,2,63,269,23,292,80,3,83,87,5,92,75,4,79,49,5,54,175,8,183,57,2,59,173,15,188,22,,22,46,4,50,65,3,68,1923,107,2030,426,32,458,17,1,18,125,8,133,71,8,79,479,31,510,167,13,180,26,1,27,196,11,207,47,2,49,24,2,26,206,19,225,61,4,65,89,4,93,78,3,81,213,18,231,328,17,345,328,29,357,36,3,39,80,3,83,570,48,618,64,6,70,64,3,67,61,12,73,176,9,185,380,38,418,458,58,516,339,26,365,47,1,48,190,22,212,162,16,178,8,,8,26,,26,94,16,110,543,54,597,39,5,44,73,4,77,41,1,42,112,8,120,49524,3476,53000,0,0,0,49524,3476,53000,,,
2014-04,418,39,457,89,7,96,53,2,55,76,7,83,12,1,13,322,18,340,60,6,66,261,21,282,628,82,710,242,12,254,84,5,89,1045,57,1102,64,6,70,64,6,70,78,7,85,89,1,90,501,41,542,202,8,210,147,5,152,30,2,32,178,12,190,112,13,125,546,50,596,338,30,368,66,5,71,2101,63,2164,34,2,36,234,31,265,492,39,531,436,22,458,29,2,31,1418,94,1512,45,2,47,2520,235,2755,240,16,256,239,11,250,370,36,406,116,5,121,489,37,526,15,,15,261,12,273,99,7,106,94,7,101,291,19,310,3083,152,3235,141,9,150,97,5,102,996,70,1066,1226,124,1350,89,3,92,12,,12,194,13,207,141,9,150,176,14,190,92,4,96,87,13,100,334,46,380,791,97,888,347,41,388,142,13,155,4825,216,5041,106,7,113,6,1,7,497,29,526,359,55,414,199,10,209,114,11,125,2411,177,2588,102,2,104,698,65,763,40,2,42,159,16,175,102,5,107,149,10,159,45,6,51,512,49,561,711,45,756,76,4,80,254,23,277,56,8,64,91,5,96,166,4,170,75,4,79,54,2,56,207,24,231,81,6,87,48,2,50,285,18,303,64,4,68,296,18,314,28,,28,79,6,85,547,24,571,97,9,106,66,2,68,103,11,114,25,1,26,186,9,195,80,4,84,161,6,167,37,,37,195,17,212,162,19,181,35,,35,154,16,170,139,11,150,1242,61,1303,638,55,693,50,1,51,60,1,61,267,21,288,80,2,82,89,6,95,76,1,77,48,5,53,174,7,181,60,1,61,168,14,182,22,,22,48,4,52,65,3,68,1907,110,2017,438,29,467,16,1,17,127,8,135,69,9,78,489,34,523,161,11,172,26,1,27,197,10,207,46,2,48,24,2,26,211,20,231,64,4,68,87,4,91,77,3,80,213,15,228,337,16,353,324,31,355,35,6,41,84,3,87,575,49,624,64,7,71,68,3,71,59,12,71,172,9,181,382,38,420,469,57,526,336,27,363,47,,47,189,21,210,162,19,181,7,,7,27,,27,91,16,107,539,58,597,36,4,40,79,4,83,37,1,38,111,8,119,49527,3493,53020,0,0,0,49527,3493,53020,,,
2014-05,213,9,222,98,7,105,54,2,56,80,8,88,11,1,12,320,19,339,61,5,66,265,20,285,625,82,707,246,10,256,82,5,87,1059,56,1115,63,6,69,66,6,72,79,7,86,86,1,87,494,39,533,202,10,212,144,6,150,30,2,32,181,9,190,115,14,129,553,53,606,338,28,366,67,5,72,2097,67,2164,38,2,40,232,29,261,499,43,542,428,21,449,31,2,33,1426,100,1526,46,2,48,2568,244,2812,237,15,252,242,10,252,378,35,413,115,4,119,515,41,556,18,,18,263,12,275,97,7,104,94,7,101,294,17,311,3113,156,3269,137,9,146,92,5,97,1006,70,1076,1217,121,1338,91,3,94,12,,12,195,13,208,141,10,151,171,17,188,98,5,103,90,12,102,337,49,386,791,105,896,355,43,398,139,14,153,4872,220,5092,106,10,116,6,1,7,506,27,533,376,51,427,193,10,203,112,13,125,2427,171,2598,99,4,103,716,69,785,40,2,42,170,14,184,104,6,110,150,10,160,48,4,52,503,49,552,721,48,769,71,5,76,247,23,270,55,7,62,94,4,98,171,5,176,74,5,79,54,2,56,203,23,226,82,7,89,45,2,47,286,19,305,66,4,70,294,22,316,29,,29,81,6,87,548,27,575,94,10,104,59,2,61,102,10,112,24,1,25,189,11,200,77,4,81,163,6,169,37,,37,200,16,216,165,21,186,35,,35,160,17,177,141,9,150,1231,60,1291,649,51,700,52,1,53,62,1,63,259,16,275,80,2,82,94,6,100,78,3,81,52,5,57,177,6,183,62,1,63,163,17,180,24,,24,52,5,57,65,3,68,1934,108,2042,447,31,478,16,1,17,129,9,138,68,9,77,499,31,530,161,13,174,27,1,28,194,11,205,47,2,49,21,2,23,202,21,223,64,5,69,83,4,87,80,3,83,214,14,228,329,18,347,328,28,356,35,5,40,85,2,87,573,52,625,62,6,68,66,2,68,58,14,72,171,10,181,386,42,428,479,53,532,349,27,376,45,1,46,192,19,211,160,18,178,7,,7,26,,26,92,15,107,536,59,595,40,3,43,78,5,83,36,1,37,116,8,124,49665,3507,53172,0,0,0,49665,3507,53172,,,
2014-06,216,9,225,99,8,107,59,3,62,80,8,88,10,1,11,316,20,336,63,6,69,273,22,295,627,83,710,248,12,260,81,4,85,1058,54,1112,61,5,66,64,5,69,79,5,84,86,,86,486,37,523,203,10,213,144,6,150,29,2,31,179,9,188,109,15,124,533,48,581,335,26,361,66,5,71,2075,67,2142,37,2,39,230,29,259,503,45,548,442,22,464,30,2,32,1430,100,1530,45,2,47,2585,236,2821,238,14,252,234,10,244,384,40,424,116,4,120,527,42,569,17,,17,265,13,278,95,7,102,94,8,102,288,18,306,3128,161,3289,143,8,151,89,5,94,988,65,1053,1227,121,1348,97,3,100,11,1,12,192,13,205,134,10,144,170,13,183,94,5,99,87,11,98,324,43,367,806,99,905,351,41,392,136,12,148,4928,216,5144,108,9,117,6,1,7,510,27,537,384,45,429,188,9,197,118,13,131,2404,168,2572,98,4,102,712,75,787,41,2,43,174,15,189,101,6,107,148,10,158,51,4,55,500,47,547,719,45,764,72,5,77,247,23,270,58,7,65,93,5,98,164,5,169,70,5,75,55,2,57,208,24,232,81,7,88,47,2,49,285,18,303,67,3,70,290,22,312,28,,28,85,6,91,544,25,569,93,10,103,57,2,59,107,11,118,27,1,28,187,11,198,80,4,84,160,8,168,36,,36,192,16,208,161,23,184,34,,34,160,19,179,147,11,158,1222,60,1282,651,48,699,53,2,55,60,1,61,257,15,272,82,3,85,94,9,103,76,4,80,51,5,56,170,9,179,62,1,63,164,15,179,23,,23,50,6,56,64,2,66,1917,107,2024,450,30,480,17,1,18,132,10,142,68,8,76,497,30,527,160,13,173,26,1,27,192,11,203,45,2,47,21,2,23,198,21,219,67,5,72,82,4,86,80,2,82,212,14,226,327,18,345,334,30,364,36,7,43,91,2,93,586,52,638,64,6,70,67,2,69,55,14,69,168,10,178,388,42,430,488,52,540,356,27,383,47,1,48,186,20,206,157,16,173,7,,7,26,,26,87,13,100,527,60,587,40,3,43,78,5,83,37,1,38,119,8,127,49655,3476,53131,0,0,0,49655,3476,53131,,,
2014-08,184,7,191,94,7,101,58,4,62,84,8,92,7,2,9,320,20,340,66,7,73,273,23,296,634,85,719,256,14,270,81,4,85,1041,59,1100,62,5,67,67,5,72,74,4,78,88,,88,493,40,533,210,9,219,137,6,143,29,1,30,188,10,198,115,16,131,522,47,569,323,27,350,59,5,64,2093,71,2164,37,2,39,231,24,255,519,46,565,436,23,459,29,2,31,1492,105,1597,45,4,49,2598,240,2838,237,12,249,239,11,250,386,41,427,120,6,126,517,37,554,20,,20,261,12,273,93,8,101,87,7,94,281,21,302,3160,172,3332,138,8,146,91,6,97,992,67,1059,1217,125,1342,100,3,103,12,,12,185,14,199,141,9,150,168,14,182,88,5,93,83,14,97,314,41,355,800,98,898,357,35,392,135,12,147,4945,196,5141,109,10,119,5,1,6,508,30,538,396,45,441,184,10,194,116,10,126,2362,171,2533,100,6,106,716,76,792,40,2,42,164,15,179,106,11,117,154,9,163,51,3,54,502,46,548,725,49,774,71,4,75,248,21,269,55,5,60,89,6,95,164,5,169,69,5,74,52,2,54,216,31,247,83,7,90,44,1,45,286,16,302,63,3,66,278,26,304,29,,29,87,6,93,554,25,579,87,9,96,51,1,52,114,11,125,26,1,27,191,12,203,81,1,82,158,9,167,34,,34,185,14,199,162,21,183,33,,33,162,17,179,146,11,157,1222,59,1281,651,51,702,54,2,56,64,2,66,245,17,262,86,4,90,88,9,97,79,5,84,49,5,54,179,13,192,63,1,64,156,14,170,22,,22,48,6,54,68,3,71,1914,111,2025,447,36,483,18,,18,126,11,137,68,7,75,518,31,549,156,14,170,24,1,25,187,9,196,42,1,43,22,2,24,201,23,224,72,7,79,80,5,85,79,3,82,203,14,217,336,19,355,338,31,369,45,9,54,89,2,91,570,47,617,66,5,71,66,2,68,62,14,76,167,11,178,383,45,428,492,53,545,351,27,378,45,1,46,175,21,196,166,19,185,7,,7,27,,27,90,14,104,519,61,580,41,5,46,73,5,78,39,1,40,116,7,123,49662,3535,53197,0,0,0,49662,3535,53197,,,
2014-09,187,6,193,91,7,98,61,4,65,87,7,94,6,2,8,318,20,338,64,7,71,267,23,290,624,84,708,250,17,267,75,4,79,1044,57,1101,65,5,70,64,5,69,75,4,79,89,,89,494,39,533,207,8,215,135,5,140,29,1,30,187,10,197,115,15,130,524,50,574,326,29,355,59,5,64,2077,68,2145,34,1,35,238,20,258,527,48,575,438,23,461,26,2,28,1498,106,1604,48,3,51,2584,236,2820,236,10,246,238,14,252,381,42,423,121,6,127,529,40,569,20,,20,272,13,285,93,7,100,96,11,107,280,20,300,3171,168,3339,137,9,146,86,7,93,974,69,1043,1219,121,1340,97,3,100,13,,13,185,14,199,142,9,151,165,14,179,88,5,93,85,15,100,312,38,350,798,93,891,356,35,391,138,11,149,4938,200,5138,107,11,118,5,1,6,504,31,535,396,48,444,181,10,191,117,10,127,2316,166,2482,99,4,103,727,75,802,41,2,43,162,15,177,105,11,116,153,8,161,51,4,55,499,44,543,717,49,766,71,4,75,252,21,273,55,5,60,92,6,98,158,6,164,69,5,74,49,2,51,216,29,245,78,7,85,42,1,43,297,15,312,60,3,63,280,25,305,28,,28,88,6,94,556,23,579,92,8,100,52,1,53,114,10,124,25,1,26,197,11,208,78,1,79,168,13,181,34,,34,176,14,190,154,21,175,32,,32,153,18,171,145,9,154,1205,55,1260,648,53,701,54,2,56,59,2,61,246,19,265,81,4,85,88,10,98,83,5,88,48,6,54,181,14,195,63,1,64,159,12,171,20,,20,47,6,53,69,3,72,1926,112,2038,451,37,488,18,,18,129,10,139,72,7,79,511,30,541,156,17,173,27,1,28,183,9,192,43,1,44,20,2,22,204,23,227,75,7,82,84,6,90,82,3,85,202,16,218,335,19,354,346,33,379,45,9,54,88,2,90,561,52,613,65,5,70,66,2,68,60,13,73,165,12,177,378,43,421,495,53,548,348,28,376,44,1,45,173,20,193,160,15,175,7,,7,27,,27,90,13,103,523,59,582,42,5,47,77,4,81,42,1,43,111,7,118,49556,3518,53074,0,0,0,49556,3518,53074,,,
2014-10,189,4,193,92,8,100,58,4,62,86,6,92,6,2,8,314,23,337,67,7,74,279,26,305,626,84,710,255,19,274,78,4,82,1036,57,1093,62,5,67,63,4,67,76,5,81,94,,94,504,36,540,208,11,219,132,5,137,31,1,32,197,11,208,120,15,135,515,47,562,337,30,367,61,4,65,2049,69,2118,35,1,36,224,18,242,525,49,574,440,22,462,24,2,26,1509,104,1613,45,4,49,2600,233,2833,236,10,246,236,13,249,386,41,427,118,5,123,543,40,583,20,,20,273,16,289,97,6,103,99,12,111,276,19,295,3173,173,3346,139,10,149,84,6,90,1005,74,1079,1204,125,1329,97,3,100,12,,12,185,13,198,141,9,150,169,14,183,87,5,92,89,12,101,333,38,371,806,100,906,363,34,397,146,10,156,4922,203,5125,103,11,114,5,1,6,503,33,536,398,49,447,177,9,186,125,10,135,2336,174,2510,105,4,109,730,75,805,40,1,41,174,14,188,100,11,111,158,8,166,53,4,57,503,51,554,729,49,778,72,5,77,244,21,265,55,5,60,95,6,101,152,4,156,66,4,70,49,3,52,202,28,230,82,7,89,42,1,43,287,16,303,61,3,64,269,26,295,27,,27,84,6,90,561,23,584,90,6,96,53,1,54,118,10,128,25,2,27,196,11,207,76,1,77,166,13,179,34,,34,175,14,189,158,22,180,32,,32,156,19,175,145,8,153,1216,60,1276,664,54,718,53,1,54,55,3,58,237,23,260,79,4,83,91,9,100,86,3,89,48,6,54,173,13,186,59,1,60,155,13,168,21,,21,50,6,56,71,3,74,1911,113,2024,460,37,497,17,,17,129,9,138,75,7,82,509,32,541,152,15,167,29,1,30,181,8,189,44,1,45,18,2,20,211,21,232,74,7,81,83,7,90,83,4,87,208,18,226,330,18,348,343,29,372,43,9,52,89,3,92,565,57,622,65,6,71,71,3,74,60,13,73,172,10,182,392,41,433,527,52,579,339,28,367,45,,45,179,19,198,157,15,172,7,,7,27,,27,89,12,101,526,65,591,40,5,45,72,3,75,43,1,44,112,7,119,49722,3557,53279,0,0,0,49722,3557,53279,,,
2014-11,184,4,188,91,10,101,52,4,56,90,6,96,6,2,8,307,22,329,67,7,74,273,25,298,602,81,683,253,17,270,75,4,79,1036,57,1093,63,5,68,63,4,67,73,4,77,85,2,87,500,35,535,218,10,228,139,7,146,31,1,32,197,11,208,119,15,134,516,50,566,333,29,362,62,4,66,2020,63,2083,36,1,37,227,17,244,537,51,588,438,22,460,21,4,25,1536,110,1646,48,5,53,2592,229,2821,233,10,243,237,13,250,388,43,431,112,5,117,545,41,586,20,,20,274,15,289,98,6,104,94,13,107,268,21,289,3163,169,3332,140,10,150,87,6,93,979,75,1054,1188,121,1309,98,3,101,12,1,13,188,12,200,137,9,146,168,14,182,90,5,95,91,14,105,342,34,376,802,94,896,357,33,390,142,10,152,4903,199,5102,109,10,119,5,1,6,503,33,536,389,52,441,174,8,182,126,11,137,2298,168,2466,100,3,103,731,71,802,38,2,40,171,12,183,107,9,116,157,8,165,50,4,54,509,49,558,730,48,778,67,5,72,244,20,264,57,5,62,95,5,100,148,5,153,64,4,68,47,2,49,203,27,230,79,6,85,43,1,44,280,17,297,61,3,64,269,27,296,26,,26,85,7,92,555,23,578,89,5,94,53,1,54,117,8,125,25,2,27,196,9,205,79,1,80,171,13,184,34,,34,170,15,185,149,20,169,30,,30,155,18,173,148,8,156,1219,61,1280,667,53,720,54,1,55,57,3,60,239,23,262,84,5,89,90,10,100,86,4,90,47,6,53,177,14,191,59,1,60,151,12,163,18,,18,51,6,57,68,3,71,1901,113,2014,458,42,500,17,,17,132,10,142,75,6,81,505,32,537,154,16,170,29,1,30,185,12,197,44,1,45,16,2,18,204,17,221,72,5,77,84,7,91,87,4,91,216,15,231,338,18,356,352,28,380,45,8,53,89,3,92,567,57,624,65,4,69,69,3,72,62,15,77,168,10,178,386,37,423,539,54,593,339,27,366,43,,43,178,19,197,165,17,182,8,1,9,26,,26,93,12,105,531,67,598,39,5,44,79,3,82,43,1,44,113,7,120,49565,3521,53086,0,0,0,49565,3521,53086,,,
2014-12,2458,206,2664,95,10,105,53,4,57,86,6,92,10,2,12,289,24,313,60,6,66,268,22,290,587,89,676,243,14,257,69,4,73,985,53,1038,57,4,61,59,2,61,68,3,71,80,2,82,494,33,527,207,8,215,139,6,145,31,2,33,191,10,201,118,14,132,508,50,558,330,33,363,64,4,68,1935,59,1994,34,1,35,233,22,255,532,49,581,413,22,435,24,4,28,1424,93,1517,49,5,54,2452,219,2671,234,11,245,222,12,234,382,40,422,112,4,116,516,38,554,24,1,25,266,12,278,92,8,100,102,11,113,260,21,281,2990,168,3158,132,9,141,83,5,88,934,71,1005,1132,115,1247,91,4,95,10,1,11,175,13,188,122,9,131,164,11,175,91,5,96,91,15,106,339,36,375,805,92,897,355,31,386,133,11,144,4499,177,4676,96,12,108,4,1,5,483,34,517,378,47,425,172,7,179,115,9,124,2245,167,2412,102,5,107,682,62,744,35,2,37,167,11,178,94,8,102,156,7,163,46,5,51,488,50,538,708,39,747,67,5,72,239,19,258,59,4,63,87,4,91,143,3,146,65,3,68,45,2,47,196,18,214,75,6,81,45,1,46,291,15,306,62,2,64,256,26,282,25,1,26,79,6,85,530,20,550,96,6,102,49,2,51,131,8,139,26,,26,183,9,192,69,1,70,166,12,178,32,,32,167,15,182,131,17,148,26,,26,151,12,163,140,9,149,1161,57,1218,656,51,707,51,1,52,53,3,56,228,19,247,83,4,87,86,8,94,77,2,79,46,3,49,162,14,176,62,1,63,148,10,158,15,,15,48,7,55,62,4,66,1767,104,1871,445,41,486,16,,16,130,11,141,73,7,80,480,35,515,154,14,168,30,1,31,188,10,198,34,1,35,17,2,19,199,14,213,67,6,73,83,6,89,86,3,89,192,14,206,320,17,337,337,27,364,43,5,48,87,3,90,571,62,633,59,5,64,70,2,72,62,16,78,156,8,164,375,42,417,515,46,561,325,23,348,48,,48,173,18,191,170,15,185,4,1,5,26,,26,86,11,97,512,61,573,44,4,48,74,3,77,44,1,45,113,6,119,49716,3537,53253,0,0,0,49716,3537,53253,,,
2015-01,2463,206,2669,95,10,105,53,4,57,86,6,92,11,2,13,287,25,312,61,6,67,266,23,289,590,92,682,244,16,260,74,5,79,981,50,1031,58,4,62,58,3,61,68,4,72,82,2,84,489,34,523,208,8,216,135,6,141,30,3,33,192,10,202,118,14,132,509,49,558,332,35,367,66,4,70,1931,61,1992,33,1,34,225,21,246,531,49,580,428,22,450,24,4,28,1424,93,1517,47,5,52,2451,223,2674,235,10,245,221,11,232,388,40,428,112,4,116,512,38,550,23,1,24,266,12,278,92,8,100,99,9,108,259,20,279,2993,171,3164,132,9,141,85,5,90,934,70,1004,1130,113,1243,89,4,93,10,1,11,176,12,188,121,10,131,159,12,171,92,4,96,91,14,105,342,36,378,807,90,897,356,31,387,131,11,142,4523,176,4699,92,13,105,4,1,5,486,34,520,372,46,418,170,8,178,113,11,124,2238,164,2402,101,7,108,678,59,737,36,3,39,164,11,175,94,8,102,161,6,167,48,5,53,489,52,541,711,38,749,69,5,74,243,18,261,62,4,66,88,4,92,143,3,146,63,3,66,46,2,48,201,17,218,75,6,81,46,1,47,286,15,301,63,2,65,258,26,284,25,1,26,78,7,85,532,20,552,96,6,102,51,2,53,135,8,143,27,,27,183,9,192,71,1,72,167,13,180,32,,32,165,13,178,134,17,151,26,,26,148,11,159,143,9,152,1162,59,1221,647,51,698,50,1,51,52,3,55,225,20,245,81,4,85,87,8,95,78,2,80,46,3,49,159,13,172,61,1,62,147,9,156,16,,16,46,6,52,61,5,66,1778,108,1886,448,43,491,15,,15,130,10,140,73,6,79,496,34,530,152,14,166,30,1,31,184,9,193,34,1,35,17,2,19,198,12,210,67,6,73,83,6,89,86,4,90,192,14,206,316,16,332,338,28,366,42,6,48,89,3,92,567,63,630,62,5,67,73,2,75,64,16,80,157,8,165,376,39,415,516,48,564,329,23,352,50,,50,176,18,194,168,14,182,5,1,6,25,,25,85,11,96,511,63,574,44,4,48,74,3,77,42,1,43,113,6,119,49764,3544,53308,0,0,0,49764,3544,53308,,,
2015-02,2484,207,2691,94,9,103,54,4,58,86,7,93,11,2,13,285,22,307,62,7,69,262,21,283,592,95,687,245,17,262,78,5,83,994,52,1046,54,4,58,59,3,62,70,3,73,73,2,75,492,34,526,202,8,210,134,6,140,28,3,31,192,10,202,117,13,130,500,49,549,334,35,369,63,4,67,1941,63,2004,33,1,34,231,20,251,534,45,579,421,24,445,25,4,29,1428,88,1516,50,5,55,2470,235,2705,242,12,254,222,12,234,385,44,429,116,4,120,512,35,547,23,,23,267,11,278,92,9,101,97,9,106,259,19,278,2962,169,3131,133,10,143,88,5,93,935,67,1002,1134,116,1250,97,4,101,11,1,12,174,11,185,115,9,124,161,11,172,92,5,97,93,14,107,344,33,377,811,90,901,349,32,381,128,11,139,4535,173,4708,93,12,105,4,1,5,492,34,526,376,48,424,169,8,177,112,9,121,2201,169,2370,101,7,108,677,54,731,35,3,38,167,11,178,98,9,107,161,6,167,48,5,53,500,51,551,707,39,746,68,4,72,246,18,264,60,3,63,89,3,92,144,3,147,65,3,68,44,2,46,200,22,222,73,6,79,47,1,48,275,15,290,56,2,58,259,23,282,25,1,26,80,5,85,527,19,546,98,6,104,51,2,53,132,8,140,27,1,28,181,9,190,71,1,72,176,15,191,32,,32,167,14,181,130,18,148,25,,25,148,12,160,144,10,154,1168,56,1224,665,50,715,52,2,54,51,3,54,226,20,246,83,5,88,86,7,93,83,2,85,46,3,49,154,15,169,63,1,64,151,8,159,17,,17,46,7,53,62,5,67,1777,106,1883,445,44,489,15,,15,133,10,143,71,6,77,501,36,537,143,13,156,31,1,32,188,10,198,34,1,35,17,2,19,195,8,203,68,7,75,83,6,89,86,3,89,189,14,203,319,17,336,336,29,365,43,4,47,84,2,86,561,61,622,62,5,67,68,2,70,71,16,87,157,9,166,380,41,421,518,47,565,328,22,350,48,1,49,171,17,188,171,12,183,5,1,6,27,,27,82,11,93,506,63,569,42,4,46,74,3,77,42,2,44,111,6,117,49791,3541,53332,0,0,0,49791,3541,53332,,,
2015-03,2502,212,2714,94,9,103,55,5,60,84,6,90,13,2,15,286,20,306,65,7,72,262,22,284,597,99,696,250,17,267,72,4,76,1006,52,1058,53,4,57,57,3,60,68,3,71,81,2,83,505,33,538,203,7,210,140,6,146,28,3,31,188,10,198,120,14,134,491,50,541,330,31,361,68,4,72,1928,67,1995,35,1,36,238,23,261,537,49,586,425,23,448,22,4,26,1423,95,1518,46,5,51,2463,238,2701,240,9,249,222,10,232,389,46,435,123,3,126,519,34,553,21,,21,275,11,286,93,8,101,100,9,109,260,18,278,3023,167,3190,132,10,142,88,6,94,926,62,988,1135,123,1258,101,5,106,9,1,10,176,10,186,121,10,131,158,11,169,97,4,101,92,14,106,353,34,387,826,92,918,348,33,381,131,11,142,4531,172,4703,90,12,102,3,1,4,487,34,521,372,46,418,172,8,180,107,9,116,2206,179,2385,103,7,110,697,59,756,35,3,38,176,9,185,98,9,107,162,8,170,48,4,52,492,51,543,696,38,734,67,4,71,241,18,259,60,3,63,85,5,90,144,4,148,69,3,72,43,2,45,201,21,222,72,5,77,47,1,48,273,15,288,55,2,57,253,23,276,27,1,28,79,7,86,533,19,552,95,3,98,53,2,55,134,8,142,24,1,25,182,11,193,68,1,69,178,16,194,33,,33,164,14,178,133,16,149,25,1,26,146,13,159,147,13,160,1182,53,1235,662,52,714,49,2,51,51,2,53,228,18,246,85,5,90,86,7,93,82,2,84,47,2,49,156,12,168,63,1,64,152,10,162,16,,16,47,7,54,63,5,68,1782,103,1885,459,42,501,13,,13,138,11,149,72,6,78,501,36,537,137,15,152,31,1,32,194,11,205,34,2,36,17,2,19,190,8,198,66,7,73,84,6,90,83,4,87,197,15,212,326,16,342,332,29,361,41,5,46,86,2,88,566,59,625,62,6,68,68,2,70,71,17,88,156,11,167,378,41,419,517,51,568,323,23,346,48,,48,172,16,188,171,13,184,4,1,5,27,,27,81,12,93,506,63,569,45,4,49,75,3,78,45,2,47,111,6,117,49977,3581,53558,0,0,0,49977,3581,53558,,,
2015-04,2513,212,2725,93,8,101,54,5,59,83,5,88,13,2,15,288,20,308,66,7,73,255,19,274,584,97,681,247,17,264,77,4,81,996,54,1050,55,3,58,54,3,57,67,4,71,88,2,90,517,36,553,203,7,210,133,6,139,31,3,34,181,9,190,117,15,132,509,55,564,332,27,359,68,4,72,1928,68,1996,31,1,32,237,24,261,539,47,586,427,25,452,25,4,29,1424,99,1523,46,5,51,2468,230,2698,239,9,248,225,11,236,383,47,430,123,3,126,530,37,567,23,,23,290,12,302,92,7,99,106,8,114,254,16,270,2995,164,3159,134,9,143,87,5,92,915,62,977,1134,125,1259,97,5,102,11,1,12,168,9,177,125,9,134,165,9,174,95,4,99,92,13,105,347,37,384,834,92,926,348,36,384,134,9,143,4523,172,4695,94,11,105,3,1,4,490,36,526,378,45,423,175,8,183,107,9,116,2241,177,2418,106,6,112,694,60,754,35,3,38,171,10,181,100,9,109,168,8,176,48,4,52,476,52,528,688,38,726,67,3,70,244,18,262,61,3,64,83,4,87,145,4,149,67,3,70,44,1,45,195,18,213,68,6,74,49,1,50,269,14,283,59,2,61,251,22,273,27,1,28,76,7,83,518,18,536,94,5,99,53,2,55,128,6,134,23,,23,182,11,193,65,1,66,175,16,191,36,,36,166,13,179,135,16,151,29,1,30,145,11,156,144,12,156,1167,52,1219,653,51,704,52,2,54,53,2,55,224,16,240,86,5,91,86,9,95,81,3,84,45,2,47,158,12,170,63,1,64,151,8,159,15,,15,48,7,55,63,4,67,1781,102,1883,447,43,490,15,1,16,140,9,149,68,6,74,501,39,540,146,13,159,29,1,30,193,12,205,34,2,36,16,2,18,192,7,199,62,7,69,84,7,91,83,4,87,195,16,211,327,14,341,331,31,362,39,6,45,88,5,93,563,53,616,65,4,69,70,2,72,70,17,87,161,11,172,385,42,427,521,53,574,326,22,348,50,1,51,167,16,183,167,11,178,3,1,4,24,,24,84,12,96,519,62,581,44,3,47,75,2,77,44,2,46,113,5,118,49957,3554,53511,0,0,0,49957,3554,53511,,,
2015-05,2538,215,2753,89,8,97,55,5,60,81,7,88,12,3,15,302,22,324,64,7,71,249,17,266,597,94,691,245,18,263,78,4,82,1027,55,1082,54,3,57,64,3,67,67,3,70,84,2,86,504,34,538,203,7,210,131,5,136,29,3,32,184,8,192,120,16,136,511,55,566,321,30,351,68,4,72,1939,66,2005,33,1,34,234,26,260,551,51,602,433,29,462,25,4,29,1408,99,1507,46,6,52,2454,234,2688,241,10,251,224,12,236,386,46,432,127,5,132,513,38,551,25,,25,290,14,304,90,8,98,99,8,107,257,17,274,2991,164,3155,133,10,143,88,5,93,926,63,989,1148,123,1271,102,5,107,9,1,10,169,11,180,127,10,137,162,10,172,94,4,98,92,13,105,347,39,386,860,93,953,359,38,397,136,9,145,4529,165,4694,93,10,103,2,1,3,491,39,530,378,55,433,170,7,177,110,8,118,2245,169,2414,103,6,109,690,61,751,35,3,38,165,11,176,97,7,104,173,7,180,49,4,53,496,53,549,703,33,736,69,2,71,245,15,260,62,3,65,88,5,93,144,5,149,65,3,68,43,1,44,184,20,204,74,6,80,46,1,47,272,15,287,59,4,63,250,22,272,27,1,28,78,7,85,523,19,542,89,5,94,55,2,57,132,7,139,24,,24,183,8,191,60,1,61,175,14,189,33,,33,168,13,181,132,18,150,27,2,29,144,12,156,153,11,164,1174,53,1227,654,50,704,53,2,55,51,2,53,224,17,241,88,5,93,88,9,97,86,3,89,47,2,49,164,11,175,62,1,63,147,9,156,15,,15,48,7,55,64,3,67,1794,104,1898,460,47,507,14,1,15,135,8,143,68,6,74,511,40,551,143,13,156,30,1,31,200,12,212,37,2,39,16,2,18,189,10,199,58,7,65,88,7,95,84,4,88,196,15,211,337,16,353,327,30,357,38,8,46,83,5,88,575,54,629,66,4,70,68,2,70,75,17,92,164,8,172,385,40,425,512,51,563,338,21,359,50,1,51,169,14,183,167,10,177,4,1,5,26,,26,84,12,96,524,58,582,42,3,45,76,2,78,44,2,46,112,5,117,50182,3578,53760,0,0,0,50182,3578,53760,,,
2015-06,2568,217,2785,88,8,96,55,5,60,81,6,87,12,1,13,289,21,310,63,7,70,256,20,276,591,88,679,242,16,258,77,4,81,1024,56,1080,52,3,55,61,3,64,68,4,72,88,1,89,510,36,546,207,8,215,131,5,136,29,3,32,184,8,192,120,16,136,516,57,573,329,31,360,65,4,69,1947,66,2013,32,1,33,234,26,260,555,52,607,416,27,443,26,4,30,1412,98,1510,47,6,53,2486,231,2717,243,11,254,224,11,235,400,45,445,127,5,132,533,38,571,25,,25,288,16,304,92,7,99,98,9,107,257,14,271,2946,166,3112,133,9,142,88,5,93,915,61,976,1142,128,1270,102,5,107,10,2,12,168,13,181,125,10,135,165,10,175,100,5,105,90,14,104,341,45,386,863,91,954,370,35,405,132,9,141,4534,174,4708,91,8,99,2,1,3,486,38,524,369,55,424,169,9,178,109,9,118,2250,184,2434,103,7,110,687,61,748,33,3,36,166,9,175,95,7,102,166,7,173,51,5,56,493,46,539,712,34,746,66,1,67,247,19,266,65,3,68,84,4,88,142,4,146,67,3,70,42,1,43,181,18,199,72,6,78,45,1,46,274,15,289,57,4,61,254,20,274,29,1,30,75,8,83,524,21,545,91,4,95,55,2,57,129,6,135,23,,23,174,8,182,62,1,63,183,14,197,30,,30,172,14,186,138,18,156,24,2,26,145,11,156,150,12,162,1191,55,1246,652,53,705,53,2,55,52,2,54,217,16,233,88,5,93,85,10,95,90,2,92,44,2,46,164,10,174,63,2,65,147,9,156,15,,15,46,8,54,64,3,67,1791,105,1896,458,44,502,13,1,14,139,9,148,70,7,77,525,42,567,147,14,161,29,1,30,202,12,214,37,3,40,17,2,19,184,11,195,58,4,62,87,7,94,86,3,89,193,16,209,333,15,348,322,28,350,38,6,44,83,6,89,570,50,620,67,5,72,62,2,64,78,18,96,167,8,175,400,48,448,524,52,576,334,22,356,48,1,49,172,16,188,166,10,176,3,1,4,23,1,24,88,15,103,538,60,598,44,2,46,71,2,73,47,2,49,114,6,120,50253,3617,53870,0,0,0,50253,3617,53870,,,
2015-07,2596,218,2814,90,8,98,54,5,59,79,6,85,11,2,13,281,22,303,64,7,71,253,22,275,590,90,680,234,18,252,78,4,82,1033,60,1093,54,3,57,63,3,66,69,4,73,86,1,87,499,35,534,207,8,215,129,6,135,30,3,33,182,8,190,122,14,136,529,57,586,327,29,356,60,4,64,1952,67,2019,31,1,32,239,26,265,550,53,603,414,29,443,24,4,28,1375,93,1468,48,5,53,2495,237,2732,246,11,257,222,10,232,404,42,446,126,6,132,550,36,586,25,1,26,289,15,304,87,6,93,96,10,106,256,15,271,2959,162,3121,136,9,145,86,2,88,902,58,960,1133,119,1252,101,4,105,8,1,9,177,13,190,128,10,138,168,12,180,98,5,103,86,14,100,338,47,385,877,93,970,369,34,403,126,9,135,4499,171,4670,93,8,101,3,1,4,494,40,534,362,51,413,170,10,180,107,8,115,2238,177,2415,105,6,111,679,62,741,32,3,35,166,11,177,94,7,101,162,5,167,46,5,51,499,46,545,702,35,737,65,1,66,247,18,265,61,2,63,87,4,91,142,5,147,73,3,76,39,1,40,188,16,204,79,6,85,45,1,46,268,15,283,59,4,63,250,20,270,30,1,31,76,9,85,508,20,528,95,3,98,56,1,57,134,6,140,23,,23,180,10,190,61,1,62,181,15,196,31,,31,172,13,185,130,18,148,26,2,28,142,12,154,147,12,159,1180,52,1232,647,53,700,58,1,59,57,1,58,214,17,231,90,5,95,83,8,91,91,2,93,42,2,44,157,9,166,61,2,63,147,8,155,14,,14,48,6,54,67,3,70,1759,102,1861,457,41,498,15,1,16,137,9,146,68,7,75,511,41,552,145,15,160,30,1,31,201,12,213,39,3,42,17,2,19,184,15,199,58,4,62,86,7,93,83,3,86,203,17,220,339,15,354,327,29,356,34,7,41,81,5,86,558,50,608,66,4,70,67,2,69,76,17,93,162,8,170,395,46,441,528,49,577,344,27,371,48,1,49,171,14,185,163,10,173,4,1,5,23,1,24,91,16,107,533,62,595,45,2,47,68,1,69,47,2,49,115,6,121,50121,3585,53706,0,0,0,50121,3585,53706,,,
2015-08,105,1,106,91,8,99,53,5,58,84,6,90,9,1,10,302,24,326,67,5,72,260,23,283,624,91,715,242,19,261,82,4,86,1105,67,1172,56,4,60,65,6,71,73,4,77,88,1,89,504,35,539,219,10,229,129,6,135,33,3,36,193,8,201,122,12,134,548,58,606,337,30,367,56,2,58,1982,76,2058,28,,28,248,27,275,555,55,610,463,33,496,25,4,29,1513,107,1620,50,5,55,2616,262,2878,253,14,267,235,10,245,410,43,453,125,4,129,564,37,601,24,,24,287,19,306,94,7,101,96,10,106,267,16,283,3116,173,3289,144,10,154,92,3,95,961,60,1021,1183,132,1315,104,4,108,9,,9,191,14,205,128,10,138,181,11,192,98,5,103,89,15,104,343,49,392,901,92,993,377,36,413,136,10,146,4925,187,5112,91,7,98,3,1,4,525,45,570,376,56,432,182,10,192,115,8,123,2351,183,2534,102,6,108,692,65,757,31,3,34,164,11,175,104,7,111,158,6,164,47,5,52,529,53,582,729,40,769,69,1,70,264,17,281,68,2,70,95,5,100,153,5,158,78,4,82,40,1,41,190,21,211,82,7,89,49,1,50,275,16,291,69,4,73,258,21,279,27,1,28,78,10,88,519,22,541,92,4,96,66,,66,131,9,140,23,2,25,181,12,193,61,1,62,190,13,203,34,,34,176,13,189,127,20,147,29,1,30,148,16,164,151,14,165,1234,61,1295,685,59,744,59,2,61,64,2,66,223,19,242,87,5,92,81,8,89,91,2,93,43,5,48,178,13,191,58,2,60,152,7,159,16,,16,49,6,55,68,3,71,1907,106,2013,463,45,508,15,1,16,139,8,147,68,6,74,540,43,583,152,16,168,29,1,30,207,14,221,45,3,48,18,2,20,183,17,200,61,4,65,91,8,99,92,4,96,221,18,239,363,20,383,328,30,358,35,9,44,87,5,92,568,47,615,68,4,72,66,4,70,77,14,91,172,9,181,416,43,459,546,50,596,354,29,383,42,1,43,174,14,188,171,14,185,6,1,7,20,1,21,103,17,120,546,62,608,44,3,47,73,2,75,49,2,51,127,8,135,49936,3601,53537,0,0,0,49936,3601,53537,,,
2015-09,166,11,177,89,7,96,51,5,56,82,6,88,8,2,10,297,25,322,65,4,69,264,27,291,612,88,700,235,19,254,85,4,89,1108,68,1176,59,4,63,65,7,72,74,4,78,88,1,89,500,35,535,214,8,222,121,5,126,32,2,34,193,8,201,116,11,127,544,58,602,329,33,362,50,2,52,1996,78,2074,29,,29,250,31,281,546,58,604,460,31,491,25,4,29,1486,113,1599,49,3,52,2628,251,2879,244,14,258,223,10,233,408,45,453,127,6,133,557,37,594,25,,25,282,21,303,96,7,103,93,12,105,263,14,277,3153,163,3316,148,9,157,92,3,95,969,58,1027,1159,129,1288,101,5,106,8,,8,199,14,213,127,12,139,185,13,198,103,5,108,88,14,102,344,54,398,901,105,1006,376,34,410,134,11,145,4964,195,5159,89,7,96,3,1,4,516,42,558,370,59,429,173,9,182,112,8,120,2356,183,2539,105,6,111,687,66,753,34,3,37,158,12,170,99,9,108,158,5,163,44,4,48,536,58,594,720,40,760,72,2,74,263,18,281,63,2,65,93,4,97,156,5,161,80,3,83,38,1,39,194,21,215,75,7,82,50,1,51,286,15,301,63,4,67,254,19,273,30,1,31,80,11,91,522,20,542,87,4,91,70,,70,132,10,142,22,2,24,186,13,199,59,1,60,188,11,199,32,,32,168,13,181,128,21,149,31,1,32,148,16,164,142,14,156,1233,63,1296,668,62,730,59,1,60,65,1,66,231,18,249,90,3,93,80,9,89,91,3,94,40,5,45,181,11,192,57,2,59,148,7,155,15,,15,47,6,53,63,3,66,1902,111,2013,456,41,497,17,,17,134,10,144,69,9,78,526,44,570,149,14,163,33,1,34,206,15,221,41,3,44,20,1,21,177,18,195,63,3,66,88,9,97,91,4,95,226,18,244,364,17,381,347,27,374,30,11,41,80,5,85,559,52,611,66,3,69,59,4,63,73,13,86,162,10,172,411,45,456,530,54,584,343,28,371,39,1,40,179,14,193,166,14,180,6,1,7,21,1,22,99,16,115,563,67,630,43,3,46,76,1,77,50,2,52,130,9,139,49819,3648,53467,0,0,0,49819,3648,53467,,,
2015-10,174,11,185,88,7,95,47,5,52,82,6,88,8,2,10,295,22,317,63,4,67,264,26,290,608,89,697,242,20,262,86,3,89,1107,65,1172,53,5,58,64,6,70,72,3,75,88,1,89,516,34,550,210,8,218,119,5,124,30,2,32,192,8,200,119,9,128,560,56,616,337,38,375,50,2,52,1995,81,2076,30,,30,252,30,282,544,63,607,462,31,493,25,4,29,1501,112,1613,47,4,51,2596,242,2838,250,17,267,226,9,235,407,49,456,129,6,135,558,41,599,23,,23,285,19,304,95,7,102,92,13,105,266,14,280,3116,165,3281,150,9,159,87,3,90,967,58,1025,1151,123,1274,100,6,106,9,,9,198,15,213,131,13,144,184,12,196,94,6,100,88,13,101,348,51,399,895,102,997,368,35,403,141,12,153,4933,197,5130,94,7,101,3,1,4,516,41,557,366,60,426,164,10,174,112,7,119,2344,175,2519,109,8,117,709,65,774,35,3,38,156,11,167,99,9,108,158,6,164,44,4,48,525,57,582,717,36,753,73,1,74,257,18,275,62,2,64,95,4,99,157,5,162,80,3,83,37,1,38,195,21,216,76,7,83,51,1,52,281,17,298,64,6,70,249,21,270,30,1,31,79,11,90,526,20,546,88,3,91,66,,66,132,10,142,22,2,24,190,11,201,60,1,61,179,11,190,32,,32,162,13,175,131,22,153,33,2,35,155,16,171,150,12,162,1247,65,1312,678,64,742,54,2,56,61,1,62,226,19,245,89,3,92,81,10,91,92,4,96,43,5,48,178,9,187,56,3,59,146,7,153,14,,14,46,6,52,61,3,64,1918,108,2026,461,42,503,18,,18,137,9,146,73,9,82,523,43,566,145,13,158,33,1,34,204,14,218,42,2,44,19,1,20,179,18,197,68,2,70,95,8,103,92,4,96,222,16,238,356,17,373,338,26,364,34,10,44,87,5,92,587,53,640,68,3,71,62,3,65,72,14,86,165,11,176,419,43,462,527,52,579,340,26,366,39,2,41,181,14,195,162,14,176,4,1,5,24,1,25,103,17,120,591,66,657,46,3,49,76,1,77,50,2,52,134,9,143,49846,3625,53471,0,0,0,49846,3625,53471,,,
2015-11,190,8,198,86,7,93,47,5,52,81,6,87,9,2,11,296,21,317,61,4,65,262,23,285,620,84,704,243,19,262,87,3,90,1111,64,1175,56,5,61,62,5,67,69,3,72,83,1,84,540,35,575,203,8,211,114,5,119,32,1,33,193,7,200,119,9,128,554,57,611,343,38,381,50,2,52,2009,82,2091,29,,29,251,32,283,537,56,593,458,31,489,25,4,29,1500,107,1607,46,3,49,2531,242,2773,249,17,266,224,8,232,400,47,447,131,7,138,556,38,594,20,,20,280,19,299,90,7,97,84,12,96,259,10,269,3093,168,3261,156,10,166,88,3,91,948,57,1005,1133,123,1256,99,6,105,8,,8,192,15,207,133,14,147,179,11,190,95,5,100,90,13,103,348,47,395,892,102,994,372,37,409,142,10,152,4907,200,5107,93,6,99,3,1,4,512,42,554,367,59,426,168,9,177,118,6,124,2366,184,2550,103,6,109,696,70,766,33,2,35,158,10,168,103,10,113,159,7,166,49,4,53,519,56,575,714,41,755,68,1,69,253,16,269,62,2,64,94,4,98,157,4,161,82,3,85,40,1,41,188,21,209,74,7,81,46,2,48,274,15,289,59,6,65,242,21,263,31,1,32,77,11,88,524,18,542,85,3,88,67,,67,135,10,145,22,2,24,184,12,196,60,,60,178,11,189,31,1,32,166,14,180,131,22,153,31,2,33,155,17,172,155,14,169,1243,62,1305,690,63,753,54,1,55,61,1,62,219,19,238,94,3,97,84,10,94,90,3,93,42,5,47,175,9,184,55,3,58,144,6,150,14,,14,49,7,56,64,2,66,1911,110,2021,452,41,493,17,,17,133,9,142,68,9,77,529,42,571,149,14,163,35,1,36,204,14,218,42,2,44,17,1,18,173,18,191,65,2,67,92,8,100,93,4,97,220,17,237,354,19,373,334,27,361,34,9,43,85,5,90,572,52,624,74,2,76,59,4,63,76,13,89,165,9,174,422,44,466,526,53,579,338,30,368,38,2,40,183,16,199,161,12,173,6,1,7,23,1,24,104,17,121,583,70,653,43,2,45,76,1,77,51,2,53,133,9,142,49615,3605,53220,0,0,0,49615,3605,53220,,,
2015-12,161,9,170,87,6,93,47,5,52,76,6,82,9,2,11,283,21,304,56,5,61,260,23,283,617,82,699,236,22,258,89,3,92,1115,64,1179,55,5,60,56,5,61,70,3,73,84,1,85,540,38,578,203,8,211,112,6,118,29,1,30,187,7,194,115,9,124,543,50,593,337,38,375,53,4,57,2002,78,2080,28,,28,257,31,288,538,61,599,458,31,489,25,4,29,1482,106,1588,44,3,47,2506,231,2737,255,18,273,220,8,228,403,47,450,131,8,139,564,36,600,22,,22,282,17,299,87,7,94,86,11,97,261,10,271,3103,169,3272,159,10,169,89,4,93,962,57,1019,1100,122,1222,94,7,101,9,,9,192,14,206,132,13,145,179,10,189,92,6,98,92,12,104,350,47,397,894,102,996,376,39,415,143,9,152,4907,200,5107,94,6,100,5,1,6,514,43,557,374,59,433,169,8,177,117,5,122,2367,178,2545,104,6,110,706,71,777,33,2,35,150,10,160,98,10,108,160,7,167,50,3,53,507,55,562,717,46,763,71,1,72,251,16,267,61,2,63,92,4,96,158,4,162,87,4,91,46,1,47,191,21,212,73,7,80,50,1,51,272,16,288,61,6,67,240,20,260,29,1,30,78,10,88,521,18,539,87,4,91,67,,67,131,10,141,23,2,25,188,11,199,58,,58,169,13,182,33,1,34,160,15,175,134,21,155,31,3,34,158,17,175,158,12,170,1245,68,1313,704,59,763,53,2,55,60,1,61,231,23,254,94,3,97,81,10,91,93,3,96,44,5,49,178,9,187,50,3,53,148,7,155,14,,14,51,7,58,64,2,66,1907,111,2018,450,42,492,15,,15,127,8,135,70,10,80,526,45,571,151,13,164,36,1,37,202,13,215,43,2,45,17,1,18,173,17,190,63,3,66,95,7,102,90,4,94,232,15,247,353,17,370,339,25,364,38,11,49,85,5,90,569,50,619,73,2,75,56,4,60,78,12,90,165,8,173,427,44,471,521,53,574,327,28,355,37,2,39,183,15,198,160,12,172,5,1,6,21,1,22,100,17,117,586,71,657,39,1,40,79,,79,50,2,52,131,9,140,49516,3586,53102,0,0,0,49516,3586,53102,,,
2016-01,174,14,188,87,4,91,46,5,51,77,6,83,9,1,10,285,20,305,55,4,59,252,22,274,610,81,691,238,20,258,89,4,93,1106,61,1167,55,4,59,57,4,61,72,3,75,87,1,88,527,36,563,202,8,210,113,5,118,30,1,31,195,6,201,112,9,121,552,51,603,338,40,378,56,4,60,1973,75,2048,29,1,30,251,33,284,530,59,589,464,34,498,25,4,29,1486,98,1584,41,4,45,2484,236,2720,251,20,271,217,8,225,390,43,433,127,9,136,567,33,600,20,,20,279,18,297,91,6,97,87,11,98,248,9,257,3136,160,3296,160,11,171,92,4,96,953,53,1006,1084,130,1214,97,6,103,8,,8,202,16,218,125,12,137,170,11,181,93,6,99,91,12,103,334,47,381,910,108,1018,375,42,417,146,10,156,4931,194,5125,94,5,99,5,1,6,525,45,570,364,53,417,167,12,179,118,6,124,2340,183,2523,102,7,109,693,69,762,32,2,34,143,9,152,97,13,110,155,8,163,49,4,53,527,54,581,714,45,759,73,1,74,250,14,264,58,2,60,92,5,97,160,5,165,85,4,89,44,1,45,197,21,218,71,7,78,53,1,54,264,16,280,66,6,72,237,19,256,29,1,30,74,10,84,519,17,536,91,4,95,64,,64,134,12,146,24,2,26,188,11,199,56,,56,172,15,187,31,1,32,158,15,173,129,20,149,32,3,35,154,16,170,159,13,172,1243,65,1308,688,62,750,53,2,55,63,1,64,234,20,254,89,3,92,81,10,91,92,4,96,45,6,51,172,9,181,50,3,53,144,6,150,13,,13,47,7,54,66,2,68,1932,116,2048,451,43,494,14,,14,131,10,141,69,9,78,518,46,564,154,15,169,36,1,37,197,12,209,43,2,45,16,1,17,175,17,192,60,3,63,95,8,103,89,4,93,225,15,240,360,19,379,338,26,364,42,11,53,84,5,89,562,54,616,72,2,74,61,4,65,78,12,90,159,12,171,422,42,464,516,51,567,323,27,350,38,2,40,187,16,203,161,13,174,7,,7,24,1,25,111,17,128,575,70,645,40,2,42,74,,74,49,2,51,130,8,138,49379,3593,52972,0,0,0,49379,3593,52972,,1,1
2016-02,168,14,182,92,6,98,46,4,50,71,6,77,10,2,12,290,21,311,53,5,58,255,23,278,625,84,709,243,20,263,93,4,97,1107,63,1170,56,4,60,53,5,58,73,4,77,79,1,80,525,37,562,209,8,217,114,6,120,30,1,31,198,6,204,114,9,123,553,60,613,336,39,375,57,4,61,1969,77,2046,31,2,33,256,38,294,531,65,596,459,32,491,25,4,29,1456,97,1553,41,2,43,2509,241,2750,247,18,265,214,10,224,397,44,441,130,9,139,570,33,603,20,,20,281,16,297,97,6,103,94,9,103,248,11,259,3114,156,3270,164,10,174,97,4,101,979,56,1035,1080,122,1202,96,7,103,8,,8,207,17,224,132,13,145,172,10,182,92,5,97,90,13,103,338,45,383,915,105,1020,377,44,421,143,9,152,4911,197,5108,95,5,100,6,1,7,539,46,585,382,53,435,162,10,172,119,6,125,2363,191,2554,104,7,111,695,63,758,30,2,32,143,9,152,101,13,114,155,9,164,49,4,53,517,55,572,705,47,752,75,1,76,245,13,258,56,3,59,92,5,97,158,5,163,87,4,91,42,1,43,190,24,214,72,8,80,55,,55,269,16,285,64,7,71,245,20,265,28,1,29,74,9,83,515,21,536,88,5,93,64,,64,137,13,150,24,2,26,188,12,200,54,,54,173,17,190,30,1,31,158,14,172,134,18,152,30,3,33,154,16,170,166,12,178,1238,67,1305,703,58,761,51,1,52,64,2,66,239,18,257,90,4,94,80,11,91,90,2,92,43,7,50,172,11,183,50,3,53,146,5,151,14,,14,46,8,54,64,3,67,1966,117,2083,447,40,487,14,,14,135,9,144,67,9,76,511,47,558,161,14,175,38,1,39,196,11,207,42,2,44,18,1,19,183,15,198,61,3,64,95,9,104,89,3,92,230,16,246,351,19,370,336,27,363,40,11,51,86,6,92,555,53,608,70,2,72,61,4,65,76,8,84,159,11,170,428,52,480,507,46,553,339,31,370,39,2,41,189,17,206,159,12,171,6,,6,25,1,26,110,17,127,587,79,666,41,1,42,74,1,75,50,2,52,126,8,134,49530,3642,53172,0,0,0,49530,3642,53172,,1,1
2016-03,178,13,191,92,5,97,43,5,48,70,6,76,9,1,10,284,21,305,52,4,56,259,25,284,644,85,729,246,19,265,93,4,97,1136,68,1204,60,4,64,53,4,57,70,3,73,84,2,86,550,33,583,213,9,222,108,6,114,31,1,32,192,7,199,113,9,122,543,56,599,345,40,385,62,4,66,1986,83,2069,31,2,33,258,40,298,546,67,613,489,33,522,27,4,31,1477,98,1575,42,3,45,2562,244,2806,248,19,267,221,10,231,413,46,459,133,9,142,575,34,609,21,,21,283,17,300,94,7,101,95,9,104,246,10,256,3136,164,3300,168,12,180,99,5,104,974,54,1028,1120,129,1249,96,7,103,8,1,9,211,18,229,130,11,141,175,10,185,91,5,96,90,13,103,348,48,396,913,105,1018,376,43,419,146,9,155,4925,203,5128,99,5,104,7,1,8,542,43,585,386,52,438,157,9,166,115,7,122,2407,194,2601,96,10,106,690,67,757,30,2,32,145,9,154,110,15,125,154,9,163,47,4,51,530,55,585,708,51,759,79,1,80,248,18,266,58,4,62,90,4,94,156,4,160,91,4,95,45,1,46,188,22,210,71,9,80,53,,53,280,17,297,67,8,75,250,20,270,28,1,29,76,9,85,518,23,541,91,7,98,63,,63,136,12,148,23,2,25,192,12,204,51,,51,180,19,199,30,1,31,160,14,174,135,18,153,31,3,34,151,13,164,172,14,186,1230,71,1301,698,62,760,55,2,57,61,2,63,240,24,264,90,5,95,80,11,91,92,3,95,44,7,51,177,12,189,50,3,53,147,7,154,15,,15,51,7,58,65,3,68,1972,118,2090,458,42,500,14,,14,139,8,147,69,14,83,528,46,574,163,13,176,36,1,37,201,13,214,42,2,44,18,1,19,178,15,193,66,3,69,99,9,108,91,5,96,234,18,252,356,19,375,341,28,369,40,12,52,85,6,91,556,53,609,69,2,71,60,3,63,73,8,81,162,11,173,429,51,480,512,50,562,334,31,365,38,1,39,192,20,212,157,11,168,5,,5,24,1,25,117,19,136,589,85,674,44,1,45,76,2,78,52,2,54,128,8,136,50062,3750,53812,0,0,0,50062,3750,53812,,1,1
2016-04,180,11,191,95,5,100,45,5,50,74,7,81,6,2,8,284,22,306,52,4,56,256,28,284,631,85,716,240,20,260,91,4,95,1154,68,1222,59,4,63,55,3,58,70,2,72,78,2,80,555,36,591,211,8,219,107,6,113,29,1,30,187,8,195,111,9,120,561,55,616,349,37,386,60,4,64,1960,87,2047,32,2,34,260,40,300,550,64,614,487,32,519,25,4,29,1464,101,1565,38,2,40,2559,256,2815,252,17,269,210,11,221,406,47,453,137,9,146,565,35,600,20,,20,290,18,308,91,5,96,98,11,109,244,12,256,3131,164,3295,164,12,176,98,5,103,972,55,1027,1117,132,1249,96,6,102,8,,8,217,19,236,125,12,137,175,12,187,90,7,97,89,15,104,346,45,391,908,104,1012,389,45,434,153,9,162,4959,205,5164,97,7,104,7,1,8,541,45,586,394,56,450,162,8,170,118,6,124,2400,194,2594,96,9,105,700,70,770,29,2,31,142,9,151,111,15,126,155,9,164,47,3,50,507,54,561,695,49,744,74,1,75,239,19,258,56,4,60,92,4,96,158,4,162,93,5,98,44,1,45,188,18,206,74,8,82,53,1,54,280,19,299,65,6,71,249,17,266,28,1,29,75,7,82,521,23,544,92,9,101,62,,62,138,13,151,23,2,25,198,12,210,48,,48,180,18,198,31,1,32,163,13,176,134,18,152,32,3,35,143,15,158,171,14,185,1205,73,1278,686,62,748,57,3,60,63,2,65,241,20,261,94,6,100,82,12,94,92,5,97,43,6,49,176,13,189,50,3,53,156,10,166,14,,14,55,7,62,64,3,67,1976,115,2091,458,42,500,13,,13,138,7,145,73,13,86,530,46,576,164,12,176,37,1,38,202,12,214,43,2,45,18,1,19,175,16,191,72,2,74,96,10,106,94,5,99,230,17,247,351,19,370,334,25,359,35,13,48,80,5,85,551,51,602,67,2,69,57,3,60,73,7,80,160,11,171,430,49,479,518,47,565,343,31,374,35,1,36,189,20,209,156,11,167,7,,7,23,1,24,109,18,127,589,87,676,41,1,42,76,2,78,52,1,53,123,8,131,49967,3768,53735,0,0,0,49967,3768,53735,,1,1
2016-05,177,11,188,93,5,98,43,5,48,72,6,78,6,2,8,278,22,300,55,4,59,248,28,276,644,86,730,247,19,266,92,4,96,1133,69,1202,59,4,63,51,3,54,69,2,71,77,2,79,553,35,588,208,8,216,111,5,116,29,1,30,182,8,190,114,9,123,549,59,608,351,40,391,61,4,65,1971,85,2056,32,2,34,261,41,302,554,68,622,503,31,534,25,4,29,1477,100,1577,36,2,38,2523,242,2765,251,16,267,209,10,219,404,47,451,132,9,141,573,36,609,21,,21,288,18,306,94,4,98,104,10,114,241,12,253,3116,167,3283,162,13,175,102,5,107,963,57,1020,1113,131,1244,98,7,105,9,1,10,218,19,237,123,11,134,173,12,185,93,7,100,86,16,102,354,40,394,900,108,1008,385,46,431,152,9,161,5046,204,5250,99,8,107,6,1,7,540,46,586,401,57,458,162,8,170,115,6,121,2423,194,2617,98,8,106,692,68,760,31,2,33,143,8,151,113,14,127,150,9,159,48,3,51,513,56,569,703,47,750,76,1,77,246,17,263,55,4,59,91,5,96,153,4,157,91,4,95,47,1,48,182,18,200,73,8,81,53,,53,275,18,293,67,6,73,252,18,270,29,,29,76,7,83,516,21,537,86,8,94,62,,62,139,15,154,21,2,23,196,10,206,51,,51,180,19,199,32,1,33,159,13,172,139,16,155,28,3,31,139,15,154,165,15,180,1206,72,1278,683,60,743,58,3,61,61,2,63,238,22,260,92,6,98,86,11,97,91,5,96,44,5,49,173,12,185,45,3,48,156,11,167,14,,14,54,7,61,66,3,69,1975,115,2090,461,41,502,14,,14,140,7,147,72,11,83,521,47,568,160,11,171,37,1,38,196,11,207,42,2,44,16,1,17,174,16,190,73,2,75,97,10,107,94,5,99,231,18,249,362,21,383,335,25,360,35,14,49,74,5,79,563,50,613,68,2,70,59,3,62,69,6,75,165,12,177,432,52,484,531,50,581,339,31,370,38,2,40,191,19,210,146,12,158,7,,7,23,,23,110,18,128,596,84,680,36,1,37,72,3,75,51,,51,126,8,134,50009,3753,53762,0,0,0,50009,3753,53762,,1,1
2016-06,185,15,200,95,4,99,44,5,49,74,7,81,9,1,10,282,22,304,54,5,59,258,28,286,638,79,717,249,22,271,92,4,96,1134,69,1203,58,4,62,54,4,58,69,2,71,78,2,80,548,35,583,207,8,215,105,6,111,30,1,31,184,9,193,111,9,120,543,60,603,355,39,394,61,4,65,1993,88,2081,34,2,36,252,38,290,544,65,609,496,32,528,25,4,29,1470,96,1566,38,2,40,2530,255,2785,256,19,275,213,10,223,401,44,445,130,8,138,582,40,622,21,,21,289,18,307,98,4,102,111,12,123,247,12,259,3109,164,3273,167,13,180,101,6,107,967,54,1021,1107,129,1236,94,6,100,9,,9,220,21,241,132,11,143,173,12,185,88,7,95,85,15,100,348,40,388,913,110,1023,393,45,438,153,10,163,5110,205,5315,93,7,100,6,1,7,544,44,588,402,59,461,157,9,166,116,6,122,2443,194,2637,99,9,108,706,65,771,32,1,33,145,9,154,114,13,127,155,8,163,51,5,56,517,57,574,700,49,749,78,1,79,250,19,269,59,5,64,92,4,96,155,4,159,95,4,99,44,1,45,181,17,198,73,8,81,50,,50,267,18,285,65,7,72,245,17,262,29,,29,76,6,82,520,22,542,88,9,97,66,,66,131,14,145,22,2,24,197,9,206,55,,55,177,20,197,32,1,33,155,13,168,137,17,154,26,3,29,140,14,154,171,13,184,1205,70,1275,682,63,745,58,3,61,64,2,66,241,20,261,94,7,101,92,11,103,96,3,99,43,5,48,169,10,179,44,3,47,156,11,167,13,,13,54,8,62,65,3,68,1997,122,2119,467,41,508,15,,15,139,6,145,79,14,93,527,47,574,163,13,176,37,1,38,202,11,213,42,2,44,15,1,16,173,15,188,67,3,70,99,10,109,95,5,100,239,16,255,357,20,377,336,26,362,36,14,50,79,4,83,576,48,624,67,2,69,58,3,61,71,7,78,164,13,177,425,54,479,526,47,573,340,34,374,38,2,40,190,19,209,150,12,162,8,,8,22,,22,108,19,127,612,87,699,36,1,37,72,3,75,52,,52,124,8,132,50252,3774,54026,0,0,0,50252,3774,54026,,1,1
2016-07,182,11,193,94,2,96,48,5,53,76,7,83,9,2,11,287,22,309,55,5,60,263,30,293,649,78,727,252,20,272,91,4,95,1137,69,1206,57,4,61,51,6,57,68,3,71,77,2,79,554,34,588,207,8,215,108,6,114,28,1,29,187,8,195,111,9,120,542,59,601,360,42,402,67,5,72,2009,88,2097,32,2,34,247,34,281,525,66,591,515,34,549,22,4,26,1477,99,1576,39,2,41,2534,252,2786,251,19,270,212,10,222,408,45,453,126,8,134,581,39,620,20,,20,290,21,311,98,4,102,114,11,125,240,11,251,3107,163,3270,166,13,179,98,6,104,966,51,1017,1101,129,1230,96,8,104,9,,9,217,21,238,133,10,143,170,12,182,89,6,95,86,16,102,346,43,389,907,107,1014,397,39,436,147,11,158,5093,202,5295,92,7,99,6,,6,547,45,592,392,61,453,156,8,164,124,7,131,2468,191,2659,100,7,107,707,62,769,34,1,35,143,9,152,111,12,123,151,7,158,50,4,54,516,59,575,700,49,749,79,1,80,247,19,266,57,5,62,93,5,98,162,4,166,93,5,98,48,1,49,183,16,199,72,6,78,51,,51,262,17,279,63,7,70,242,17,259,29,,29,72,6,78,528,20,548,83,9,92,66,,66,128,14,142,23,1,24,197,9,206,52,,52,180,21,201,30,1,31,154,13,167,136,16,152,28,2,30,145,13,158,175,13,188,1215,68,1283,681,69,750,55,3,58,63,2,65,237,20,257,94,7,101,97,12,109,93,4,97,44,5,49,166,11,177,44,3,47,156,11,167,14,,14,53,8,61,65,2,67,1990,118,2108,464,38,502,13,,13,136,6,142,76,14,90,522,44,566,161,16,177,36,1,37,199,10,209,43,2,45,16,1,17,176,15,191,65,3,68,98,11,109,94,5,99,233,13,246,349,21,370,334,26,360,33,15,48,77,4,81,594,43,637,67,2,69,60,3,63,70,6,76,160,13,173,433,54,487,518,52,570,351,34,385,37,2,39,190,20,210,148,12,160,6,,6,21,,21,108,16,124,614,84,698,35,1,36,71,3,74,49,,49,124,8,132,50252,3739,53991,0,0,0,50252,3739,53991,,1,1
2016-08,181,11,192,94,2,96,46,5,51,74,7,81,9,1,10,294,21,315,50,5,55,256,30,286,646,84,730,254,20,274,93,4,97,1128,72,1200,62,5,67,52,5,57,63,3,66,75,2,77,547,34,581,200,7,207,110,6,116,28,1,29,187,9,196,108,7,115,548,60,608,353,42,395,65,5,70,1999,84,2083,30,2,32,257,36,293,534,61,595,523,33,556,23,4,27,1478,94,1572,39,2,41,2543,254,2797,250,16,266,219,8,227,409,44,453,122,8,130,581,40,621,23,,23,284,20,304,101,6,107,115,12,127,240,10,250,3082,166,3248,168,13,181,98,6,104,958,51,1009,1104,121,1225,99,8,107,9,,9,222,21,243,139,11,150,166,12,178,87,4,91,86,15,101,337,42,379,906,106,1012,398,38,436,146,11,157,5143,213,5356,94,7,101,6,,6,545,43,588,402,62,464,159,9,168,122,7,129,2494,185,2679,100,4,104,732,63,795,34,1,35,144,9,153,114,10,124,150,8,158,56,4,60,529,62,591,694,51,745,83,1,84,242,16,258,57,7,64,91,5,96,163,3,166,93,5,98,46,1,47,194,16,210,76,5,81,48,,48,257,18,275,67,7,74,247,16,263,28,,28,67,6,73,521,20,541,86,9,95,65,,65,126,16,142,21,1,22,199,8,207,55,1,56,190,21,211,30,,30,154,14,168,137,17,154,30,5,35,138,13,151,176,12,188,1178,66,1244,685,70,755,53,3,56,62,4,66,239,19,258,88,6,94,99,13,112,94,5,99,41,4,45,171,9,180,45,3,48,156,11,167,13,,13,55,8,63,68,2,70,2001,121,2122,471,41,512,14,,14,135,6,141,77,15,92,515,46,561,161,15,176,33,1,34,200,11,211,41,2,43,16,1,17,184,15,199,71,3,74,103,10,113,95,5,100,230,16,246,358,20,378,330,28,358,30,14,44,77,4,81,586,45,631,68,2,70,57,3,60,73,5,78,163,11,174,431,52,483,520,53,573,362,38,400,36,2,38,187,19,206,144,14,158,7,,7,23,2,25,105,18,123,611,89,700,36,1,37,67,3,70,50,,50,122,8,130,50341,3750,54091,0,0,0,50341,3750,54091,,1,1
2016-09,187,10,197,101,2,103,44,5,49,73,8,81,10,1,11,292,21,313,50,5,55,264,31,295,641,85,726,255,20,275,86,3,89,1119,74,1193,63,5,68,57,5,62,61,3,64,77,2,79,554,32,586,198,8,206,108,7,115,30,1,31,183,10,193,105,8,113,562,58,620,361,44,405,63,5,68,2004,82,2086,28,2,30,256,37,293,539,62,601,533,37,570,23,4,27,1482,92,1574,39,2,41,2536,254,2790,252,17,269,213,11,224,415,46,461,121,7,128,589,36,625,22,,22,287,19,306,100,5,105,110,13,123,233,11,244,3088,164,3252,170,12,182,101,7,108,965,52,1017,1107,127,1234,98,8,106,9,,9,225,21,246,140,12,152,167,12,179,91,4,95,86,15,101,332,42,374,914,103,1017,386,36,422,149,11,160,5156,209,5365,93,7,100,6,,6,544,41,585,399,58,457,164,8,172,127,6,133,2518,176,2694,101,4,105,729,62,791,35,2,37,140,10,150,116,10,126,150,11,161,55,4,59,531,68,599,681,52,733,82,1,83,245,18,263,55,7,62,92,5,97,159,3,162,89,5,94,45,1,46,198,17,215,72,4,76,48,,48,260,18,278,67,7,74,251,16,267,30,,30,65,6,71,524,20,544,85,9,94,63,,63,127,16,143,22,1,23,203,9,212,56,1,57,184,20,204,30,,30,156,13,169,136,17,153,28,5,33,138,15,153,178,13,191,1208,69,1277,675,67,742,56,3,59,59,4,63,239,19,258,96,7,103,97,12,109,96,7,103,41,4,45,177,8,185,46,3,49,158,11,169,12,,12,55,8,63,68,2,70,1989,117,2106,471,42,513,14,,14,136,6,142,77,13,90,524,45,569,162,14,176,34,1,35,195,9,204,42,2,44,15,1,16,180,16,196,71,4,75,107,11,118,95,5,100,229,15,244,349,19,368,329,29,358,31,14,45,77,4,81,590,50,640,70,2,72,56,3,59,78,5,83,164,12,176,430,52,482,510,49,559,378,40,418,37,1,38,188,19,207,143,12,155,6,,6,21,2,23,101,18,119,617,89,706,39,1,40,68,4,72,52,,52,123,8,131,50469,3749,54218,0,0,0,50469,3749,54218,,1,1
2016-10,188,9,197,103,2,105,46,4,50,75,8,83,8,,8,287,22,309,52,5,57,277,35,312,647,88,735,255,23,278,91,2,93,1130,77,1207,63,5,68,58,7,65,60,3,63,74,2,76,551,33,584,201,7,208,113,7,120,31,1,32,187,10,197,113,8,121,572,57,629,359,45,404,66,5,71,2006,84,2090,27,2,29,252,37,289,551,63,614,542,39,581,22,5,27,1489,97,1586,39,2,41,2545,254,2799,251,18,269,211,11,222,423,47,470,120,6,126,588,36,624,22,1,23,292,21,313,102,6,108,113,15,128,237,12,249,3118,159,3277,171,12,183,101,7,108,981,51,1032,1115,134,1249,102,8,110,8,,8,231,19,250,141,12,153,167,12,179,86,4,90,85,14,99,332,42,374,896,109,1005,389,37,426,155,12,167,5135,213,5348,92,7,99,6,,6,542,38,580,408,58,466,160,8,168,122,6,128,2528,185,2713,105,4,109,749,63,812,35,2,37,142,10,152,117,10,127,153,10,163,64,5,69,542,64,606,669,54,723,84,1,85,247,17,264,53,7,60,87,6,93,160,3,163,89,5,94,41,1,42,208,18,226,80,4,84,46,,46,256,18,274,65,6,71,248,17,265,31,,31,67,5,72,526,20,546,83,9,92,63,,63,126,19,145,22,1,23,202,10,212,55,2,57,178,19,197,32,,32,156,13,169,136,17,153,27,5,32,143,15,158,181,14,195,1181,68,1249,678,69,747,54,3,57,56,3,59,239,20,259,94,8,102,99,13,112,109,8,117,38,4,42,179,10,189,47,2,49,152,12,164,11,,11,56,8,64,69,4,73,2006,122,2128,470,41,511,13,,13,135,4,139,71,14,85,508,40,548,165,15,180,35,1,36,190,9,199,44,2,46,17,1,18,188,20,208,70,4,74,108,11,119,96,5,101,226,14,240,350,22,372,321,29,350,33,15,48,76,4,80,596,47,643,71,2,73,58,3,61,75,6,81,170,14,184,430,55,485,527,47,574,385,38,423,34,,34,181,19,200,137,12,149,6,,6,21,2,23,103,17,120,638,89,727,40,1,41,67,3,70,49,,49,126,10,136,50677,3812,54489,0,0,0,50677,3812,54489,,1,1
2016-11,204,9,213,102,3,105,49,4,53,75,8,83,9,,9,289,20,309,52,5,57,282,35,317,649,92,741,261,23,284,89,2,91,1137,80,1217,65,5,70,55,7,62,63,4,67,74,2,76,544,30,574,203,7,210,109,6,115,29,1,30,185,10,195,110,7,117,594,51,645,363,43,406,63,4,67,2000,82,2082,27,2,29,251,36,287,552,72,624,543,40,583,22,5,27,1487,94,1581,44,2,46,2533,253,2786,248,18,266,207,10,217,420,49,469,117,7,124,598,37,635,21,1,22,285,20,305,100,5,105,115,16,131,235,10,245,3090,153,3243,168,12,180,100,7,107,966,50,1016,1136,129,1265,100,8,108,8,,8,241,20,261,143,11,154,166,12,178,87,5,92,89,14,103,321,41,362,893,105,998,394,36,430,159,12,171,5119,212,5331,93,7,100,6,,6,536,38,574,403,56,459,162,7,169,121,6,127,2536,192,2728,103,3,106,744,64,808,35,2,37,142,10,152,117,9,126,150,10,160,60,5,65,547,68,615,651,51,702,83,1,84,252,16,268,56,8,64,87,5,92,157,3,160,89,4,93,41,,41,209,18,227,77,4,81,45,,45,254,18,272,67,6,73,246,16,262,31,,31,66,7,73,522,21,543,81,10,91,62,,62,122,20,142,23,3,26,206,11,217,53,2,55,178,19,197,31,1,32,154,12,166,134,17,151,29,4,33,144,14,158,180,13,193,1181,68,1249,689,67,756,57,2,59,53,3,56,230,19,249,92,8,100,96,14,110,109,11,120,41,4,45,180,11,191,45,2,47,151,12,163,11,,11,56,8,64,68,4,72,2015,129,2144,478,41,519,15,,15,136,4,140,70,12,82,507,40,547,160,17,177,36,1,37,189,11,200,43,3,46,16,1,17,188,19,207,75,5,80,108,10,118,93,5,98,220,15,235,355,21,376,329,31,360,37,15,52,75,5,80,604,48,652,73,2,75,57,3,60,75,7,82,169,16,185,442,56,498,536,50,586,382,38,420,32,,32,182,18,200,138,11,149,6,,6,21,2,23,102,18,120,653,98,751,39,1,40,66,3,69,50,,50,124,10,134,50681,3824,54505,0,0,0,50681,3824,54505,,1,1
2016-12,196,9,205,105,3,108,46,4,50,74,7,81,10,,10,286,18,304,53,5,58,278,34,312,653,90,743,256,22,278,92,2,94,1141,79,1220,66,5,71,51,8,59,60,3,63,80,2,82,531,37,568,211,7,218,108,6,114,28,1,29,187,8,195,113,7,120,606,49,655,354,43,397,63,5,68,1982,80,2062,27,2,29,256,34,290,539,71,610,539,38,577,21,5,26,1478,92,1570,43,2,45,2504,238,2742,245,18,263,208,11,219,427,45,472,113,6,119,615,34,649,23,1,24,286,23,309,104,8,112,111,16,127,235,11,246,3115,150,3265,168,13,181,98,8,106,969,48,1017,1122,128,1250,102,8,110,8,,8,241,21,262,140,11,151,164,13,177,83,6,89,84,14,98,322,42,364,883,102,985,387,37,424,156,13,169,5142,210,5352,94,7,101,5,,5,533,36,569,406,53,459,160,7,167,124,5,129,2519,194,2713,105,3,108,737,67,804,33,2,35,136,9,145,113,9,122,153,10,163,56,5,61,541,65,606,646,49,695,83,2,85,251,17,268,59,8,67,84,6,90,159,2,161,89,3,92,41,,41,205,19,224,80,5,85,46,1,47,251,17,268,65,6,71,243,16,259,30,,30,69,5,74,522,21,543,82,9,91,63,,63,120,18,138,24,3,27,208,12,220,53,2,55,180,18,198,34,2,36,153,12,165,132,17,149,29,4,33,141,15,156,182,13,195,1179,66,1245,688,66,754,52,2,54,54,4,58,230,19,249,96,9,105,95,15,110,109,9,118,40,4,44,187,13,200,45,3,48,150,12,162,12,,12,52,7,59,68,4,72,1992,128,2120,457,41,498,15,,15,133,4,137,72,13,85,492,37,529,164,16,180,35,1,36,188,10,198,44,3,47,16,1,17,184,19,203,74,5,79,107,10,117,91,5,96,220,14,234,358,22,380,323,31,354,40,16,56,74,6,80,610,48,658,70,2,72,54,3,57,83,7,90,168,16,184,433,50,483,542,50,592,398,38,436,32,,32,182,18,200,141,13,154,7,,7,21,2,23,100,19,119,655,92,747,40,1,41,69,3,72,47,,47,126,11,137,50542,3775,54317,0,0,0,50542,3775,54317,,1,1
2017-01,194,10,204,104,3,107,48,4,52,73,7,80,9,,9,287,20,307,53,5,58,279,34,313,668,95,763,264,21,285,91,1,92,1139,78,1217,68,5,73,51,8,59,65,3,68,77,2,79,536,34,570,207,7,214,102,6,108,28,1,29,187,8,195,109,9,118,589,50,639,368,42,410,64,5,69,1978,84,2062,28,2,30,256,31,287,536,71,607,533,34,567,19,5,24,1473,88,1561,46,2,48,2506,232,2738,246,19,265,209,10,219,415,48,463,112,7,119,610,38,648,23,1,24,284,23,307,100,7,107,110,16,126,233,10,243,3131,155,3286,166,12,178,102,8,110,958,51,1009,1129,120,1249,101,8,109,8,,8,237,20,257,140,10,150,165,15,180,77,7,84,89,15,104,320,40,360,890,96,986,387,36,423,157,15,172,5132,210,5342,98,10,108,5,,5,548,33,581,397,55,452,160,6,166,120,4,124,2557,195,2752,102,3,105,729,66,795,33,2,35,134,9,143,118,8,126,154,10,164,57,5,62,534,65,599,626,51,677,84,1,85,249,19,268,58,7,65,84,6,90,155,2,157,86,4,90,37,2,39,204,20,224,76,5,81,43,1,44,252,18,270,77,7,84,238,18,256,32,1,33,68,5,73,509,20,529,76,10,86,61,,61,121,17,138,24,3,27,208,12,220,54,2,56,187,19,206,33,2,35,156,12,168,127,17,144,32,4,36,143,14,157,179,15,194,1180,66,1246,684,68,752,58,3,61,59,5,64,231,18,249,95,9,104,90,15,105,114,11,125,40,4,44,189,14,203,49,3,52,152,14,166,11,,11,56,8,64,68,4,72,2020,132,2152,458,40,498,13,,13,133,3,136,73,14,87,480,35,515,160,16,176,35,1,36,188,10,198,42,3,45,16,1,17,178,20,198,75,5,80,107,10,117,91,5,96,217,13,230,355,22,377,321,33,354,42,15,57,73,6,79,610,46,656,70,2,72,54,3,57,80,7,87,169,16,185,433,50,483,541,47,588,389,38,427,32,,32,182,18,200,140,12,152,4,,4,20,2,22,99,19,118,668,95,763,37,1,38,66,3,69,47,,47,124,11,135,50510,3785,54295,0,0,0,50510,3785,54295,,1,1
2017-02,185,10,195,103,3,106,50,4,54,71,8,79,9,,9,286,22,308,55,4,59,281,33,314,665,97,762,267,20,287,89,1,90,1151,86,1237,67,5,72,52,8,60,62,3,65,72,2,74,544,34,578,204,7,211,100,4,104,28,1,29,184,8,192,111,9,120,601,46,647,363,39,402,59,5,64,1965,84,2049,28,1,29,256,30,286,521,68,589,541,34,575,20,5,25,1471,87,1558,46,2,48,2487,233,2720,250,19,269,209,8,217,410,47,457,116,6,122,619,42,661,22,1,23,284,21,305,99,8,107,107,16,123,228,8,236,3112,155,3267,165,13,178,101,8,109,957,53,1010,1092,114,1206,95,7,102,8,,8,239,19,258,144,10,154,164,16,180,76,8,84,87,15,102,339,42,381,883,97,980,392,36,428,163,17,180,5148,209,5357,93,11,104,8,,8,544,35,579,390,56,446,156,6,162,125,5,130,2541,192,2733,99,4,103,734,64,798,32,2,34,134,9,143,118,9,127,153,13,166,56,6,62,533,63,596,632,51,683,81,1,82,248,19,267,54,5,59,86,6,92,152,2,154,87,4,91,39,2,41,198,23,221,75,5,80,40,1,41,245,18,263,76,7,83,243,17,260,31,1,32,69,6,75,518,19,537,80,9,89,57,,57,119,17,136,22,3,25,208,11,219,49,2,51,183,19,202,32,2,34,151,12,163,129,13,142,32,4,36,140,14,154,181,15,196,1188,68,1256,708,65,773,54,3,57,64,5,69,239,18,257,101,9,110,89,11,100,114,9,123,40,4,44,190,15,205,51,4,55,150,14,164,11,,11,57,7,64,68,4,72,2007,137,2144,467,38,505,12,,12,134,3,137,74,12,86,461,33,494,159,16,175,35,1,36,186,9,195,41,3,44,17,1,18,178,19,197,73,4,77,106,9,115,90,5,95,220,13,233,360,24,384,323,32,355,43,16,59,71,5,76,607,47,654,67,2,69,56,3,59,85,7,92,171,15,186,437,51,488,536,45,581,387,40,427,33,1,34,182,17,199,141,13,154,4,,4,20,2,22,104,18,122,666,95,761,42,1,43,67,3,70,49,,49,126,11,137,50438,3768,54206,0,0,0,50438,3768,54206,,1,1
2017-03,181,10,191,112,4,116,47,4,51,66,8,74,9,1,10,291,22,313,57,4,61,289,34,323,664,97,761,263,20,283,90,1,91,1149,84,1233,70,5,75,53,8,61,62,3,65,77,2,79,540,33,573,203,9,212,112,5,117,27,1,28,187,8,195,113,9,122,603,47,650,362,41,403,59,5,64,1979,84,2063,27,1,28,261,29,290,526,69,595,534,34,568,20,5,25,1452,85,1537,46,2,48,2511,235,2746,250,19,269,211,7,218,410,42,452,127,7,134,640,44,684,22,1,23,296,22,318,103,8,111,106,17,123,222,9,231,3134,151,3285,167,13,180,102,8,110,968,58,1026,1109,123,1232,96,7,103,9,1,10,242,19,261,146,10,156,162,14,176,81,7,88,86,15,101,349,41,390,878,103,981,389,40,429,162,17,179,5130,209,5339,94,10,104,8,,8,553,33,586,379,58,437,156,5,161,126,6,132,2586,196,2782,104,4,108,734,64,798,29,2,31,132,9,141,114,9,123,158,12,170,56,5,61,535,63,598,631,49,680,80,1,81,249,20,269,54,5,59,81,7,88,150,4,154,85,3,88,38,2,40,203,25,228,74,5,79,43,1,44,246,17,263,77,9,86,237,17,254,31,2,33,70,5,75,510,18,528,80,9,89,56,,56,125,17,142,22,2,24,203,12,215,48,2,50,186,20,206,32,2,34,150,12,162,135,12,147,33,4,37,134,13,147,181,13,194,1194,69,1263,716,65,781,53,2,55,68,5,73,240,18,258,99,9,108,92,13,105,115,11,126,42,4,46,195,17,212,55,4,59,156,15,171,14,,14,55,7,62,67,3,70,2016,141,2157,479,38,517,11,1,12,137,3,140,74,12,86,475,36,511,154,16,170,35,1,36,187,9,196,45,3,48,17,1,18,180,16,196,69,4,73,102,9,111,89,6,95,222,14,236,360,23,383,334,35,369,44,15,59,71,5,76,628,53,681,67,2,69,56,3,59,84,8,92,176,15,191,445,45,490,546,48,594,388,37,425,33,,33,184,19,203,144,12,156,5,,5,22,2,24,101,18,119,666,98,764,43,2,45,68,3,71,46,1,47,128,12,140,50740,3813,54553,0,0,0,50740,3813,54553,,1,1
2017-04,181,9,190,107,5,112,46,4,50,64,8,72,10,,10,305,23,328,57,6,63,295,33,328,664,99,763,268,21,289,92,2,94,1152,83,1235,70,5,75,54,8,62,59,3,62,72,2,74,548,33,581,213,9,222,111,5,116,26,1,27,183,7,190,108,9,117,589,45,634,361,42,403,57,5,62,1936,87,2023,27,1,28,260,28,288,543,66,609,528,36,564,20,5,25,1460,88,1548,46,2,48,2483,229,2712,245,16,261,212,7,219,414,43,457,127,7,134,623,43,666,21,3,24,292,22,314,101,9,110,106,17,123,215,12,227,3128,155,3283,166,14,180,98,8,106,953,55,1008,1119,122,1241,95,8,103,10,,10,244,18,262,152,11,163,161,16,177,83,8,91,88,13,101,345,44,389,876,100,976,380,39,419,166,19,185,5146,210,5356,91,10,101,8,,8,557,34,591,386,58,444,157,6,163,122,6,128,2621,200,2821,104,7,111,726,68,794,29,1,30,129,8,137,114,10,124,157,12,169,58,6,64,518,66,584,630,47,677,81,1,82,247,20,267,53,5,58,89,7,96,148,4,152,83,3,86,38,2,40,209,26,235,83,5,88,43,2,45,243,16,259,77,9,86,243,15,258,31,2,33,72,5,77,507,21,528,78,9,87,54,,54,127,17,144,22,3,25,204,12,216,47,2,49,186,20,206,32,2,34,152,12,164,131,12,143,32,4,36,137,13,150,184,14,198,1209,63,1272,730,67,797,56,2,58,70,5,75,228,19,247,97,8,105,89,12,101,114,10,124,43,4,47,182,15,197,54,4,58,152,15,167,16,,16,54,7,61,66,4,70,2019,140,2159,479,38,517,12,1,13,137,3,140,74,11,85,466,33,499,159,15,174,36,1,37,188,9,197,45,3,48,16,1,17,186,15,201,68,2,70,109,10,119,88,5,93,223,16,239,354,23,377,331,35,366,48,15,63,73,4,77,620,51,671,70,2,72,57,3,60,89,8,97,177,13,190,442,43,485,549,47,596,379,35,414,33,,33,178,18,196,145,12,157,4,,4,22,2,24,101,18,119,679,96,775,43,2,45,70,3,73,44,,44,125,12,137,50700,3810,54510,0,0,0,50700,3810,54510,,1,1
2017-05,196,9,205,104,5,109,46,4,50,67,7,74,10,,10,299,25,324,57,6,63,307,37,344,662,98,760,263,21,284,89,2,91,1149,82,1231,70,6,76,51,5,56,59,3,62,73,1,74,556,33,589,211,11,222,108,5,113,26,1,27,184,11,195,113,12,125,609,54,663,353,42,395,59,5,64,1925,87,2012,28,1,29,252,27,279,546,71,617,539,35,574,20,5,25,1437,92,1529,46,1,47,2504,220,2724,244,15,259,211,8,219,420,39,459,121,8,129,623,50,673,22,3,25,296,19,315,106,12,118,108,19,127,222,10,232,3107,151,3258,163,14,177,96,9,105,971,56,1027,1105,127,1232,96,7,103,11,,11,244,17,261,151,11,162,165,16,181,82,8,90,89,13,102,342,41,383,886,99,985,381,41,422,167,19,186,5125,206,5331,87,10,97,6,,6,549,36,585,388,52,440,154,6,160,123,6,129,2616,201,2817,101,7,108,728,69,797,31,1,32,125,8,133,111,10,121,157,14,171,55,4,59,514,65,579,647,50,697,82,1,83,248,21,269,51,5,56,92,6,98,151,4,155,85,3,88,36,2,38,211,28,239,85,5,90,44,2,46,248,16,264,74,8,82,249,16,265,32,1,33,70,5,75,503,21,524,79,9,88,53,,53,133,16,149,24,3,27,204,13,217,48,1,49,184,21,205,33,3,36,154,12,166,135,12,147,34,4,38,139,12,151,180,11,191,1199,63,1262,725,72,797,57,3,60,69,7,76,235,20,255,106,8,114,94,13,107,112,11,123,44,4,48,186,15,201,54,3,57,158,15,173,17,,17,54,6,60,65,4,69,1999,145,2144,478,37,515,12,1,13,135,3,138,71,12,83,473,32,505,161,17,178,35,1,36,193,9,202,45,3,48,16,1,17,188,14,202,69,4,73,110,10,120,88,6,94,221,15,236,350,21,371,333,36,369,52,16,68,70,5,75,622,53,675,71,2,73,56,2,58,89,9,98,176,13,189,455,43,498,547,44,591,375,34,409,33,,33,176,18,194,151,12,163,5,,5,26,2,28,98,18,116,677,98,775,44,2,46,70,4,74,48,1,49,130,12,142,50749,3841,54590,0,0,0,50749,3841,54590,,1,1
2017-06,189,12,201,110,5,115,50,4,54,66,6,72,9,,9,309,26,335,59,6,65,305,35,340,667,99,766,263,19,282,87,1,88,1151,78,1229,76,6,82,62,6,68,58,2,60,73,1,74,571,33,604,207,10,217,104,5,109,26,1,27,186,11,197,112,11,123,609,54,663,355,40,395,57,5,62,1960,86,2046,28,1,29,254,28,282,561,70,631,529,35,564,18,5,23,1432,97,1529,46,1,47,2479,216,2695,239,17,256,212,7,219,428,39,467,124,8,132,631,50,681,22,3,25,304,21,325,106,15,121,103,20,123,224,12,236,3098,149,3247,168,14,182,100,8,108,960,55,1015,1103,132,1235,95,7,102,10,,10,251,18,269,152,11,163,160,17,177,86,7,93,91,14,105,352,36,388,902,101,1003,380,41,421,171,17,188,5177,214,5391,85,9,94,5,,5,551,33,584,384,55,439,155,6,161,119,5,124,2616,196,2812,111,9,120,732,68,800,34,1,35,123,5,128,111,8,119,157,16,173,55,7,62,518,64,582,640,49,689,82,1,83,244,21,265,49,4,53,94,5,99,157,4,161,78,3,81,37,2,39,210,27,237,84,7,91,48,3,51,259,17,276,77,8,85,250,17,267,34,2,36,66,5,71,495,23,518,82,9,91,48,,48,139,15,154,22,3,25,202,13,215,47,,47,185,23,208,35,3,38,151,11,162,134,12,146,34,4,38,141,12,153,188,12,200,1199,61,1260,730,71,801,59,3,62,70,7,77,233,18,251,108,7,115,102,10,112,115,11,126,46,4,50,187,13,200,54,3,57,157,14,171,18,,18,52,4,56,68,3,71,2003,154,2157,475,42,517,12,1,13,136,3,139,74,13,87,486,30,516,163,16,179,38,1,39,196,10,206,44,4,48,16,1,17,186,13,199,69,4,73,105,10,115,92,7,99,219,15,234,356,21,377,332,35,367,56,16,72,71,4,75,637,58,695,70,3,73,53,2,55,90,10,100,179,11,190,446,37,483,554,46,600,368,36,404,36,,36,176,19,195,155,11,166,4,,4,25,2,27,98,17,115,698,96,794,47,1,48,71,6,77,50,1,51,135,12,147,51005,3842,54847,0,0,0,51005,3842,54847,,1,1
2017-07,192,11,203,106,5,111,52,3,55,69,6,75,9,,9,307,26,333,58,6,64,307,36,343,663,100,763,259,19,278,87,1,88,1142,75,1217,76,5,81,59,6,65,55,2,57,68,1,69,567,34,601,205,10,215,104,5,109,27,1,28,188,12,200,111,11,122,602,53,655,359,39,398,59,6,65,1981,89,2070,27,1,28,243,29,272,548,69,617,525,37,562,18,5,23,1425,97,1522,45,1,46,2484,212,2696,245,17,262,209,8,217,438,39,477,126,8,134,640,49,689,22,3,25,301,21,322,101,13,114,105,19,124,225,9,234,3118,155,3273,167,15,182,103,7,110,947,57,1004,1089,127,1216,93,7,100,10,,10,253,19,272,150,11,161,161,17,178,86,7,93,90,13,103,337,38,375,900,105,1005,377,39,416,163,18,181,5137,211,5348,85,9,94,6,,6,551,34,585,387,52,439,152,6,158,124,6,130,2629,194,2823,110,9,119,729,61,790,35,1,36,124,5,129,111,11,122,158,15,173,50,7,57,507,64,571,648,50,698,81,1,82,236,23,259,49,3,52,97,6,103,146,4,150,77,3,80,39,2,41,214,28,242,85,8,93,47,3,50,255,17,272,77,8,85,251,16,267,37,2,39,68,5,73,503,22,525,87,8,95,47,1,48,140,16,156,21,2,23,204,13,217,47,,47,192,23,215,33,4,37,155,15,170,127,12,139,37,3,40,141,10,151,188,15,203,1206,63,1269,728,70,798,55,2,57,70,7,77,233,18,251,110,8,118,105,12,117,120,10,130,45,4,49,187,14,201,52,3,55,157,14,171,20,,20,52,5,57,67,3,70,1973,144,2117,479,42,521,11,1,12,132,3,135,73,14,87,477,33,510,161,16,177,36,1,37,193,11,204,42,4,46,16,1,17,189,12,201,71,5,76,106,9,115,93,7,100,218,12,230,356,21,377,320,35,355,53,16,69,73,3,76,632,60,692,68,3,71,53,2,55,91,9,100,178,13,191,448,44,492,554,44,598,356,34,390,35,,35,182,18,200,151,12,163,3,,3,25,2,27,98,17,115,715,99,814,45,1,46,72,6,78,49,1,50,130,13,143,50872,3843,54715,0,0,0,50872,3843,54715,,1,1
2017-08,181,10,191,105,4,109,53,3,56,67,6,73,8,,8,309,27,336,62,6,68,303,36,339,666,99,765,264,21,285,90,1,91,1146,78,1224,71,5,76,65,6,71,58,2,60,72,1,73,558,34,592,213,10,223,102,6,108,28,1,29,186,11,197,114,10,124,618,56,674,363,37,400,61,6,67,1953,90,2043,28,1,29,247,29,276,545,70,615,523,37,560,17,4,21,1402,96,1498,44,1,45,2488,204,2692,250,17,267,202,8,210,433,38,471,119,10,129,632,50,682,24,4,28,305,20,325,103,14,117,98,19,117,226,11,237,3131,159,3290,164,15,179,105,7,112,947,53,1000,1061,121,1182,91,7,98,11,,11,250,19,269,153,12,165,160,18,178,84,8,92,87,13,100,340,32,372,896,106,1002,378,41,419,167,16,183,5145,204,5349,86,10,96,6,,6,548,36,584,388,51,439,145,5,150,120,7,127,2659,195,2854,110,11,121,718,63,781,34,1,35,120,6,126,117,11,128,154,15,169,51,6,57,512,60,572,633,47,680,80,1,81,245,26,271,51,3,54,98,6,104,151,5,156,79,3,82,36,2,38,223,30,253,82,9,91,45,2,47,255,17,272,72,8,80,250,16,266,34,2,36,69,6,75,491,20,511,83,8,91,45,1,46,137,17,154,21,2,23,198,13,211,46,,46,185,22,207,34,5,39,158,15,173,130,8,138,40,4,44,138,10,148,195,17,212,1186,62,1248,720,70,790,54,2,56,72,8,80,236,19,255,106,8,114,108,11,119,119,9,128,47,4,51,191,14,205,51,3,54,156,16,172,20,,20,54,3,57,68,3,71,1921,141,2062,487,43,530,14,2,16,131,3,134,76,12,88,464,31,495,161,17,178,36,1,37,191,10,201,42,4,46,16,1,17,184,14,198,69,6,75,104,8,112,89,8,97,220,11,231,352,22,374,324,35,359,48,15,63,81,3,84,637,65,702,68,3,71,50,3,53,90,10,100,177,12,189,438,46,484,549,43,592,357,31,388,36,,36,186,20,206,152,10,162,4,,4,24,2,26,100,16,116,728,102,830,45,1,46,73,6,79,47,1,48,130,13,143,50734,3835,54569,0,0,0,50734,3835,54569,,1,1
2017-09,192,10,202,97,4,101,52,3,55,72,7,79,9,,9,302,30,332,60,6,66,309,34,343,658,98,756,261,21,282,88,1,89,1150,76,1226,68,5,73,63,5,68,56,2,58,71,2,73,564,34,598,210,10,220,102,6,108,28,1,29,185,11,196,115,10,125,609,53,662,368,37,405,60,7,67,1933,89,2022,27,,27,250,27,277,555,72,627,539,38,577,17,4,21,1400,96,1496,45,1,46,2468,208,2676,245,15,260,202,7,209,439,39,478,120,11,131,632,51,683,22,5,27,306,24,330,97,11,108,98,17,115,229,10,239,3102,155,3257,166,15,181,108,6,114,945,52,997,1079,122,1201,89,8,97,11,,11,246,18,264,163,12,175,164,17,181,83,6,89,88,13,101,331,32,363,894,107,1001,380,42,422,161,19,180,5125,209,5334,86,9,95,6,,6,537,38,575,385,50,435,148,6,154,119,7,126,2627,192,2819,110,11,121,720,61,781,33,1,34,115,6,121,120,12,132,151,15,166,51,6,57,504,59,563,644,47,691,77,2,79,248,27,275,50,3,53,96,5,101,154,5,159,75,3,78,37,2,39,218,30,248,85,11,96,42,2,44,257,17,274,68,6,74,248,15,263,36,3,39,68,5,73,492,20,512,82,8,90,45,1,46,143,16,159,25,2,27,197,11,208,48,,48,182,22,204,33,5,38,158,14,172,130,7,137,37,4,41,135,10,145,195,16,211,1199,63,1262,725,66,791,54,3,57,69,9,78,236,21,257,109,7,116,106,11,117,117,9,126,45,4,49,192,14,206,52,3,55,158,16,174,18,,18,54,4,58,67,3,70,1939,144,2083,487,46,533,13,2,15,129,4,133,74,13,87,497,35,532,161,17,178,38,1,39,182,10,192,42,4,46,15,1,16,184,15,199,69,6,75,109,8,117,90,8,98,213,11,224,346,21,367,326,33,359,50,15,65,78,3,81,632,65,697,67,3,70,49,3,52,93,11,104,178,10,188,440,43,483,544,44,588,358,29,387,35,2,37,181,21,202,145,10,155,4,1,5,25,2,27,97,15,112,730,96,826,43,1,44,78,7,85,43,2,45,128,13,141,50639,3831,54470,0,0,0,50639,3831,54470,,1,1
2017-10,2091,149,2240,90,4,94,53,3,56,71,6,77,10,1,11,297,29,326,60,5,65,309,32,341,642,102,744,251,22,273,89,1,90,1080,72,1152,65,4,69,64,7,71,55,1,56,60,2,62,531,36,567,201,7,208,98,5,103,30,1,31,175,11,186,113,10,123,615,54,669,359,38,397,60,6,66,1838,86,1924,28,,28,252,27,279,549,72,621,533,29,562,18,5,23,1339,96,1435,43,1,44,2376,193,2569,237,15,252,190,7,197,412,37,449,113,12,125,605,50,655,22,5,27,297,24,321,93,10,103,96,17,113,213,10,223,2926,141,3067,164,12,176,107,6,113,917,52,969,1037,116,1153,78,8,86,11,,11,240,18,258,160,12,172,168,15,183,84,6,90,90,13,103,326,28,354,876,105,981,372,38,410,161,18,179,4772,195,4967,86,8,94,5,,5,505,40,545,371,47,418,136,6,142,109,5,114,2594,193,2787,100,10,110,684,61,745,30,,30,115,7,122,105,12,117,151,18,169,48,6,54,479,58,537,605,40,645,81,2,83,242,25,267,49,3,52,87,5,92,145,5,150,75,3,78,37,2,39,213,31,244,79,11,90,41,2,43,251,14,265,69,7,76,238,16,254,28,3,31,69,5,74,464,22,486,85,7,92,42,1,43,143,16,159,24,2,26,188,14,202,42,,42,180,18,198,40,6,46,146,11,157,131,7,138,40,4,44,131,7,138,203,19,222,1137,61,1198,690,70,760,50,3,53,65,8,73,228,21,249,108,8,116,110,9,119,108,6,114,34,3,37,192,14,206,47,3,50,149,14,163,15,,15,54,4,58,62,2,64,1862,143,2005,467,42,509,13,2,15,120,5,125,70,11,81,476,34,510,166,21,187,34,1,35,181,9,190,36,3,39,14,1,15,184,13,197,60,6,66,102,7,109,84,7,91,206,11,217,333,22,355,311,29,340,51,16,67,74,3,77,612,60,672,61,3,64,48,2,50,85,11,96,172,12,184,410,41,451,525,42,567,347,25,372,36,1,37,176,20,196,155,8,163,4,1,5,26,2,28,93,16,109,724,91,815,46,1,47,73,7,80,42,2,44,120,11,131,50546,3834,54380,0,0,0,50546,3834,54380,,,
2017-11,2098,149,2247,93,5,98,52,4,56,72,6,78,8,,8,304,28,332,55,5,60,313,31,344,649,103,752,249,24,273,87,1,88,1095,73,1168,64,5,69,66,6,72,56,2,58,60,2,62,529,39,568,203,7,210,97,6,103,32,1,33,170,11,181,114,12,126,612,50,662,370,43,413,58,6,64,1831,86,1917,27,,27,245,26,271,557,72,629,533,33,566,20,5,25,1351,101,1452,46,1,47,2399,190,2589,234,13,247,187,9,196,405,36,441,116,12,128,614,49,663,20,4,24,289,19,308,91,8,99,88,16,104,219,13,232,2897,140,3037,164,10,174,112,6,118,910,49,959,1034,112,1146,81,9,90,12,,12,240,18,258,155,10,165,163,14,177,81,6,87,91,11,102,323,27,350,889,111,1000,374,39,413,163,16,179,4857,195,5052,86,8,94,5,,5,503,39,542,360,52,412,134,6,140,110,5,115,2607,189,2796,106,11,117,683,58,741,31,,31,116,7,123,110,12,122,155,19,174,50,5,55,498,59,557,602,42,644,77,1,78,250,26,276,52,2,54,91,4,95,149,5,154,76,3,79,32,2,34,215,33,248,83,12,95,40,1,41,249,13,262,69,6,75,242,15,257,33,3,36,69,5,74,462,20,482,83,6,89,43,1,44,152,15,167,25,2,27,182,13,195,41,,41,182,15,197,36,6,42,145,11,156,125,7,132,37,4,41,126,8,134,211,20,231,1153,63,1216,713,67,780,48,2,50,64,8,72,226,22,248,111,8,119,106,10,116,105,8,113,36,3,39,191,14,205,49,3,52,150,15,165,17,,17,53,5,58,59,2,61,1832,134,1966,474,42,516,13,2,15,119,4,123,68,11,79,473,32,505,167,21,188,34,1,35,182,10,192,38,3,41,13,1,14,182,14,196,55,6,61,103,4,107,83,7,90,204,11,215,328,21,349,314,32,346,49,16,65,75,3,78,602,56,658,63,3,66,45,2,47,90,14,104,171,12,183,425,40,465,515,45,560,339,24,363,35,1,36,180,22,202,156,10,166,5,1,6,25,2,27,93,13,106,714,92,806,45,1,46,74,6,80,43,3,46,123,11,134,50688,3819,54507,0,0,0,50688,3819,54507,,1,1
2017-12,189,9,198,99,4,103,51,4,55,73,6,79,10,1,11,315,29,344,59,6,65,317,30,347,656,103,759,262,25,287,86,1,87,1135,72,1207,67,7,74,68,9,77,56,2,58,68,2,70,548,39,587,215,8,223,104,7,111,31,1,32,184,11,195,116,11,127,627,54,681,382,45,427,62,8,70,1909,90,1999,26,,26,243,23,266,559,72,631,563,39,602,18,5,23,1396,104,1500,50,2,52,2498,216,2714,243,14,257,200,8,208,429,34,463,113,12,125,656,46,702,21,4,25,300,23,323,100,9,109,92,16,108,224,12,236,3079,146,3225,161,11,172,108,6,114,957,53,1010,1054,118,1172,90,9,99,12,,12,248,18,266,164,11,175,163,15,178,81,6,87,94,10,104,331,32,363,910,115,1025,373,40,413,164,15,179,5127,202,5329,89,8,97,6,,6,529,38,567,377,51,428,140,5,145,113,6,119,2667,197,2864,118,9,127,726,66,792,33,,33,120,7,127,119,12,131,158,15,173,49,5,54,520,60,580,619,43,662,77,2,79,268,26,294,55,2,57,97,4,101,155,5,160,74,3,77,32,2,34,219,34,253,83,11,94,42,1,43,256,13,269,69,4,73,259,14,273,42,5,47,74,5,79,486,22,508,89,7,96,46,1,47,154,17,171,24,2,26,196,12,208,42,,42,197,15,212,37,6,43,156,12,168,131,9,140,36,4,40,127,9,136,209,20,229,1211,64,1275,738,72,810,53,2,55,66,7,73,223,23,246,108,7,115,102,12,114,115,9,124,41,4,45,197,13,210,56,2,58,154,15,169,18,,18,55,6,61,62,2,64,1918,139,2057,476,40,516,11,2,13,119,5,124,72,14,86,497,35,532,165,23,188,35,1,36,191,10,201,39,4,43,19,1,20,183,13,196,67,6,73,108,4,112,88,6,94,213,10,223,335,21,356,330,32,362,52,14,66,77,4,81,620,61,681,63,3,66,49,3,52,89,15,104,182,12,194,432,43,475,544,48,592,338,22,360,36,2,38,189,22,211,163,9,172,5,1,6,27,2,29,96,12,108,739,89,828,45,1,46,77,7,84,47,2,49,132,13,145,50719,3808,54527,0,0,0,50719,3808,54527,,1,1
2018-01,182,11,193,104,4,108,47,6,53,73,6,79,8,,8,307,30,337,61,5,66,313,27,340,635,96,731,266,25,291,87,1,88,1122,69,1191,70,6,76,62,7,69,53,2,55,68,2,70,559,40,599,214,8,222,106,6,112,31,1,32,188,12,200,109,11,120,619,52,671,377,47,424,62,8,70,1908,90,1998,28,,28,240,21,261,550,67,617,562,41,603,17,5,22,1390,101,1491,49,3,52,2462,210,2672,242,15,257,200,11,211,415,37,452,113,13,126,642,48,690,22,4,26,299,23,322,99,10,109,90,18,108,225,13,238,3084,154,3238,163,12,175,111,5,116,954,54,1008,1029,115,1144,86,9,95,12,,12,248,19,267,158,11,169,167,16,183,78,5,83,93,9,102,334,33,367,901,111,1012,368,34,402,160,14,174,5092,204,5296,89,9,98,6,,6,525,34,559,376,52,428,143,6,149,107,9,116,2654,198,2852,113,9,122,721,60,781,33,,33,117,6,123,117,11,128,156,15,171,50,4,54,521,60,581,619,41,660,76,1,77,273,25,298,54,2,56,92,3,95,155,5,160,75,3,78,32,2,34,217,34,251,81,11,92,42,1,43,256,13,269,70,5,75,260,15,275,40,5,45,70,6,76,477,21,498,90,6,96,48,2,50,151,15,166,25,1,26,194,11,205,46,,46,191,17,208,37,5,42,158,11,169,129,10,139,35,5,40,129,8,137,211,20,231,1196,63,1259,732,74,806,53,2,55,68,7,75,225,23,248,109,8,117,101,10,111,112,9,121,42,4,46,198,13,211,54,2,56,157,15,172,17,,17,50,6,56,63,2,65,1939,133,2072,482,40,522,12,3,15,117,5,122,73,13,86,497,35,532,165,26,191,35,1,36,185,9,194,37,4,41,18,1,19,184,12,196,65,7,72,103,4,107,89,5,94,207,7,214,327,19,346,324,32,356,51,15,66,80,4,84,629,65,694,62,3,65,46,3,49,95,17,112,175,12,187,414,43,457,538,52,590,326,24,350,37,2,39,186,19,205,161,12,173,6,1,7,27,2,29,93,13,106,725,88,813,46,2,48,79,7,86,47,3,50,125,12,137,50359,3787,54146,0,0,0,50359,3787,54146,,,
2018-02,188,11,199,104,4,108,52,6,58,74,6,80,10,,10,301,28,329,62,5,67,320,29,349,624,101,725,268,25,293,90,1,91,1119,70,1189,72,6,78,72,8,80,53,2,55,68,2,70,566,39,605,220,8,228,106,5,111,29,1,30,190,12,202,112,12,124,602,48,650,376,48,424,64,6,70,1895,91,1986,28,,28,242,22,264,526,71,597,554,40,594,17,5,22,1396,111,1507,47,4,51,2457,206,2663,234,13,247,198,13,211,417,37,454,114,13,127,640,47,687,22,4,26,303,23,326,99,8,107,85,16,101,221,11,232,3058,146,3204,162,12,174,110,5,115,958,52,1010,1019,118,1137,91,8,99,12,,12,242,19,261,151,9,160,166,15,181,78,5,83,92,9,101,333,35,368,901,110,1011,376,33,409,160,16,176,5095,205,5300,91,8,99,6,,6,522,32,554,367,53,420,143,7,150,105,8,113,2670,202,2872,117,9,126,730,62,792,36,,36,115,6,121,117,9,126,156,16,172,47,5,52,538,61,599,633,46,679,77,2,79,275,27,302,56,2,58,91,4,95,157,6,163,76,3,79,32,2,34,217,32,249,83,11,94,44,1,45,256,13,269,70,6,76,253,14,267,41,5,46,71,5,76,473,20,493,91,5,96,46,2,48,151,15,166,27,1,28,196,12,208,46,,46,183,18,201,35,5,40,159,11,170,126,10,136,36,4,40,124,10,134,212,21,233,1200,64,1264,717,77,794,52,1,53,69,7,76,232,24,256,105,7,112,102,12,114,109,7,116,42,5,47,197,15,212,52,2,54,162,14,176,17,,17,49,6,55,63,1,64,1967,141,2108,486,44,530,13,2,15,118,4,122,70,13,83,513,34,547,165,25,190,35,1,36,189,9,198,34,4,38,19,1,20,190,14,204,66,7,73,99,4,103,90,5,95,204,6,210,338,16,354,321,30,351,56,16,72,78,4,82,648,63,711,64,3,67,48,3,51,100,21,121,169,11,180,429,45,474,543,55,598,325,25,350,35,1,36,184,19,203,158,12,170,6,1,7,26,2,28,98,13,111,744,95,839,47,2,49,78,7,85,48,3,51,129,12,141,50436,3821,54257,0,0,0,50436,3821,54257,,,
2018-03,190,10,200,110,4,114,51,6,57,75,7,82,9,,9,305,29,334,62,6,68,321,29,350,627,103,730,263,24,287,91,1,92,1125,74,1199,71,7,78,73,10,83,52,1,53,67,2,69,570,41,611,227,7,234,107,6,113,30,1,31,198,13,211,109,11,120,619,49,668,375,53,428,64,6,70,1907,96,2003,27,,27,242,23,265,556,67,623,569,40,609,16,5,21,1437,107,1544,48,4,52,2476,217,2693,236,12,248,197,13,210,423,39,462,117,13,130,638,47,685,23,4,27,298,23,321,103,8,111,92,16,108,221,10,231,3087,149,3236,166,11,177,113,6,119,960,51,1011,1028,117,1145,90,8,98,12,,12,250,21,271,149,7,156,169,15,184,76,5,81,92,9,101,329,36,365,920,112,1032,371,35,406,162,14,176,5108,210,5318,91,7,98,7,,7,529,30,559,376,54,430,140,5,145,108,8,116,2720,201,2921,115,12,127,730,67,797,34,,34,115,8,123,121,10,131,159,19,178,49,6,55,549,61,610,659,46,705,77,3,80,274,26,300,58,3,61,91,4,95,156,6,162,76,3,79,33,2,35,220,28,248,80,10,90,46,1,47,264,13,277,69,6,75,250,15,265,42,5,47,73,6,79,464,21,485,92,5,97,48,2,50,159,14,173,26,1,27,196,14,210,48,1,49,185,19,204,38,5,43,160,11,171,125,11,136,36,4,40,120,10,130,216,24,240,1218,62,1280,734,79,813,60,1,61,69,8,77,235,24,259,96,8,104,102,12,114,108,7,115,42,5,47,189,16,205,52,2,54,148,18,166,17,,17,55,6,61,63,1,64,1969,140,2109,483,44,527,13,3,16,120,4,124,68,14,82,527,34,561,160,30,190,35,1,36,194,9,203,34,4,38,18,1,19,192,14,206,69,7,76,98,5,103,89,5,94,207,8,215,331,17,348,317,31,348,57,18,75,79,5,84,661,66,727,65,3,68,48,3,51,101,20,121,171,10,181,425,44,469,558,56,614,332,23,355,37,1,38,187,22,209,164,13,177,5,1,6,27,2,29,99,14,113,780,108,888,47,2,49,79,7,86,49,3,52,131,12,143,50937,3910,54847,0,0,0,50937,3910,54847,,,
2018-04,2541,173,2714,98,4,102,52,6,58,70,6,76,10,1,11,293,29,322,62,4,66,308,26,334,607,100,707,256,24,280,89,1,90,1039,67,1106,63,7,70,68,8,76,52,1,53,59,1,60,532,40,572,220,6,226,99,6,105,30,2,32,184,12,196,111,11,122,602,47,649,361,48,409,62,4,66,1806,92,1898,24,,24,226,22,248,544,63,607,553,35,588,18,5,23,1345,114,1459,46,5,51,2368,203,2571,225,12,237,181,14,195,402,38,440,113,12,125,607,49,656,24,4,28,292,22,314,101,8,109,87,14,101,205,10,215,2853,140,2993,163,9,172,112,6,118,924,49,973,977,117,1094,79,8,87,13,,13,239,21,260,143,6,149,167,12,179,80,5,85,90,9,99,318,38,356,881,105,986,353,31,384,158,14,172,4712,196,4908,92,6,98,7,,7,511,31,542,385,57,442,124,5,129,104,8,112,2698,206,2904,104,12,116,687,64,751,35,,35,111,8,119,113,10,123,158,21,179,45,6,51,538,62,600,633,41,674,75,3,78,254,26,280,55,3,58,87,4,91,154,7,161,75,2,77,31,2,33,215,30,245,70,11,81,48,1,49,262,16,278,65,5,70,229,15,244,40,5,45,63,5,68,436,21,457,86,3,89,44,3,47,163,12,175,27,2,29,187,12,199,42,2,44,191,16,207,39,5,44,151,10,161,125,9,134,36,4,40,119,9,128,214,30,244,1142,57,1199,703,84,787,51,2,53,67,7,74,225,20,245,101,7,108,111,11,122,101,6,107,37,4,41,180,16,196,45,2,47,147,16,163,14,,14,61,8,69,55,1,56,1853,129,1982,474,45,519,14,3,17,119,4,123,63,10,73,496,36,532,167,28,195,32,1,33,190,9,199,36,3,39,17,1,18,190,13,203,62,8,70,98,6,104,81,5,86,188,7,195,310,18,328,298,30,328,55,18,73,76,5,81,626,58,684,61,3,64,47,2,49,99,20,119,158,9,167,412,38,450,532,54,586,320,22,342,35,1,36,183,20,203,167,12,179,3,1,4,25,2,27,97,14,111,761,93,854,44,2,46,76,6,82,41,3,44,123,9,132,50894,3921,54815,0,0,0,50894,3921,54815,,,
2018-05,183,11,194,107,4,111,54,6,60,71,7,78,9,2,11,302,27,329,66,4,70,323,27,350,638,100,738,268,22,290,90,1,91,1110,71,1181,67,9,76,71,12,83,50,1,51,63,2,65,546,42,588,234,8,242,103,6,109,29,4,33,204,13,217,116,11,127,622,53,675,359,51,410,64,6,70,1905,95,2000,24,,24,230,22,252,566,58,624,573,40,613,18,5,23,1441,110,1551,46,5,51,2483,223,2706,252,15,267,205,14,219,432,42,474,117,14,131,637,51,688,21,4,25,296,23,319,107,8,115,87,13,100,227,12,239,3067,145,3212,164,10,174,110,7,117,960,50,1010,1035,118,1153,94,6,100,13,,13,253,21,274,152,9,161,169,16,185,78,5,83,97,10,107,329,39,368,894,104,998,364,30,394,161,15,176,5090,209,5299,89,8,97,7,,7,554,29,583,390,54,444,135,4,139,107,8,115,2788,208,2996,117,16,133,718,70,788,33,,33,117,10,127,128,12,140,164,20,184,49,7,56,546,68,614,664,47,711,78,3,81,273,28,301,57,3,60,92,5,97,155,9,164,77,3,80,36,3,39,220,31,251,78,11,89,50,1,51,275,17,292,66,4,70,254,17,271,42,5,47,70,4,74,463,20,483,86,4,90,51,4,55,170,14,184,31,2,33,198,11,209,45,2,47,203,18,221,39,5,44,158,11,169,130,10,140,36,4,40,112,13,125,208,28,236,1220,61,1281,731,78,809,60,1,61,72,7,79,233,22,255,94,6,100,113,12,125,111,7,118,40,5,45,194,15,209,46,2,48,152,17,169,17,,17,62,8,70,62,2,64,1955,133,2088,494,42,536,12,3,15,120,4,124,69,12,81,525,39,564,176,28,204,34,1,35,193,10,203,37,3,40,19,1,20,201,15,216,73,8,81,106,6,112,88,5,93,203,7,210,318,19,337,323,33,356,55,19,74,78,5,83,670,61,731,64,2,66,51,2,53,99,19,118,167,9,176,436,43,479,554,65,619,333,23,356,36,2,38,193,23,216,171,14,185,4,1,5,26,2,28,99,11,110,786,111,897,44,2,46,77,8,85,46,2,48,132,12,144,51079,3947,55026,0,0,0,51079,3947,55026,,,
2018-06,189,12,201,106,5,111,57,6,63,74,8,82,9,1,10,311,23,334,72,7,79,328,30,358,635,96,731,260,19,279,91,1,92,1112,73,1185,64,10,74,80,13,93,52,,52,66,2,68,537,42,579,226,8,234,108,5,113,29,3,32,203,11,214,112,11,123,627,62,689,354,50,404,62,6,68,1915,97,2012,26,,26,225,24,249,573,56,629,561,43,604,22,5,27,1450,116,1566,48,5,53,2471,216,2687,242,16,258,205,14,219,443,42,485,122,11,133,641,47,688,22,2,24,303,24,327,108,7,115,89,12,101,229,12,241,3090,144,3234,155,10,165,111,8,119,958,52,1010,1037,120,1157,90,4,94,13,,13,244,22,266,150,9,159,169,16,185,86,4,90,100,10,110,321,42,363,885,107,992,349,31,380,159,18,177,5070,206,5276,87,7,94,8,,8,544,29,573,396,49,445,135,5,140,110,9,119,2811,207,3018,119,14,133,708,70,778,34,,34,115,10,125,127,11,138,176,19,195,52,7,59,554,72,626,670,49,719,77,3,80,267,28,295,54,4,58,93,4,97,157,9,166,79,4,83,36,3,39,219,31,250,77,10,87,50,2,52,278,17,295,64,5,69,251,17,268,44,5,49,66,4,70,462,19,481,86,5,91,55,4,59,175,12,187,29,2,31,198,10,208,44,2,46,204,19,223,35,4,39,161,10,171,131,10,141,32,4,36,111,11,122,218,27,245,1195,60,1255,727,78,805,57,2,59,70,6,76,236,22,258,91,5,96,110,10,120,107,8,115,39,6,45,198,13,211,48,2,50,153,18,171,15,,15,64,7,71,59,2,61,1953,132,2085,489,42,531,12,3,15,118,4,122,67,11,78,534,39,573,176,27,203,32,1,33,199,11,210,38,3,41,17,1,18,204,14,218,73,7,80,107,6,113,89,5,94,202,7,209,315,18,333,327,35,362,58,18,76,72,4,76,680,63,743,63,2,65,56,2,58,96,21,117,166,8,174,430,44,474,556,63,619,329,24,353,38,2,40,198,23,221,169,15,184,4,1,5,26,2,28,100,12,112,768,108,876,46,3,49,78,8,86,46,1,47,129,12,141,51074,3940,55014,0,0,0,51074,3940,55014,,,
2018-07,185,12,197,109,5,114,57,6,63,72,9,81,11,2,13,312,21,333,69,5,74,322,30,352,644,91,735,261,19,280,87,2,89,1087,73,1160,62,9,71,81,13,94,52,,52,63,1,64,536,41,577,221,9,230,110,7,117,32,3,35,214,12,226,113,11,124,633,60,693,361,50,411,64,6,70,1899,101,2000,26,,26,225,24,249,576,54,630,565,43,608,22,5,27,1440,114,1554,50,5,55,2475,215,2690,239,14,253,204,13,217,445,41,486,119,10,129,637,45,682,22,2,24,300,25,325,106,7,113,93,11,104,229,12,241,3074,149,3223,162,11,173,107,9,116,944,52,996,1027,116,1143,84,4,88,13,,13,234,21,255,148,10,158,171,21,192,82,3,85,98,8,106,324,37,361,881,108,989,343,32,375,163,18,181,5045,203,5248,87,5,92,8,,8,548,27,575,397,48,445,136,4,140,116,9,125,2786,208,2994,123,14,137,710,68,778,34,1,35,108,10,118,124,9,133,173,18,191,53,6,59,563,75,638,674,51,725,73,4,77,273,29,302,54,3,57,93,4,97,155,9,164,79,4,83,36,3,39,214,31,245,79,11,90,49,2,51,278,17,295,63,4,67,243,17,260,45,4,49,64,5,69,453,20,473,86,6,92,55,4,59,169,12,181,29,3,32,198,9,207,45,4,49,202,17,219,35,4,39,162,10,172,133,10,143,33,4,37,112,15,127,221,30,251,1207,60,1267,722,78,800,59,3,62,69,6,75,232,22,254,93,6,99,103,15,118,104,7,111,36,6,42,194,13,207,50,3,53,156,18,174,15,,15,63,7,70,61,3,64,1952,128,2080,493,40,533,12,3,15,118,4,122,73,11,84,533,44,577,179,27,206,33,1,34,199,12,211,35,3,38,19,1,20,194,13,207,70,6,76,98,6,104,91,5,96,197,7,204,309,18,327,335,36,371,57,17,74,74,4,78,685,61,746,65,2,67,55,2,57,93,18,111,168,8,176,424,43,467,563,62,625,319,25,344,42,2,44,198,22,220,171,15,186,4,1,5,25,1,26,105,11,116,786,110,896,46,3,49,76,8,84,42,2,44,128,12,140,50931,3929,54860,0,0,0,50931,3929,54860,,,
2018-08,176,13,189,114,5,119,55,7,62,74,10,84,13,1,14,308,19,327,71,7,78,337,31,368,643,95,738,256,19,275,87,2,89,1101,76,1177,64,9,73,80,13,93,52,1,53,60,2,62,523,44,567,225,10,235,115,7,122,30,3,33,212,14,226,113,10,123,629,60,689,360,47,407,62,6,68,1883,99,1982,24,,24,220,25,245,568,57,625,567,44,611,24,5,29,1427,115,1542,52,5,57,2484,220,2704,236,15,251,202,13,215,434,38,472,115,10,125,641,47,688,23,1,24,299,25,324,106,7,113,91,14,105,229,10,239,3073,149,3222,165,11,176,109,9,118,938,54,992,1036,119,1155,88,3,91,13,,13,236,19,255,142,9,151,164,20,184,81,4,85,99,10,109,319,37,356,877,107,984,341,31,372,168,19,187,5018,205,5223,88,5,93,8,,8,550,32,582,394,52,446,138,5,143,115,7,122,2763,191,2954,124,16,140,714,66,780,38,1,39,104,10,114,124,9,133,174,17,191,54,5,59,574,74,648,666,50,716,69,2,71,268,30,298,61,5,66,95,5,100,160,12,172,79,3,82,36,3,39,213,32,245,76,10,86,50,1,51,274,17,291,70,7,77,239,15,254,41,4,45,64,6,70,447,18,465,95,8,103,53,4,57,167,12,179,32,3,35,200,9,209,43,4,47,206,18,224,39,2,41,158,10,168,133,10,143,34,4,38,118,16,134,218,28,246,1190,61,1251,714,80,794,60,1,61,70,6,76,230,22,252,94,5,99,102,14,116,102,11,113,36,6,42,194,12,206,49,3,52,152,17,169,16,,16,62,7,69,67,1,68,1959,128,2087,495,36,531,13,3,16,118,4,122,70,11,81,523,43,566,176,25,201,34,1,35,200,11,211,34,3,37,18,1,19,193,13,206,68,6,74,97,6,103,89,5,94,199,8,207,315,19,334,338,35,373,52,18,70,74,5,79,677,57,734,66,2,68,53,2,55,94,19,113,174,10,184,416,42,458,564,60,624,324,22,346,42,2,44,198,23,221,174,16,190,4,1,5,26,1,27,103,11,114,797,107,904,46,3,49,77,7,84,45,2,47,132,12,144,50833,3931,54764,0,0,0,50833,3931,54764,,,
2018-09,177,12,189,113,4,117,55,7,62,77,8,85,14,,14,301,20,321,74,8,82,338,34,372,635,90,725,255,19,274,90,2,92,1108,76,1184,68,9,77,83,13,96,52,1,53,62,2,64,521,44,565,226,11,237,115,7,122,31,3,34,212,13,225,112,9,121,620,58,678,386,49,435,62,6,68,1876,102,1978,26,,26,227,25,252,560,56,616,563,42,605,24,5,29,1416,117,1533,50,6,56,2498,220,2718,228,15,243,206,13,219,428,40,468,120,10,130,642,50,692,24,1,25,308,24,332,104,6,110,90,11,101,233,11,244,3037,142,3179,164,12,176,108,9,117,908,55,963,1023,116,1139,90,3,93,13,1,14,233,18,251,143,9,152,169,20,189,81,4,85,98,15,113,337,42,379,871,105,976,337,34,371,166,21,187,4990,207,5197,93,7,100,9,,9,553,30,583,387,51,438,136,3,139,114,7,121,2763,188,2951,132,16,148,716,68,784,37,1,38,99,10,109,128,8,136,181,18,199,50,5,55,586,70,656,681,48,729,71,3,74,277,30,307,60,5,65,93,5,98,162,11,173,76,4,80,36,4,40,213,32,245,74,10,84,49,1,50,281,18,299,72,8,80,234,15,249,42,4,46,64,7,71,448,17,465,94,8,102,54,4,58,168,13,181,35,3,38,200,8,208,42,4,46,209,22,231,34,2,36,159,10,169,138,10,148,34,4,38,124,17,141,222,23,245,1198,60,1258,724,74,798,55,1,56,70,6,76,234,19,253,96,5,101,104,15,119,97,9,106,36,6,42,190,13,203,48,3,51,150,14,164,12,,12,62,7,69,66,1,67,1956,125,2081,505,35,540,12,2,14,119,4,123,75,11,86,523,45,568,181,24,205,35,1,36,198,11,209,34,3,37,21,1,22,197,14,211,65,5,70,101,6,107,91,6,97,208,7,215,312,18,330,333,37,370,55,18,73,74,7,81,657,52,709,66,2,68,55,2,57,93,18,111,173,9,182,418,40,458,559,65,624,314,22,336,42,2,44,203,23,226,176,16,192,5,,5,24,1,25,104,12,116,804,114,918,49,4,53,79,6,85,47,3,50,132,12,144,50845,3920,54765,0,0,0,50845,3920,54765,,,
2018-10,183,14,197,116,4,120,56,7,63,79,8,87,13,1,14,303,20,323,72,7,79,340,32,372,633,86,719,256,18,274,89,2,91,1112,77,1189,67,8,75,83,14,97,51,1,52,63,2,65,519,38,557,223,10,233,117,7,124,30,3,33,213,15,228,114,9,123,629,57,686,378,43,421,66,6,72,1886,98,1984,26,,26,226,27,253,560,53,613,567,40,607,27,5,32,1397,117,1514,47,8,55,2521,223,2744,222,13,235,209,14,223,426,38,464,124,9,133,655,50,705,26,1,27,304,23,327,107,5,112,88,14,102,228,11,239,3055,150,3205,170,14,184,104,10,114,898,53,951,1023,110,1133,89,3,92,13,1,14,241,19,260,151,9,160,174,20,194,77,4,81,101,16,117,343,41,384,867,105,972,342,32,374,171,18,189,5001,205,5206,99,8,107,9,,9,560,27,587,382,51,433,137,2,139,125,7,132,2764,196,2960,138,17,155,713,67,780,36,1,37,101,11,112,125,8,133,180,19,199,46,5,51,597,69,666,685,51,736,68,2,70,283,30,313,62,7,69,90,5,95,158,11,169,76,3,79,37,4,41,210,34,244,79,10,89,47,1,48,278,20,298,71,7,78,223,15,238,39,4,43,65,6,71,447,19,466,91,7,98,51,4,55,168,17,185,32,3,35,205,9,214,43,4,47,208,21,229,37,2,39,158,10,168,133,10,143,36,4,40,123,16,139,212,17,229,1197,61,1258,726,76,802,54,1,55,69,6,75,235,20,255,93,4,97,100,14,114,102,9,111,39,5,44,189,13,202,50,3,53,155,14,169,12,,12,62,7,69,62,2,64,1962,128,2090,501,38,539,12,2,14,121,4,125,73,10,83,514,50,564,180,26,206,34,1,35,199,9,208,33,2,35,20,1,21,194,16,210,64,5,69,101,5,106,90,6,96,208,8,216,323,18,341,327,38,365,55,16,71,72,7,79,674,52,726,66,2,68,55,2,57,95,19,114,174,8,182,425,39,464,560,66,626,308,19,327,40,3,43,203,22,225,171,14,185,4,1,5,24,1,25,99,13,112,818,119,937,50,4,54,75,6,81,45,3,48,131,10,141,50943,3917,54860,0,0,0,50943,3917,54860,,,
2018-11,173,14,187,116,3,119,57,6,63,83,8,91,12,,12,298,21,319,70,7,77,343,36,379,628,83,711,258,18,276,89,2,91,1117,78,1195,69,8,77,83,14,97,56,1,57,60,2,62,524,35,559,226,9,235,116,7,123,31,3,34,215,15,230,114,9,123,661,57,718,382,48,430,64,8,72,1881,98,1979,28,,28,225,28,253,549,51,600,568,42,610,27,5,32,1396,120,1516,47,7,54,2532,216,2748,224,13,237,214,13,227,435,37,472,121,9,130,645,51,696,26,1,27,300,21,321,107,6,113,90,15,105,224,10,234,3048,150,3198,172,14,186,105,10,115,887,51,938,1041,106,1147,86,3,89,13,1,14,245,20,265,153,10,163,167,21,188,79,4,83,103,16,119,349,40,389,870,109,979,351,34,385,172,20,192,4993,204,5197,100,7,107,9,,9,562,27,589,372,51,423,135,3,138,126,7,133,2747,196,2943,132,17,149,733,69,802,37,1,38,104,13,117,128,8,136,181,18,199,44,5,49,605,68,673,691,50,741,71,2,73,284,26,310,63,7,70,91,5,96,160,11,171,76,4,80,38,4,42,214,30,244,78,9,87,46,1,47,275,20,295,72,8,80,230,16,246,38,5,43,60,7,67,445,20,465,87,7,94,50,4,54,170,17,187,31,3,34,204,10,214,40,3,43,215,20,235,38,2,40,161,11,172,129,10,139,36,5,41,127,16,143,220,17,237,1181,63,1244,728,74,802,49,2,51,64,6,70,232,24,256,91,5,96,98,16,114,102,8,110,39,4,43,194,13,207,48,3,51,151,14,165,11,,11,65,8,73,60,2,62,1938,130,2068,500,39,539,11,2,13,122,4,126,75,11,86,509,48,557,175,25,200,34,1,35,206,9,215,31,2,33,20,1,21,192,18,210,62,5,67,104,5,109,90,5,95,210,8,218,319,20,339,326,37,363,56,16,72,73,5,78,668,54,722,68,2,70,53,2,55,92,19,111,172,10,182,428,40,468,573,69,642,307,20,327,39,3,42,207,22,229,172,14,186,4,1,5,24,1,25,102,13,115,797,120,917,51,4,55,75,5,80,46,2,48,131,11,142,50948,3933,54881,0,0,0,50948,3933,54881,,,
2018-12,181,16,197,115,4,119,56,6,62,78,8,86,13,,13,300,22,322,67,8,75,337,35,372,619,86,705,260,18,278,88,2,90,1117,80,1197,68,8,76,82,14,96,57,2,59,61,2,63,521,37,558,233,10,243,111,7,118,32,3,35,216,15,231,112,8,120,661,52,713,387,50,437,61,8,69,1887,97,1984,27,,27,217,33,250,552,46,598,574,39,613,29,4,33,1375,116,1491,43,8,51,2533,218,2751,231,14,245,216,13,229,438,39,477,121,10,131,653,52,705,26,1,27,294,21,315,110,7,117,87,12,99,221,10,231,3033,151,3184,161,11,172,104,10,114,860,52,912,1031,104,1135,88,3,91,13,1,14,245,19,264,149,11,160,166,20,186,82,4,86,105,16,121,344,37,381,867,109,976,343,33,376,173,19,192,4996,209,5205,102,6,108,9,,9,571,28,599,373,47,420,140,3,143,125,7,132,2715,200,2915,134,17,151,723,66,789,37,2,39,99,12,111,129,9,138,184,17,201,46,5,51,617,66,683,693,53,746,71,2,73,283,22,305,69,7,76,89,6,95,160,12,172,77,3,80,38,4,42,210,28,238,78,8,86,45,2,47,290,20,310,70,8,78,229,16,245,44,5,49,60,6,66,460,21,481,90,7,97,49,4,53,172,15,187,31,4,35,206,10,216,43,3,46,215,19,234,37,2,39,155,11,166,131,11,142,32,7,39,126,16,142,216,19,235,1188,65,1253,726,72,798,49,1,50,65,6,71,232,19,251,89,4,93,95,17,112,101,8,109,42,4,46,186,16,202,51,3,54,160,15,175,12,,12,64,8,72,61,2,63,1925,130,2055,507,40,547,10,2,12,124,3,127,77,10,87,507,48,555,177,27,204,31,1,32,212,10,222,32,2,34,18,1,19,192,18,210,62,4,66,106,5,111,89,5,94,205,8,213,322,19,341,325,40,365,56,17,73,73,5,78,678,54,732,71,2,73,53,2,55,97,20,117,173,9,182,429,39,468,589,69,658,311,20,331,38,3,41,206,22,228,175,15,190,5,1,6,22,1,23,102,13,115,810,121,931,53,4,57,73,4,77,47,2,49,134,11,145,50937,3933,54870,0,0,0,50937,3933,54870,,,
2019-01,175,13,188,116,5,121,59,8,67,78,8,86,14,,14,302,23,325,72,6,78,347,35,382,626,86,712,261,19,280,87,2,89,1116,78,1194,70,7,77,79,12,91,55,2,57,59,3,62,524,38,562,236,7,243,114,7,121,35,3,38,213,14,227,112,8,120,641,51,692,381,45,426,61,7,68,1871,95,1966,27,,27,214,35,249,553,49,602,568,39,607,28,4,32,1373,112,1485,43,7,50,2528,217,2745,228,14,242,212,12,224,439,39,478,120,9,129,656,53,709,24,1,25,294,21,315,108,6,114,92,14,106,225,11,236,3000,148,3148,160,11,171,106,9,115,852,52,904,1032,108,1140,84,4,88,13,1,14,245,21,266,149,10,159,165,20,185,83,4,87,106,17,123,353,36,389,857,109,966,341,33,374,176,21,197,4968,213,5181,99,6,105,11,,11,574,30,604,385,45,430,139,3,142,125,8,133,2717,195,2912,129,16,145,715,67,782,38,2,40,105,12,117,130,9,139,185,17,202,45,5,50,627,67,694,694,56,750,70,2,72,287,21,308,63,7,70,85,6,91,159,12,171,76,4,80,37,3,40,210,26,236,79,8,87,43,2,45,292,19,311,71,8,79,226,16,242,45,5,50,58,7,65,457,19,476,86,7,93,49,3,52,169,15,184,34,4,38,203,10,213,43,4,47,216,19,235,35,2,37,150,11,161,133,12,145,32,7,39,129,14,143,222,19,241,1180,63,1243,726,71,797,48,,48,68,6,74,227,20,247,89,5,94,99,16,115,103,9,112,43,4,47,185,19,204,49,3,52,162,14,176,11,,11,61,8,69,63,3,66,1929,132,2061,510,36,546,11,1,12,129,3,132,78,10,88,492,46,538,175,26,201,33,1,34,203,10,213,30,2,32,18,1,19,191,19,210,61,4,65,100,5,105,91,5,96,208,7,215,324,21,345,316,40,356,54,17,71,75,6,81,676,57,733,70,1,71,53,2,55,99,19,118,176,9,185,418,40,458,593,66,659,304,20,324,41,3,44,203,21,224,177,17,194,4,1,5,22,1,23,103,12,115,800,118,918,53,4,57,71,4,75,50,1,51,134,11,145,50792,3912,54704,0,0,0,50792,3912,54704,,,
2019-02,178,13,191,117,6,123,58,9,67,78,7,85,13,1,14,319,25,344,74,7,81,347,33,380,623,85,708,267,19,286,88,2,90,1138,71,1209,73,7,80,78,12,90,56,2,58,59,3,62,529,42,571,238,6,244,124,7,131,33,2,35,213,16,229,113,8,121,638,54,692,378,44,422,57,6,63,1870,100,1970,26,,26,215,34,249,558,43,601,573,45,618,30,4,34,1363,103,1466,46,7,53,2537,222,2759,224,14,238,209,11,220,442,41,483,118,10,128,656,54,710,24,1,25,302,21,323,105,8,113,89,13,102,229,12,241,3001,151,3152,159,9,168,110,8,118,840,48,888,1034,113,1147,85,4,89,12,1,13,245,21,266,148,10,158,166,20,186,87,5,92,107,18,125,348,37,385,867,104,971,345,31,376,180,21,201,4947,209,5156,97,9,106,11,,11,569,32,601,387,45,432,142,3,145,122,7,129,2701,190,2891,126,15,141,724,69,793,39,3,42,103,12,115,126,9,135,188,16,204,46,5,51,670,68,738,699,60,759,71,2,73,279,21,300,61,7,68,85,7,92,163,12,175,81,3,84,39,3,42,206,26,232,78,9,87,46,2,48,290,22,312,74,10,84,225,16,241,48,5,53,61,6,67,455,21,476,87,8,95,46,3,49,166,15,181,33,4,37,204,11,215,44,4,48,219,20,239,32,2,34,151,12,163,134,13,147,32,6,38,130,14,144,221,20,241,1184,61,1245,719,73,792,51,,51,67,6,73,230,21,251,89,5,94,102,18,120,103,10,113,43,3,46,187,20,207,47,3,50,159,16,175,11,,11,61,8,69,66,3,69,1918,137,2055,512,40,552,12,1,13,127,3,130,77,10,87,498,47,545,170,28,198,34,1,35,201,9,210,32,2,34,18,1,19,193,18,211,65,4,69,109,6,115,92,5,97,206,7,213,320,22,342,317,40,357,53,17,70,79,6,85,673,56,729,65,1,66,51,1,52,104,20,124,172,11,183,422,41,463,606,62,668,306,22,328,41,2,43,205,21,226,175,14,189,4,1,5,22,1,23,104,12,116,800,116,916,54,4,58,71,4,75,45,1,46,132,11,143,50901,3939,54840,0,0,0,50901,3939,54840,,,
2019-03,184,12,196,116,6,122,60,9,69,79,8,87,13,2,15,316,24,340,72,6,78,356,33,389,624,82,706,265,20,285,86,2,88,1148,71,1219,68,8,76,78,13,91,52,2,54,60,3,63,524,51,575,246,7,253,118,6,124,34,2,36,211,16,227,112,8,120,654,58,712,387,43,430,52,7,59,1897,97,1994,27,,27,217,33,250,568,43,611,565,43,608,29,4,33,1358,103,1461,49,6,55,2543,225,2768,217,14,231,211,11,222,444,41,485,117,9,126,656,54,710,26,1,27,312,20,332,106,8,114,91,12,103,232,13,245,3034,150,3184,156,10,166,111,7,118,838,45,883,1041,114,1155,86,4,90,13,1,14,250,22,272,139,11,150,167,18,185,87,5,92,106,19,125,344,35,379,866,102,968,348,29,377,180,21,201,4926,208,5134,100,9,109,10,,10,569,33,602,389,46,435,145,5,150,124,7,131,2690,186,2876,123,15,138,720,70,790,36,3,39,104,13,117,131,9,140,186,17,203,44,5,49,664,72,736,694,58,752,69,2,71,280,21,301,60,7,67,92,9,101,165,13,178,81,5,86,41,4,45,199,26,225,77,8,85,45,2,47,285,20,305,74,11,85,227,15,242,47,4,51,63,6,69,457,21,478,84,8,92,47,4,51,167,15,182,30,4,34,203,9,212,45,5,50,219,20,239,33,2,35,157,12,169,137,13,150,33,6,39,136,14,150,219,19,238,1194,62,1256,730,72,802,52,,52,68,5,73,228,19,247,90,5,95,105,18,123,101,7,108,44,3,47,190,21,211,48,3,51,159,14,173,12,,12,60,8,68,62,3,65,1950,138,2088,511,41,552,12,1,13,125,3,128,79,9,88,489,44,533,166,26,192,32,1,33,203,9,212,34,2,36,17,1,18,199,20,219,68,4,72,108,7,115,89,5,94,205,6,211,324,22,346,323,43,366,54,18,72,70,6,76,690,57,747,66,2,68,52,1,53,112,21,133,179,12,191,417,43,460,616,62,678,314,25,339,41,3,44,207,20,227,178,17,195,4,1,5,21,1,22,103,13,116,781,115,896,52,4,56,72,4,76,46,1,47,129,11,140,51054,3949,55003,0,0,0,51054,3949,55003,,,
2019-04,184,15,199,118,5,123,61,9,70,78,8,86,13,2,15,328,24,352,73,6,79,351,34,385,618,84,702,265,20,285,93,2,95,1156,72,1228,66,8,74,75,12,87,52,1,53,62,2,64,522,50,572,237,7,244,117,7,124,33,2,35,212,17,229,114,8,122,656,53,709,378,41,419,52,7,59,1896,92,1988,26,,26,220,30,250,565,41,606,565,42,607,27,4,31,1372,104,1476,48,6,54,2545,223,2768,216,15,231,209,10,219,438,39,477,118,9,127,650,51,701,26,1,27,316,20,336,104,8,112,92,13,105,231,12,243,3038,149,3187,149,10,159,113,7,120,838,43,881,1040,113,1153,92,4,96,13,1,14,255,19,274,141,11,152,170,18,188,88,5,93,103,18,121,344,35,379,872,99,971,356,31,387,178,22,200,4916,212,5128,103,10,113,10,,10,565,32,597,397,46,443,143,5,148,125,7,132,2708,186,2894,124,15,139,715,70,785,37,3,40,104,15,119,135,11,146,183,17,200,47,4,51,684,80,764,686,58,744,67,2,69,280,20,300,59,7,66,91,8,99,167,13,180,79,5,84,41,4,45,198,25,223,72,8,80,45,2,47,285,24,309,71,10,81,232,12,244,44,4,48,65,7,72,458,20,478,84,8,92,47,4,51,161,14,175,33,3,36,200,9,209,46,7,53,213,20,233,30,2,32,156,11,167,136,13,149,36,6,42,137,13,150,219,19,238,1215,62,1277,711,68,779,53,,53,66,4,70,224,21,245,90,5,95,105,18,123,100,7,107,43,3,46,191,21,212,45,3,48,161,13,174,13,,13,64,7,71,64,3,67,1927,143,2070,511,44,555,12,1,13,128,3,131,79,10,89,487,43,530,161,24,185,31,1,32,204,9,213,28,2,30,19,1,20,207,24,231,70,5,75,113,7,120,88,5,93,212,7,219,327,22,349,325,42,367,53,18,71,73,6,79,687,58,745,67,1,68,52,1,53,115,21,136,176,14,190,421,47,468,628,64,692,311,24,335,43,3,46,206,19,225,178,18,196,4,1,5,22,1,23,105,13,118,792,111,903,55,4,59,72,3,75,47,2,49,126,12,138,51109,3941,55050,0,0,0,51109,3941,55050,,,
2019-05,181,13,194,113,4,117,60,9,69,83,10,93,13,2,15,318,22,340,75,6,81,362,32,394,620,85,705,265,20,285,92,2,94,1161,70,1231,67,7,74,79,13,92,51,1,52,59,2,61,522,49,571,236,9,245,118,8,126,31,3,34,208,15,223,112,8,120,642,56,698,375,39,414,54,7,61,1905,96,2001,27,,27,224,30,254,570,44,614,572,43,615,27,4,31,1387,103,1490,48,6,54,2548,226,2774,220,16,236,219,9,228,438,44,482,121,8,129,667,58,725,25,1,26,313,18,331,105,10,115,93,16,109,239,13,252,3018,147,3165,147,10,157,115,6,121,841,43,884,1043,111,1154,90,4,94,13,1,14,250,23,273,139,10,149,172,18,190,89,5,94,102,18,120,343,34,377,862,100,962,363,33,396,173,21,194,4902,211,5113,103,9,112,11,,11,564,29,593,398,45,443,143,5,148,124,10,134,2697,191,2888,118,16,134,724,67,791,39,3,42,98,14,112,131,9,140,181,18,199,56,2,58,683,79,762,676,57,733,69,3,72,288,19,307,59,7,66,90,7,97,169,14,183,79,4,83,45,4,49,203,27,230,70,7,77,44,2,46,277,24,301,70,12,82,237,11,248,42,3,45,63,7,70,454,20,474,86,8,94,47,4,51,162,15,177,31,3,34,194,10,204,47,7,54,210,21,231,33,2,35,150,11,161,130,11,141,37,6,43,139,14,153,225,24,249,1205,68,1273,724,67,791,52,,52,66,4,70,232,21,253,87,4,91,108,18,126,104,7,111,45,3,48,198,22,220,42,3,45,162,15,177,11,,11,62,8,70,61,3,64,1931,143,2074,504,44,548,11,1,12,127,3,130,77,10,87,494,46,540,160,21,181,32,1,33,204,9,213,29,2,31,19,1,20,202,26,228,73,5,78,114,7,121,89,6,95,210,7,217,330,25,355,325,44,369,52,18,70,74,6,80,680,55,735,67,1,68,52,2,54,112,22,134,170,16,186,420,46,466,640,65,705,304,25,329,43,2,45,205,17,222,175,19,194,5,2,7,21,1,22,101,16,117,817,114,931,53,3,56,70,3,73,46,2,48,124,11,135,51124,3983,55107,0,0,0,51124,3983,55107,,,
2019-06,195,11,206,116,4,120,57,7,64,86,9,95,12,2,14,319,23,342,73,6,79,358,32,390,619,88,707,268,20,288,91,2,93,1168,74,1242,69,5,74,75,15,90,51,1,52,59,1,60,524,44,568,236,9,245,118,8,126,31,4,35,210,17,227,112,8,120,654,57,711,371,39,410,57,6,63,1896,103,1999,26,,26,225,30,255,572,44,616,568,43,611,26,4,30,1367,100,1467,46,6,52,2579,223,2802,226,18,244,220,10,230,429,44,473,114,7,121,656,53,709,25,1,26,315,20,335,103,10,113,97,15,112,239,14,253,3001,151,3152,149,10,159,114,6,120,821,42,863,1036,110,1146,84,3,87,13,1,14,248,26,274,139,10,149,171,17,188,87,5,92,102,16,118,339,39,378,865,93,958,358,34,392,168,21,189,4904,206,5110,105,9,114,12,,12,561,30,591,402,46,448,153,5,158,124,10,134,2688,199,2887,117,16,133,706,67,773,39,3,42,102,14,116,129,9,138,181,17,198,57,2,59,691,77,768,679,54,733,68,4,72,286,17,303,62,7,69,90,8,98,163,15,178,80,5,85,45,4,49,201,27,228,69,6,75,45,2,47,285,24,309,75,12,87,240,13,253,39,3,42,61,7,68,454,21,475,86,7,93,46,4,50,161,16,177,34,3,37,191,9,200,48,6,54,212,21,233,35,2,37,151,11,162,136,11,147,37,6,43,140,14,154,211,24,235,1235,70,1305,729,66,795,49,,49,70,4,74,232,21,253,90,4,94,109,18,127,105,5,110,45,3,48,195,22,217,42,3,45,162,14,176,13,,13,65,8,73,63,4,67,1934,143,2077,491,41,532,13,1,14,131,5,136,78,9,87,496,43,539,151,21,172,33,1,34,204,9,213,29,2,31,20,1,21,206,26,232,73,5,78,113,7,120,86,6,92,211,8,219,323,24,347,325,44,369,53,18,71,74,6,80,671,57,728,67,1,68,50,2,52,113,23,136,171,19,190,431,47,478,641,63,704,293,24,317,42,3,45,201,19,220,173,19,192,5,2,7,20,1,21,99,17,116,803,103,906,53,3,56,67,4,71,48,3,51,120,11,131,51070,3977,55047,0,0,0,51070,3977,55047,,,
2019-07,200,10,210,114,5,119,59,7,66,83,10,93,12,2,14,324,25,349,73,6,79,355,34,389,624,86,710,260,19,279,90,2,92,1157,73,1230,71,5,76,79,17,96,50,1,51,55,3,58,526,44,570,236,9,245,119,8,127,29,4,33,204,16,220,111,8,119,650,57,707,364,40,404,60,5,65,1931,108,2039,26,,26,228,33,261,573,45,618,581,44,625,27,4,31,1435,95,1530,45,6,51,2568,223,2791,223,16,239,217,10,227,432,44,476,116,6,122,652,53,705,26,1,27,323,21,344,105,10,115,94,13,107,237,13,250,2973,153,3126,147,10,157,113,6,119,822,46,868,1042,106,1148,88,4,92,13,1,14,254,25,279,142,10,152,174,17,191,88,6,94,106,17,123,331,37,368,891,89,980,354,30,384,161,22,183,4925,208,5133,106,10,116,11,,11,564,30,594,413,45,458,156,5,161,121,10,131,2702,203,2905,121,15,136,711,67,778,36,4,40,96,14,110,128,6,134,182,20,202,53,2,55,702,82,784,680,58,738,73,4,77,286,18,304,61,6,67,93,7,100,171,15,186,78,4,82,42,4,46,203,27,230,70,7,77,43,2,45,296,24,320,76,10,86,236,12,248,43,3,46,63,7,70,448,21,469,91,7,98,45,4,49,151,17,168,33,3,36,195,9,204,52,9,61,211,22,233,30,1,31,155,11,166,138,11,149,38,6,44,144,13,157,216,20,236,1225,70,1295,738,68,806,50,,50,66,3,69,232,22,254,90,3,93,110,19,129,106,8,114,46,3,49,194,22,216,42,3,45,155,13,168,13,,13,67,8,75,63,5,68,1945,139,2084,492,39,531,13,1,14,125,5,130,78,8,86,497,43,540,149,21,170,30,1,31,209,10,219,30,2,32,18,1,19,204,24,228,73,5,78,112,7,119,89,6,95,208,9,217,327,22,349,330,43,373,52,17,69,78,7,85,665,53,718,66,1,67,53,2,55,115,25,140,168,21,189,432,49,481,660,65,725,295,25,320,41,2,43,193,18,211,176,19,195,5,2,7,20,1,21,100,15,115,792,107,899,54,4,58,70,4,74,47,3,50,119,12,131,51258,3988,55246,0,0,0,51258,3988,55246,,,
2019-08,193,12,205,118,5,123,58,7,65,86,9,95,11,2,13,323,24,347,76,5,81,352,30,382,623,91,714,254,19,273,88,2,90,1160,74,1234,72,5,77,85,18,103,50,1,51,57,3,60,527,43,570,238,8,246,117,10,127,30,4,34,201,18,219,109,8,117,631,55,686,362,41,403,67,5,72,1930,114,2044,25,,25,229,33,262,582,50,632,574,43,617,26,4,30,1408,101,1509,47,5,52,2581,220,2801,226,14,240,219,10,229,433,44,477,116,7,123,649,49,698,25,1,26,329,19,348,102,9,111,94,10,104,230,13,243,2965,154,3119,145,10,155,118,6,124,811,42,853,1027,106,1133,90,4,94,13,1,14,256,27,283,139,11,150,173,15,188,87,6,93,104,17,121,329,37,366,874,91,965,363,32,395,160,23,183,4941,209,5150,107,10,117,10,,10,563,28,591,412,53,465,158,6,164,119,9,128,2666,203,2869,122,14,136,696,68,764,40,4,44,97,15,112,128,6,134,180,19,199,53,2,55,698,81,779,679,54,733,72,4,76,279,20,299,67,6,73,94,8,102,167,14,181,78,5,83,39,4,43,197,28,225,68,7,75,41,2,43,293,25,318,79,9,88,228,13,241,44,2,46,63,6,69,450,21,471,93,6,99,43,3,46,154,18,172,35,3,38,192,9,201,49,9,58,198,20,218,36,1,37,154,11,165,143,13,156,37,6,43,147,15,162,216,20,236,1235,76,1311,735,73,808,49,,49,66,4,70,220,21,241,90,4,94,112,19,131,109,5,114,46,3,49,193,22,215,43,3,46,158,12,170,14,,14,67,8,75,60,5,65,1936,140,2076,485,44,529,13,1,14,121,5,126,73,8,81,504,43,547,147,21,168,31,1,32,214,10,224,31,2,33,18,1,19,205,23,228,75,5,80,112,8,120,86,6,92,207,8,215,324,22,346,325,43,368,53,17,70,76,6,82,654,54,708,68,1,69,52,3,55,118,27,145,170,22,192,439,50,489,658,66,724,295,25,320,41,2,43,192,19,211,179,19,198,4,2,6,20,,20,99,14,113,776,115,891,53,4,57,66,4,70,48,3,51,112,12,124,51069,4027,55096,0,0,0,51069,4027,55096,,,
2019-09,202,14,216,117,6,123,59,7,66,89,9,98,11,2,13,316,25,341,75,6,81,360,31,391,636,98,734,247,16,263,90,3,93,1168,71,1239,68,5,73,89,18,107,53,1,54,57,3,60,534,41,575,242,7,249,121,10,131,30,4,34,204,17,221,111,9,120,632,57,689,369,41,410,71,6,77,1919,108,2027,24,,24,240,34,274,579,59,638,573,44,617,24,4,28,1398,99,1497,46,5,51,2580,219,2799,227,14,241,225,9,234,429,44,473,117,9,126,642,46,688,26,1,27,340,20,360,100,8,108,100,9,109,236,14,250,2956,152,3108,141,10,151,119,7,126,818,42,860,1030,100,1130,93,4,97,12,1,13,261,28,289,142,12,154,169,15,184,87,5,92,107,16,123,347,36,383,878,92,970,374,30,404,157,23,180,4991,209,5200,108,10,118,10,,10,563,32,595,414,52,466,152,6,158,119,11,130,2700,202,2902,124,14,138,700,69,769,39,4,43,102,16,118,133,8,141,180,15,195,52,2,54,715,79,794,680,51,731,73,4,77,280,21,301,66,7,73,95,7,102,171,13,184,83,5,88,41,3,44,195,26,221,69,7,76,40,2,42,301,25,326,77,10,87,226,11,237,42,2,44,63,7,70,459,23,482,100,8,108,43,3,46,155,18,173,34,3,37,195,9,204,51,9,60,203,17,220,38,1,39,152,11,163,148,15,163,35,5,40,149,15,164,221,17,238,1251,80,1331,743,73,816,53,,53,67,4,71,224,19,243,92,4,96,115,17,132,105,7,112,43,3,46,197,23,220,44,3,47,164,10,174,15,1,16,67,8,75,62,4,66,1930,143,2073,481,48,529,15,,15,118,6,124,75,8,83,508,45,553,148,21,169,30,2,32,211,11,222,28,2,30,17,1,18,206,22,228,71,4,75,111,6,117,85,6,91,204,9,213,329,21,350,332,39,371,58,18,76,75,6,81,659,52,711,66,1,67,51,3,54,123,26,149,172,22,194,427,52,479,663,63,726,295,24,319,39,2,41,195,17,212,176,21,197,6,2,8,19,,19,103,13,116,772,119,891,53,4,57,66,4,70,47,3,50,116,12,128,51376,4024,55400,0,0,0,51376,4024,55400,,,
2019-10,197,13,210,119,7,126,58,7,65,95,8,103,10,1,11,316,26,342,75,6,81,359,34,393,637,97,734,251,16,267,93,5,98,1180,72,1252,68,5,73,97,16,113,52,1,53,57,2,59,540,43,583,234,7,241,122,9,131,30,4,34,198,16,214,113,7,120,633,60,693,363,41,404,72,5,77,1933,104,2037,24,,24,240,34,274,582,58,640,569,43,612,22,4,26,1391,97,1488,46,4,50,2616,226,2842,220,13,233,227,8,235,438,44,482,119,9,128,647,49,696,27,1,28,344,21,365,100,8,108,105,8,113,239,15,254,2936,154,3090,144,10,154,119,8,127,816,39,855,1038,102,1140,90,4,94,11,1,12,260,27,287,140,12,152,173,15,188,91,5,96,105,15,120,339,31,370,867,87,954,366,31,397,160,23,183,5030,210,5240,105,11,116,10,,10,561,36,597,419,53,472,154,7,161,117,14,131,2686,209,2895,130,14,144,701,69,770,41,4,45,103,15,118,134,7,141,184,15,199,51,2,53,724,81,805,696,60,756,68,4,72,294,21,315,70,7,77,94,8,102,171,13,184,83,5,88,40,3,43,195,26,221,66,7,73,40,3,43,303,26,329,77,10,87,232,10,242,42,2,44,62,6,68,452,22,474,101,9,110,46,3,49,150,16,166,33,3,36,190,8,198,54,8,62,200,17,217,40,1,41,147,11,158,151,14,165,35,5,40,148,14,162,227,17,244,1248,80,1328,727,70,797,51,,51,67,3,70,223,20,243,94,4,98,111,17,128,110,9,119,45,3,48,195,25,220,44,2,46,164,9,173,16,1,17,73,8,81,60,4,64,1942,140,2082,482,46,528,16,,16,118,6,124,72,7,79,511,53,564,144,19,163,29,2,31,208,12,220,27,2,29,15,1,16,205,24,229,76,4,80,106,6,112,84,6,90,207,9,216,335,22,357,328,39,367,56,18,74,74,4,78,671,53,724,69,1,70,52,3,55,127,27,154,183,23,206,436,54,490,681,67,748,303,26,329,36,3,39,197,19,216,183,19,202,7,2,9,15,,15,105,14,119,796,124,920,57,4,61,65,4,69,48,3,51,118,11,129,51582,4056,55638,0,0,0,51582,4056,55638,,,
2019-11,198,13,211,121,6,127,55,8,63,93,8,101,11,2,13,311,25,336,76,5,81,355,37,392,632,93,725,255,14,269,101,5,106,1182,76,1258,70,5,75,97,15,112,52,2,54,57,1,58,542,45,587,228,7,235,123,12,135,29,4,33,196,16,212,113,7,120,645,63,708,351,40,391,74,7,81,1981,100,2081,24,,24,239,33,272,566,59,625,577,46,623,21,4,25,1382,94,1476,45,4,49,2651,233,2884,223,13,236,235,8,243,433,47,480,114,9,123,647,47,694,25,1,26,340,21,361,98,7,105,105,6,111,245,14,259,2944,156,3100,143,9,152,131,8,139,839,38,877,1034,99,1133,87,4,91,13,2,15,258,31,289,142,11,153,169,15,184,93,4,97,104,14,118,340,33,373,869,85,954,376,34,410,159,21,180,5041,214,5255,104,12,116,10,,10,555,35,590,412,55,467,153,7,160,114,13,127,2721,208,2929,131,13,144,705,70,775,42,4,46,109,13,122,129,8,137,186,15,201,52,2,54,741,92,833,692,58,750,68,4,72,295,19,314,69,7,76,92,6,98,166,12,178,82,5,87,42,3,45,201,27,228,65,7,72,42,2,44,311,26,337,74,9,83,225,11,236,42,2,44,62,6,68,456,23,479,99,9,108,46,2,48,149,18,167,33,3,36,194,8,202,60,9,69,195,18,213,36,,36,148,9,157,151,12,163,35,5,40,141,15,156,224,18,242,1243,74,1317,721,73,794,52,,52,71,2,73,233,18,251,94,4,98,110,15,125,115,11,126,43,3,46,200,23,223,47,2,49,175,11,186,16,1,17,72,8,80,61,5,66,1943,138,2081,490,44,534,15,,15,118,5,123,74,9,83,528,53,581,150,17,167,29,2,31,205,12,217,26,2,28,14,1,15,210,29,239,70,4,74,111,6,117,87,6,93,206,9,215,328,22,350,333,39,372,57,18,75,74,4,78,659,50,709,66,1,67,50,3,53,127,29,156,181,24,205,443,50,493,685,67,752,300,25,325,34,3,37,195,19,214,181,21,202,6,2,8,19,,19,102,13,115,793,123,916,53,4,57,64,4,68,52,4,56,123,9,132,51773,4061,55834,0,0,0,51773,4061,55834,,,
2019-12,195,12,207,120,6,126,53,7,60,92,6,98,9,3,12,308,26,334,71,4,75,351,38,389,609,96,705,249,13,262,100,5,105,1173,72,1245,66,5,71,92,14,106,52,1,53,57,,57,541,43,584,228,8,236,130,12,142,29,3,32,197,17,214,114,7,121,627,62,689,347,40,387,76,8,84,1983,94,2077,24,,24,237,31,268,587,61,648,574,45,619,23,4,27,1347,93,1440,45,4,49,2691,241,2932,213,14,227,229,8,237,432,46,478,111,10,121,637,47,684,24,1,25,343,23,366,101,6,107,99,6,105,245,14,259,2928,160,3088,143,11,154,128,9,137,832,38,870,1025,97,1122,84,3,87,11,2,13,264,32,296,145,11,156,172,15,187,92,5,97,98,14,112,345,31,376,878,85,963,370,34,404,156,24,180,5036,214,5250,105,10,115,9,,9,548,38,586,406,52,458,151,5,156,114,14,128,2673,199,2872,131,14,145,708,69,777,42,4,46,111,13,124,138,8,146,186,14,200,53,2,55,749,93,842,705,56,761,67,4,71,292,18,310,66,8,74,92,5,97,163,12,175,79,4,83,42,3,45,202,27,229,67,7,74,42,2,44,301,27,328,72,10,82,226,12,238,37,2,39,60,6,66,455,21,476,97,10,107,45,2,47,150,18,168,33,2,35,192,8,200,63,8,71,194,18,212,37,,37,147,9,156,155,11,166,33,5,38,139,13,152,228,20,248,1247,75,1322,728,69,797,53,1,54,70,2,72,237,19,256,88,4,92,105,14,119,124,11,135,44,3,47,198,22,220,45,3,48,171,8,179,16,1,17,74,8,82,59,4,63,1927,138,2065,482,45,527,16,,16,121,5,126,67,9,76,510,48,558,142,17,159,31,2,33,207,12,219,25,2,27,12,1,13,204,30,234,71,5,76,108,6,114,87,6,93,204,9,213,329,21,350,330,37,367,56,19,75,72,4,76,649,50,699,67,3,70,53,3,56,127,27,154,180,25,205,447,49,496,683,68,751,308,27,335,34,3,37,196,17,213,182,20,202,6,2,8,18,,18,97,14,111,777,127,904,58,3,61,66,2,68,52,4,56,116,9,125,51519,4037,55556,0,0,0,51519,4037,55556,,,
2020-01,188,11,199,117,5,122,54,7,61,89,6,95,12,2,14,306,25,331,72,5,77,346,37,383,607,88,695,247,13,260,100,5,105,1179,72,1251,63,5,68,88,13,101,52,1,53,54,,54,531,44,575,227,9,236,127,13,140,29,4,33,196,17,213,118,8,126,611,64,675,339,40,379,79,10,89,1951,93,2044,24,,24,233,30,263,585,57,642,566,45,611,23,4,27,1334,99,1433,48,4,52,2684,236,2920,214,15,229,224,9,233,430,42,472,109,8,117,633,48,681,24,1,25,351,23,374,98,6,104,100,7,107,245,14,259,2898,151,3049,139,10,149,133,8,141,835,38,873,1017,96,1113,80,4,84,11,2,13,262,31,293,142,11,153,166,14,180,95,4,99,97,14,111,342,32,374,891,85,976,365,32,397,161,25,186,5018,212,5230,99,9,108,8,,8,556,40,596,406,52,458,150,5,155,115,14,129,2653,198,2851,130,14,144,705,63,768,40,3,43,111,15,126,135,7,142,178,14,192,53,2,55,752,91,843,701,53,754,65,4,69,293,20,313,64,10,74,89,5,94,164,11,175,84,4,88,42,3,45,199,27,226,68,8,76,39,2,41,303,27,330,69,10,79,225,12,237,37,2,39,60,4,64,449,22,471,95,10,105,48,2,50,146,16,162,33,2,35,192,8,200,64,8,72,190,17,207,34,,34,146,9,155,157,11,168,33,5,38,134,12,146,221,21,242,1254,69,1323,723,68,791,53,1,54,69,2,71,234,18,252,84,5,89,110,14,124,125,13,138,42,3,45,202,22,224,43,3,46,166,8,174,16,1,17,70,7,77,57,3,60,1915,135,2050,486,47,533,13,,13,123,5,128,68,10,78,510,46,556,141,16,157,30,2,32,210,12,222,24,2,26,13,1,14,200,29,229,73,7,80,107,6,113,86,6,92,204,10,214,322,21,343,323,38,361,55,19,74,73,4,77,663,49,712,67,3,70,53,3,56,127,27,154,185,22,207,440,48,488,675,73,748,308,27,335,33,3,36,199,17,216,184,20,204,7,2,9,18,,18,95,13,108,763,125,888,57,3,60,64,2,66,53,3,56,119,11,130,51228,3990,55218,0,0,0,51228,3990,55218,,,
2020-02,201,11,212,116,6,122,52,7,59,88,6,94,9,2,11,298,23,321,74,9,83,341,39,380,609,85,694,237,14,251,101,5,106,1172,69,1241,66,5,71,95,11,106,51,1,52,51,,51,531,42,573,241,10,251,139,14,153,28,4,32,198,17,215,120,9,129,621,70,691,340,39,379,76,9,85,1956,82,2038,23,,23,234,28,262,586,58,644,564,41,605,24,4,28,1355,108,1463,45,4,49,2666,228,2894,221,14,235,224,9,233,425,44,469,118,8,126,637,46,683,24,1,25,350,23,373,95,8,103,97,8,105,247,16,263,2910,155,3065,139,10,149,135,8,143,828,37,865,1010,102,1112,78,4,82,12,2,14,265,34,299,137,10,147,172,14,186,92,4,96,98,13,111,343,31,374,897,85,982,373,31,404,150,25,175,5022,210,5232,101,9,110,9,,9,551,39,590,405,50,455,150,6,156,118,13,131,2672,195,2867,131,14,145,711,59,770,41,4,45,112,13,125,127,7,134,177,14,191,53,2,55,739,90,829,698,55,753,63,4,67,293,16,309,64,8,72,92,5,97,162,11,173,80,4,84,43,4,47,195,24,219,69,7,76,41,3,44,303,25,328,67,9,76,223,11,234,35,1,36,65,5,70,459,24,483,98,11,109,51,2,53,141,17,158,34,3,37,187,8,195,62,7,69,192,17,209,33,1,34,148,8,156,156,11,167,31,5,36,140,14,154,225,21,246,1260,66,1326,721,72,793,56,1,57,63,2,65,235,21,256,88,6,94,105,13,118,133,11,144,43,3,46,202,24,226,44,5,49,163,8,171,14,1,15,70,8,78,56,3,59,1908,131,2039,480,42,522,15,,15,121,5,126,69,10,79,512,48,560,145,14,159,28,3,31,209,11,220,25,2,27,13,,13,200,30,230,68,6,74,102,5,107,81,6,87,205,9,214,326,19,345,326,38,364,52,19,71,72,4,76,666,50,716,71,3,74,57,3,60,127,25,152,182,20,202,445,44,489,670,72,742,302,27,329,32,3,35,204,15,219,185,21,206,7,2,9,18,,18,89,14,103,756,124,880,58,3,61,63,2,65,49,3,52,119,12,131,51264,3957,55221,0,0,0,51264,3957,55221,,,
2020-03,205,10,215,114,5,119,52,7,59,85,6,91,11,3,14,293,26,319,75,8,83,339,39,378,601,82,683,238,14,252,102,5,107,1158,67,1225,65,7,72,95,11,106,53,1,54,49,,49,524,43,567,229,12,241,130,14,144,27,4,31,192,17,209,121,9,130,624,67,691,333,39,372,77,11,88,1949,80,2029,23,,23,238,29,267,580,57,637,563,44,607,22,4,26,1325,99,1424,45,5,50,2674,229,2903,226,17,243,223,9,232,420,41,461,114,8,122,633,43,676,23,1,24,347,24,371,94,8,102,99,8,107,249,16,265,2883,152,3035,133,9,142,135,7,142,823,38,861,1021,110,1131,79,4,83,11,2,13,259,34,293,137,9,146,170,13,183,91,5,96,99,13,112,343,36,379,884,91,975,383,32,415,153,25,178,5028,212,5240,104,10,114,9,,9,555,35,590,410,46,456,149,6,155,115,13,128,2647,186,2833,128,12,140,714,55,769,38,4,42,114,12,126,125,7,132,182,13,195,55,3,58,740,87,827,706,53,759,62,4,66,283,19,302,65,6,71,95,5,100,157,9,166,82,4,86,41,4,45,191,24,215,68,7,75,42,3,45,306,24,330,65,8,73,215,11,226,34,1,35,66,4,70,459,24,483,98,9,107,52,2,54,139,16,155,32,3,35,186,8,194,62,7,69,192,18,210,35,1,36,145,8,153,159,13,172,30,5,35,139,13,152,216,20,236,1274,70,1344,725,74,799,53,1,54,62,2,64,239,19,258,86,5,91,103,12,115,131,11,142,45,3,48,204,23,227,46,4,50,161,8,169,13,1,14,71,9,80,54,4,58,1908,135,2043,485,41,526,16,,16,115,7,122,70,10,80,516,52,568,141,14,155,30,3,33,206,10,216,27,2,29,15,,15,199,26,225,68,6,74,101,5,106,83,6,89,200,8,208,331,17,348,327,34,361,54,18,72,70,4,74,664,51,715,67,3,70,53,3,56,124,23,147,190,22,212,446,45,491,682,67,749,298,26,324,32,3,35,204,14,218,192,21,213,6,2,8,16,1,17,92,12,104,747,118,865,59,3,62,61,2,63,47,3,50,121,11,132,51108,3917,55025,0,0,0,51108,3917,55025,,,
2020-04,210,9,219,108,5,113,50,7,57,86,4,90,14,3,17,288,24,312,68,8,76,329,38,367,588,82,670,231,15,246,100,4,104,1126,61,1187,63,7,70,92,11,103,49,1,50,48,1,49,517,40,557,225,12,237,128,13,141,24,4,28,190,16,206,114,8,122,613,62,675,337,36,373,73,11,84,1896,78,1974,22,,22,230,26,256,563,57,620,538,45,583,22,4,26,1307,93,1400,42,5,47,2573,214,2787,223,14,237,226,9,235,405,40,445,112,8,120,616,37,653,23,1,24,342,24,366,91,8,99,97,8,105,243,16,259,2853,147,3000,125,7,132,132,7,139,793,37,830,994,106,1100,79,4,83,11,2,13,248,32,280,139,9,148,168,12,180,93,4,97,97,13,110,333,33,366,877,87,964,371,31,402,148,23,171,4954,204,5158,98,10,108,9,,9,545,33,578,395,45,440,151,6,157,113,12,125,2571,181,2752,126,10,136,698,56,754,36,4,40,112,11,123,125,7,132,178,12,190,51,3,54,706,84,790,681,50,731,63,4,67,283,20,303,65,4,69,92,5,97,158,9,167,79,4,83,47,3,50,181,22,203,67,6,73,39,3,42,295,24,319,68,8,76,209,11,220,31,1,32,66,4,70,451,23,474,97,10,107,52,2,54,136,13,149,32,3,35,182,9,191,61,7,68,177,17,194,33,1,34,143,8,151,152,14,166,28,5,33,135,12,147,212,17,229,1233,66,1299,705,69,774,55,,55,66,3,69,239,18,257,80,5,85,105,10,115,130,11,141,41,3,44,204,20,224,45,5,50,157,6,163,13,1,14,71,7,78,51,3,54,1865,126,1991,470,35,505,14,,14,110,7,117,67,10,77,499,49,548,140,13,153,30,3,33,205,9,214,24,3,27,16,,16,196,24,220,63,5,68,99,5,104,81,6,87,199,8,207,320,16,336,327,31,358,52,18,70,67,3,70,649,50,699,66,3,69,53,3,56,122,22,144,187,18,205,434,42,476,654,66,720,291,23,314,32,3,35,196,16,212,190,21,211,6,2,8,17,,17,92,11,103,726,112,838,58,3,61,61,2,63,45,2,47,117,10,127,49921,3727,53648,0,0,0,49921,3727,53648,,,
2020-05,182,10,192,110,5,115,44,6,50,85,3,88,13,2,15,279,23,302,66,7,73,313,34,347,574,76,650,227,15,242,97,4,101,1092,56,1148,61,7,68,90,10,100,52,1,53,44,1,45,504,34,538,218,12,230,130,11,141,23,4,27,178,15,193,111,8,119,586,59,645,327,32,359,68,10,78,1839,74,1913,20,,20,219,25,244,549,55,604,529,43,572,20,4,24,1293,92,1385,41,5,46,2466,198,2664,218,13,231,220,8,228,396,42,438,109,8,117,596,33,629,21,1,22,335,24,359,84,7,91,94,7,101,239,16,255,2772,143,2915,122,6,128,123,6,129,781,36,817,977,99,1076,76,3,79,11,1,12,244,32,276,138,7,145,161,13,174,85,5,90,95,13,108,320,27,347,873,80,953,365,29,394,142,22,164,4851,197,5048,96,8,104,8,,8,530,29,559,369,43,412,147,6,153,104,10,114,2498,175,2673,116,10,126,674,50,724,34,4,38,112,11,123,119,7,126,170,12,182,50,3,53,674,80,754,665,50,715,62,4,66,268,18,286,63,3,66,88,4,92,152,8,160,72,4,76,45,2,47,173,21,194,69,6,75,39,3,42,291,21,312,67,7,74,207,11,218,31,1,32,66,4,70,449,20,469,93,9,102,51,2,53,132,14,146,32,3,35,183,10,193,59,6,65,169,14,183,33,2,35,145,7,152,148,13,161,25,4,29,136,12,148,204,16,220,1199,63,1262,675,69,744,52,1,53,62,3,65,228,16,244,77,5,82,100,9,109,123,11,134,42,3,45,204,18,222,44,4,48,154,5,159,14,1,15,63,6,69,49,3,52,1825,120,1945,458,29,487,14,,14,113,7,120,60,10,70,469,38,507,138,12,150,30,3,33,203,9,212,27,2,29,15,,15,193,22,215,58,6,64,94,5,99,80,5,85,189,9,198,314,15,329,309,27,336,53,18,71,67,2,69,633,46,679,68,3,71,51,3,54,118,20,138,175,16,191,425,40,465,630,58,688,283,22,305,32,2,34,193,15,208,182,21,203,6,2,8,16,,16,92,9,101,709,96,805,55,3,58,57,2,59,44,1,45,116,9,125,48496,3490,51986,0,0,0,48496,3490,51986,,,
2020-06,186,9,195,108,4,112,45,6,51,82,3,85,14,2,16,282,23,305,65,10,75,310,37,347,576,78,654,228,13,241,96,3,99,1084,55,1139,60,7,67,88,9,97,51,1,52,42,1,43,495,32,527,217,13,230,126,10,136,22,4,26,174,14,188,106,9,115,568,58,626,329,32,361,70,10,80,1793,73,1866,19,,19,216,24,240,549,52,601,524,40,564,20,4,24,1262,92,1354,42,5,47,2418,193,2611,218,12,230,222,9,231,396,44,440,109,9,118,594,33,627,19,1,20,328,22,350,83,8,91,95,7,102,238,16,254,2725,139,2864,118,6,124,119,7,126,763,36,799,968,95,1063,75,3,78,12,1,13,235,30,265,133,7,140,159,11,170,82,5,87,93,13,106,304,25,329,857,80,937,364,31,395,141,24,165,4787,196,4983,91,8,99,8,,8,535,35,570,365,44,409,144,6,150,103,9,112,2457,170,2627,121,9,130,661,48,709,32,4,36,118,10,128,117,7,124,171,12,183,47,3,50,660,75,735,670,51,721,59,2,61,268,17,285,61,3,64,89,4,93,151,8,159,72,4,76,41,2,43,167,22,189,66,6,72,38,2,40,295,20,315,65,7,72,208,10,218,31,1,32,64,5,69,443,21,464,92,10,102,52,2,54,125,14,139,30,3,33,179,9,188,58,6,64,167,14,181,31,2,33,143,7,150,145,14,159,25,4,29,136,12,148,211,18,229,1171,64,1235,667,68,735,51,1,52,57,3,60,224,16,240,77,5,82,100,9,109,126,11,137,41,4,45,208,21,229,43,3,46,146,5,151,12,1,13,60,6,66,47,3,50,1794,119,1913,440,28,468,14,,14,111,7,118,57,10,67,451,38,489,140,12,152,31,3,34,199,9,208,25,3,28,14,,14,196,20,216,57,5,62,91,4,95,79,5,84,180,8,188,306,13,319,306,25,331,51,18,69,68,2,70,613,44,657,69,4,73,52,3,55,118,19,137,172,15,187,419,40,459,618,56,674,276,21,297,34,3,37,189,15,204,178,20,198,6,2,8,16,,16,90,8,98,692,95,787,54,3,57,57,2,59,45,2,47,119,9,128,47773,3446,51219,0,0,0,47773,3446,51219,,,
2020-07,191,9,200,108,5,113,45,6,51,77,4,81,13,3,16,286,24,310,65,6,71,312,36,348,574,80,654,225,12,237,96,3,99,1059,55,1114,56,7,63,85,12,97,46,1,47,41,1,42,487,33,520,215,13,228,123,10,133,23,4,27,173,13,186,102,9,111,550,53,603,320,31,351,63,9,72,1776,72,1848,19,,19,218,23,241,535,56,591,506,41,547,20,4,24,1263,98,1361,42,5,47,2374,185,2559,218,15,233,215,9,224,388,41,429,112,9,121,583,31,614,21,1,22,329,19,348,83,8,91,87,7,94,234,15,249,2668,139,2807,113,4,117,118,6,124,746,34,780,968,94,1062,77,3,80,12,1,13,229,29,258,135,6,141,156,11,167,82,4,86,95,12,107,300,26,326,846,81,927,361,31,392,139,25,164,4731,189,4920,90,7,97,8,,8,527,35,562,356,40,396,142,5,147,102,8,110,2435,164,2599,117,9,126,657,47,704,32,4,36,114,10,124,113,7,120,166,14,180,43,3,46,637,69,706,669,54,723,54,3,57,264,18,282,60,3,63,90,4,94,149,9,158,72,4,76,41,2,43,165,20,185,71,6,77,38,1,39,291,19,310,61,7,68,203,11,214,32,1,33,65,5,70,446,22,468,91,9,100,49,2,51,124,16,140,30,3,33,174,10,184,56,6,62,160,12,172,29,2,31,140,6,146,138,15,153,23,3,26,138,12,150,208,17,225,1149,61,1210,654,68,722,51,,51,59,3,62,212,16,228,74,5,79,101,8,109,118,9,127,44,5,49,202,22,224,38,4,42,144,5,149,12,1,13,58,6,64,44,1,45,1759,118,1877,422,26,448,14,,14,111,7,118,58,10,68,442,37,479,133,11,144,31,3,34,196,8,204,25,2,27,16,,16,181,20,201,55,7,62,95,4,99,80,5,85,180,8,188,316,13,329,298,25,323,49,16,65,68,2,70,602,42,644,70,3,73,52,3,55,112,18,130,165,15,180,420,38,458,605,60,665,271,20,291,34,2,36,187,13,200,180,20,200,6,2,8,15,,15,93,7,100,681,95,776,54,3,57,57,2,59,42,2,44,124,11,135,47063,3389,50452,0,0,0,47063,3389,50452,,,
2020-08,186,11,197,106,5,111,45,6,51,74,3,77,12,2,14,278,22,300,64,8,72,311,34,345,576,79,655,221,12,233,96,3,99,1047,56,1103,56,8,64,85,11,96,44,1,45,41,1,42,475,33,508,212,12,224,120,11,131,23,4,27,172,12,184,100,9,109,543,53,596,317,30,347,60,9,69,1751,69,1820,19,,19,211,21,232,522,55,577,502,39,541,19,4,23,1248,95,1343,41,5,46,2330,182,2512,220,16,236,210,10,220,382,37,419,113,11,124,585,31,616,19,2,21,331,19,350,85,6,91,94,6,100,231,13,244,2656,137,2793,114,4,118,117,7,124,751,33,784,958,90,1048,74,3,77,11,1,12,223,26,249,133,7,140,152,11,163,82,4,86,91,12,103,295,24,319,850,82,932,344,30,374,139,25,164,4652,187,4839,92,7,99,8,,8,529,35,564,357,41,398,139,6,145,100,8,108,2409,160,2569,115,9,124,647,47,694,31,4,35,116,9,125,104,7,111,157,13,170,43,3,46,616,63,679,661,54,715,57,3,60,262,16,278,59,2,61,86,3,89,149,9,158,72,4,76,40,2,42,162,22,184,68,6,74,38,2,40,288,20,308,59,7,66,199,12,211,31,1,32,65,4,69,445,18,463,87,8,95,50,2,52,121,16,137,28,3,31,172,9,181,55,5,60,160,11,171,32,1,33,137,6,143,148,15,163,24,3,27,138,11,149,208,21,229,1129,60,1189,647,69,716,47,,47,59,2,61,214,14,228,68,5,73,102,8,110,109,8,117,43,5,48,205,23,228,39,4,43,145,5,150,12,1,13,57,6,63,42,1,43,1754,117,1871,417,24,441,13,,13,110,7,117,60,9,69,439,35,474,130,9,139,30,3,33,200,8,208,26,2,28,16,,16,183,19,202,56,6,62,93,4,97,78,4,82,177,8,185,318,13,331,293,25,318,48,17,65,72,2,74,584,42,626,68,2,70,48,2,50,108,18,126,158,15,173,414,37,451,593,61,654,269,23,292,32,3,35,188,13,201,185,18,203,7,2,9,15,,15,92,8,100,673,98,771,53,3,56,57,2,59,42,2,44,124,11,135,46524,3330,49854,0,0,0,46524,3330,49854,,,
2020-09,190,8,198,105,6,111,43,5,48,75,3,78,15,2,17,275,22,297,63,8,71,311,34,345,574,77,651,225,14,239,95,3,98,1030,55,1085,51,7,58,82,10,92,46,,46,43,1,44,471,31,502,210,11,221,121,10,131,23,4,27,167,12,179,102,10,112,537,49,586,318,30,348,63,9,72,1722,66,1788,18,,18,209,21,230,517,52,569,495,35,530,19,4,23,1280,100,1380,41,4,45,2292,182,2474,215,14,229,209,10,219,382,38,420,112,9,121,568,31,599,18,2,20,333,20,353,84,6,90,93,6,99,234,12,246,2618,133,2751,117,5,122,112,8,120,737,32,769,949,91,1040,75,3,78,11,2,13,214,25,239,130,8,138,151,11,162,82,4,86,89,12,101,298,24,322,842,86,928,339,32,371,138,23,161,4609,185,4794,88,7,95,8,,8,518,36,554,352,45,397,136,6,142,98,7,105,2401,162,2563,113,9,122,632,45,677,33,4,37,119,9,128,103,7,110,161,13,174,44,3,47,618,60,678,663,56,719,54,2,56,260,17,277,56,1,57,85,3,88,149,9,158,72,5,77,41,2,43,160,22,182,66,6,72,39,3,42,287,20,307,59,8,67,197,12,209,32,1,33,62,4,66,450,19,469,83,7,90,51,2,53,123,13,136,27,3,30,175,10,185,53,6,59,159,10,169,32,1,33,136,6,142,148,13,161,24,3,27,136,13,149,206,22,228,1100,61,1161,643,67,710,48,,48,61,2,63,216,13,229,70,5,75,96,8,104,109,10,119,42,5,47,200,22,222,41,5,46,149,7,156,12,,12,56,6,62,43,1,44,1732,111,1843,411,24,435,12,,12,107,6,113,54,10,64,427,31,458,129,12,141,27,3,30,198,8,206,24,2,26,15,,15,180,19,199,57,6,63,93,4,97,79,3,82,181,7,188,308,13,321,288,24,312,45,18,63,71,2,73,577,42,619,69,2,71,47,2,49,104,18,122,157,15,172,417,36,453,575,57,632,269,20,289,31,2,33,182,14,196,186,16,202,6,2,8,16,,16,85,6,91,668,97,765,50,3,53,58,3,61,38,1,39,125,11,136,46080,3291,49371,0,0,0,46080,3291,49371,,,
2020-10,184,8,192,106,6,112,43,5,48,72,3,75,14,3,17,268,23,291,61,7,68,307,33,340,556,72,628,217,13,230,95,3,98,1006,56,1062,50,6,56,84,9,93,42,,42,42,1,43,465,32,497,213,11,224,118,10,128,23,4,27,163,14,177,97,9,106,532,45,577,312,29,341,61,7,68,1679,62,1741,17,,17,203,19,222,500,49,549,491,35,526,21,4,25,1241,93,1334,37,3,40,2250,168,2418,220,13,233,203,8,211,365,38,403,111,10,121,555,31,586,20,2,22,324,20,344,80,3,83,94,8,102,229,13,242,2558,134,2692,113,6,119,111,8,119,740,29,769,960,90,1050,81,3,84,10,2,12,206,23,229,129,8,137,139,12,151,76,4,80,87,12,99,297,18,315,840,83,923,337,35,372,140,22,162,4531,184,4715,88,7,95,8,,8,513,33,546,342,41,383,137,4,141,98,5,103,2364,150,2514,107,9,116,629,45,674,33,4,37,114,8,122,100,6,106,161,12,173,43,2,45,596,52,648,664,61,725,55,1,56,254,19,273,54,1,55,87,3,90,152,8,160,70,4,74,40,2,42,159,22,181,68,6,74,38,3,41,281,21,302,57,8,65,193,12,205,32,,32,62,4,66,452,16,468,78,7,85,49,2,51,116,13,129,27,4,31,169,8,177,49,5,54,149,9,158,29,1,30,136,6,142,151,13,164,23,3,26,133,12,145,196,24,220,1074,55,1129,627,66,693,44,1,45,58,1,59,213,15,228,69,6,75,94,7,101,109,11,120,42,5,47,198,22,220,42,3,45,146,7,153,14,,14,54,5,59,44,1,45,1687,113,1800,388,25,413,12,,12,108,7,115,54,9,63,408,30,438,122,12,134,26,3,29,201,8,209,26,2,28,16,,16,181,17,198,54,6,60,90,4,94,80,3,83,183,6,189,313,13,326,285,25,310,46,18,64,69,2,71,564,38,602,69,2,71,46,2,48,96,18,114,146,14,160,398,38,436,589,56,645,257,18,275,30,4,34,172,14,186,188,17,205,6,2,8,17,,17,86,7,93,650,100,750,54,3,57,57,2,59,36,1,37,127,11,138,45247,3192,48439,0,0,0,45247,3192,48439,,,
2020-11,185,8,193,106,6,112,42,5,47,72,3,75,13,2,15,272,23,295,58,7,65,299,33,332,573,73,646,216,14,230,95,3,98,997,57,1054,49,5,54,81,9,90,45,,45,42,1,43,467,34,501,212,10,222,121,11,132,24,4,28,158,14,172,98,8,106,525,43,568,308,32,340,61,7,68,1680,61,1741,16,,16,200,17,217,490,45,535,488,37,525,21,4,25,1238,90,1328,37,3,40,2225,167,2392,223,12,235,206,8,214,356,37,393,109,9,118,554,31,585,20,2,22,315,22,337,76,3,79,92,8,100,227,13,240,2535,133,2668,107,4,111,111,7,118,735,30,765,952,92,1044,80,3,83,10,2,12,205,24,229,125,7,132,140,13,153,75,4,79,87,12,99,297,15,312,820,84,904,337,34,371,139,22,161,4486,174,4660,92,7,99,8,,8,503,34,537,335,40,375,137,5,142,94,4,98,2356,154,2510,106,9,115,620,47,667,33,4,37,116,9,125,99,7,106,165,13,178,44,2,46,593,49,642,668,58,726,55,1,56,253,19,272,55,1,56,86,3,89,149,9,158,69,4,73,42,2,44,158,26,184,68,6,74,39,2,41,279,21,300,56,9,65,193,12,205,32,1,33,58,4,62,452,17,469,78,9,87,49,2,51,116,12,128,30,3,33,170,9,179,50,5,55,148,10,158,31,1,32,135,6,141,143,12,155,22,3,25,132,13,145,185,25,210,1063,53,1116,625,61,686,44,,44,59,2,61,223,14,237,71,6,77,96,7,103,112,11,123,42,5,47,197,21,218,41,5,46,144,7,151,15,,15,50,5,55,42,1,43,1693,108,1801,385,24,409,11,,11,106,7,113,51,9,60,400,30,430,119,9,128,26,3,29,199,8,207,24,2,26,16,,16,179,17,196,52,6,58,89,4,93,80,3,83,176,5,181,314,13,327,287,23,310,46,16,62,69,2,71,562,37,599,70,2,72,45,2,47,99,19,118,143,14,157,400,38,438,596,55,651,255,20,275,29,3,32,168,13,181,191,17,208,5,2,7,17,,17,86,6,92,652,104,756,52,3,55,56,2,58,37,1,38,128,11,139,44972,3166,48138,0,0,0,44972,3166,48138,,,
2020-12,179,8,187,105,6,111,39,4,43,72,3,75,13,3,16,283,23,306,55,7,62,292,35,327,575,69,644,214,13,227,97,3,100,988,53,1041,51,4,55,81,9,90,44,,44,42,1,43,463,34,497,215,9,224,117,10,127,22,4,26,159,15,174,97,8,105,518,43,561,309,33,342,56,7,63,1659,60,1719,17,,17,196,15,211,497,45,542,478,35,513,20,4,24,1216,91,1307,37,3,40,2203,165,2368,229,14,243,206,8,214,350,37,387,106,9,115,550,30,580,19,2,21,321,21,342,78,2,80,91,7,98,227,10,237,2529,133,2662,104,5,109,107,7,114,733,29,762,941,91,1032,78,3,81,11,2,13,203,22,225,128,9,137,140,13,153,78,4,82,87,12,99,294,14,308,825,81,906,335,33,368,135,23,158,4448,169,4617,94,9,103,8,,8,505,34,539,324,36,360,136,5,141,89,4,93,2327,146,2473,108,11,119,620,48,668,33,4,37,114,9,123,94,7,101,160,12,172,40,2,42,579,50,629,675,59,734,52,,52,249,18,267,52,1,53,84,3,87,146,8,154,67,5,72,40,2,42,160,25,185,69,6,75,41,3,44,271,21,292,58,9,67,191,12,203,32,,32,56,3,59,450,15,465,81,7,88,49,2,51,116,13,129,28,3,31,166,9,175,48,5,53,142,11,153,25,1,26,131,7,138,140,13,153,24,4,28,131,10,141,186,25,211,1054,53,1107,612,59,671,46,,46,63,2,65,218,13,231,70,7,77,94,6,100,110,12,122,40,5,45,195,21,216,42,3,45,143,9,152,14,,14,47,6,53,44,1,45,1668,105,1773,379,24,403,11,,11,104,6,110,55,9,64,393,29,422,119,8,127,26,3,29,198,8,206,26,2,28,15,,15,178,18,196,51,5,56,89,3,92,80,3,83,173,6,179,307,13,320,282,23,305,49,17,66,68,2,70,558,38,596,72,2,74,46,2,48,94,16,110,146,13,159,401,40,441,597,55,652,252,18,270,31,4,35,167,12,179,190,17,207,5,2,7,18,,18,81,7,88,649,99,748,50,3,53,58,2,60,36,1,37,130,11,141,44597,3112,47709,0,0,0,44597,3112,47709,,,
2021-01,178,8,186,109,5,114,39,4,43,68,3,71,13,2,15,276,22,298,56,5,61,296,35,331,562,65,627,211,14,225,97,3,100,968,52,1020,54,5,59,77,13,90,42,,42,42,1,43,464,31,495,218,8,226,118,10,128,24,4,28,158,13,171,99,8,107,510,41,551,302,32,334,55,7,62,1638,58,1696,15,,15,194,18,212,499,44,543,472,36,508,20,4,24,1231,92,1323,36,3,39,2151,162,2313,225,14,239,203,8,211,342,37,379,101,8,109,544,27,571,20,2,22,320,22,342,77,3,80,87,6,93,223,8,231,2483,128,2611,101,4,105,111,7,118,728,25,753,924,87,1011,79,2,81,11,2,13,198,21,219,126,9,135,140,13,153,77,4,81,85,11,96,295,14,309,812,82,894,332,31,363,135,23,158,4386,166,4552,92,9,101,8,,8,505,35,540,322,34,356,134,6,140,91,4,95,2282,139,2421,107,10,117,613,48,661,34,4,38,113,9,122,94,7,101,162,14,176,38,2,40,559,47,606,654,58,712,55,,55,246,18,264,51,1,52,86,3,89,141,6,147,66,5,71,38,2,40,159,26,185,71,6,77,41,3,44,270,20,290,58,10,68,188,14,202,30,,30,53,3,56,441,16,457,78,7,85,50,2,52,119,12,131,25,3,28,166,9,175,48,5,53,142,11,153,27,1,28,133,7,140,141,13,154,24,3,27,128,12,140,182,25,207,1044,46,1090,601,58,659,44,,44,64,2,66,212,13,225,69,5,74,89,6,95,109,13,122,39,5,44,191,21,212,39,4,43,140,9,149,14,,14,47,6,53,42,1,43,1647,97,1744,375,23,398,11,,11,104,5,109,53,8,61,388,28,416,119,7,126,24,3,27,194,8,202,23,2,25,17,,17,171,17,188,52,5,57,89,4,93,77,3,80,171,6,177,300,13,313,275,23,298,48,16,64,69,1,70,542,36,578,72,2,74,44,2,46,94,15,109,152,13,165,403,38,441,591,50,641,244,18,262,29,4,33,165,12,177,181,15,196,5,2,7,17,,17,78,6,84,650,95,745,50,3,53,58,2,60,35,1,36,126,11,137,44009,3024,47033,0,0,0,44009,3024,47033,,,
2021-02,173,9,182,107,6,113,40,3,43,68,4,72,12,3,15,273,22,295,56,5,61,292,34,326,579,60,639,211,11,222,96,4,100,964,51,1015,53,5,58,78,11,89,41,,41,40,1,41,442,28,470,214,7,221,113,9,122,24,3,27,158,13,171,97,9,106,497,38,535,298,31,329,52,6,58,1599,58,1657,13,,13,186,18,204,485,44,529,469,31,500,21,4,25,1206,88,1294,36,3,39,2128,156,2284,229,15,244,200,11,211,343,36,379,104,9,113,537,27,564,20,1,21,324,19,343,79,2,81,85,6,91,218,8,226,2459,126,2585,105,6,111,107,5,112,714,24,738,913,82,995,77,2,79,11,3,14,192,22,214,125,8,133,141,14,155,76,4,80,84,11,95,285,15,300,812,81,893,329,33,362,136,22,158,4355,167,4522,90,9,99,8,,8,490,34,524,318,35,353,140,4,144,89,5,94,2261,141,2402,102,10,112,601,48,649,38,4,42,109,9,118,93,7,100,158,13,171,37,1,38,543,49,592,656,53,709,53,,53,246,17,263,48,1,49,84,3,87,142,8,150,64,5,69,37,1,38,155,25,180,76,8,84,40,3,43,271,18,289,56,8,64,185,12,197,30,,30,59,3,62,448,16,464,74,7,81,48,2,50,115,11,126,26,3,29,166,10,176,49,5,54,146,10,156,32,1,33,124,8,132,143,14,157,24,3,27,127,12,139,179,19,198,1043,45,1088,586,54,640,42,1,43,61,1,62,214,11,225,66,5,71,90,7,97,110,13,123,41,5,46,192,19,211,37,4,41,137,7,144,13,,13,47,7,54,41,1,42,1626,94,1720,368,24,392,10,,10,104,5,109,51,8,59,400,31,431,120,7,127,23,3,26,189,7,196,23,2,25,17,,17,179,18,197,50,5,55,86,4,90,75,3,78,185,6,191,293,12,305,268,21,289,45,15,60,70,2,72,537,36,573,69,3,72,42,2,44,89,15,104,147,14,161,397,39,436,597,48,645,238,19,257,29,4,33,170,12,182,178,18,196,7,2,9,16,1,17,75,5,80,645,93,738,50,3,53,59,2,61,36,1,37,128,11,139,43572,2964,46536,0,0,0,43572,2964,46536,,,
2021-03,183,10,193,110,6,116,40,3,43,68,4,72,13,2,15,268,23,291,54,6,60,298,31,329,593,62,655,205,10,215,95,2,97,950,49,999,57,5,62,77,14,91,44,,44,40,1,41,433,28,461,207,7,214,114,10,124,25,3,28,158,13,171,97,9,106,503,37,540,304,32,336,51,7,58,1574,59,1633,14,,14,182,20,202,479,43,522,461,29,490,21,4,25,1183,84,1267,36,3,39,2107,150,2257,228,16,244,199,11,210,332,36,368,110,9,119,544,27,571,24,1,25,321,19,340,79,2,81,85,6,91,219,11,230,2435,123,2558,100,6,106,109,5,114,710,24,734,893,80,973,76,2,78,12,2,14,192,22,214,127,7,134,144,14,158,77,4,81,84,11,95,283,15,298,813,83,896,329,32,361,135,19,154,4345,169,4514,90,10,100,7,,7,496,30,526,323,34,357,134,4,138,90,3,93,2245,140,2385,103,11,114,597,48,645,35,3,38,109,9,118,91,8,99,161,12,173,37,1,38,548,48,596,667,55,722,54,,54,244,21,265,50,1,51,81,3,84,143,6,149,65,5,70,37,1,38,160,24,184,71,8,79,39,6,45,271,19,290,58,8,66,179,12,191,31,1,32,57,3,60,432,17,449,77,7,84,47,2,49,120,11,131,24,3,27,162,11,173,52,5,57,144,10,154,31,1,32,124,8,132,145,15,160,24,3,27,123,13,136,181,22,203,1018,46,1064,592,49,641,43,,43,60,1,61,214,11,225,66,4,70,86,7,93,112,11,123,44,5,49,184,17,201,35,4,39,142,9,151,13,,13,45,7,52,42,1,43,1595,94,1689,364,25,389,12,,12,100,4,104,53,8,61,406,29,435,122,7,129,23,3,26,190,7,197,23,2,25,17,,17,174,19,193,47,6,53,92,5,97,74,3,77,184,6,190,295,12,307,275,20,295,42,14,56,65,1,66,528,33,561,69,3,72,42,2,44,95,15,110,145,15,160,394,40,434,604,52,656,235,17,252,27,3,30,167,11,178,178,17,195,6,2,8,18,1,19,79,4,83,657,90,747,50,3,53,57,2,59,38,1,39,123,14,137,43369,2946,46315,0,0,0,43369,2946,46315,,,
2021-04,189,10,199,107,5,112,38,3,41,65,5,70,15,3,18,281,22,303,56,5,61,304,32,336,572,65,637,209,10,219,93,2,95,950,47,997,56,5,61,77,13,90,42,,42,38,1,39,432,31,463,201,7,208,115,12,127,25,3,28,157,14,171,97,9,106,499,36,535,312,29,341,54,7,61,1568,61,1629,14,,14,178,23,201,492,39,531,453,25,478,22,4,26,1169,81,1250,38,3,41,2108,146,2254,239,17,256,192,11,203,335,38,373,103,7,110,540,28,568,23,1,24,319,19,338,81,2,83,93,5,98,215,8,223,2398,121,2519,103,8,111,108,5,113,710,24,734,902,77,979,76,1,77,11,1,12,192,21,213,130,7,137,145,14,159,76,4,80,90,11,101,291,13,304,801,82,883,327,32,359,138,22,160,4313,165,4478,89,10,99,7,,7,492,31,523,322,34,356,138,4,142,86,4,90,2237,137,2374,107,11,118,600,47,647,35,3,38,108,9,117,95,8,103,157,11,168,38,2,40,554,44,598,675,58,733,54,,54,243,20,263,49,1,50,77,3,80,139,9,148,66,5,71,38,1,39,171,25,196,72,8,80,41,6,47,262,19,281,57,8,65,178,12,190,31,1,32,57,4,61,431,19,450,74,5,79,45,2,47,119,13,132,24,2,26,167,11,178,51,4,55,140,10,150,28,1,29,119,8,127,142,15,157,23,3,26,121,13,134,182,23,205,1015,45,1060,594,51,645,43,,43,63,1,64,210,13,223,68,4,72,88,7,95,107,11,118,44,4,48,185,20,205,37,5,42,143,9,152,13,,13,54,12,66,42,2,44,1582,92,1674,368,25,393,15,,15,96,4,100,54,8,62,397,32,429,121,6,127,20,3,23,189,7,196,20,1,21,17,,17,174,20,194,47,6,53,91,4,95,74,3,77,180,5,185,294,11,305,268,20,288,44,13,57,65,1,66,541,33,574,61,3,64,41,2,43,89,16,105,141,15,156,393,39,432,614,56,670,234,15,249,28,4,32,165,10,175,180,19,199,6,2,8,19,1,20,75,5,80,665,91,756,49,3,52,56,2,58,40,1,41,123,13,136,43260,2941,46201,0,0,0,43260,2941,46201,,,
2021-05,187,11,198,108,4,112,40,3,43,65,6,71,13,2,15,279,23,302,67,5,72,308,31,339,597,61,658,211,9,220,91,3,94,952,47,999,57,5,62,80,13,93,41,,41,40,1,41,425,29,454,201,6,207,112,11,123,25,3,28,160,13,173,101,8,109,519,36,555,317,27,344,53,7,60,1544,59,1603,14,,14,173,22,195,498,39,537,459,28,487,20,4,24,1178,83,1261,37,3,40,2119,143,2262,244,17,261,196,12,208,336,35,371,102,8,110,534,27,561,20,1,21,328,19,347,85,3,88,91,5,96,210,8,218,2381,116,2497,106,9,115,111,6,117,705,23,728,899,76,975,76,1,77,12,1,13,190,20,210,125,7,132,145,14,159,77,4,81,86,11,97,284,11,295,805,79,884,341,31,372,139,23,162,4313,165,4478,92,10,102,7,,7,490,28,518,332,33,365,135,6,141,87,4,91,2259,135,2394,109,11,120,583,43,626,36,3,39,116,10,126,90,8,98,158,10,168,36,2,38,560,46,606,667,61,728,56,,56,245,22,267,52,2,54,80,4,84,142,8,150,63,5,68,37,1,38,171,27,198,72,8,80,42,6,48,264,20,284,57,8,65,177,11,188,30,3,33,58,4,62,425,19,444,72,5,77,43,2,45,121,12,133,23,1,24,167,11,178,50,5,55,141,12,153,31,,31,125,9,134,145,14,159,24,3,27,118,13,131,178,25,203,1004,46,1050,594,51,645,42,,42,63,1,64,211,14,225,71,4,75,86,7,93,106,11,117,45,5,50,184,18,202,36,4,40,143,10,153,10,,10,55,10,65,43,2,45,1594,94,1688,364,26,390,15,,15,96,4,100,55,7,62,400,28,428,124,5,129,20,3,23,187,7,194,22,1,23,16,,16,168,20,188,46,6,52,94,5,99,74,2,76,186,6,192,294,12,306,272,19,291,45,14,59,64,1,65,532,34,566,59,3,62,41,3,44,86,16,102,155,13,168,414,40,454,612,59,671,235,15,250,28,4,32,167,10,177,180,20,200,6,2,8,20,2,22,72,5,77,670,86,756,51,3,54,61,2,63,41,1,42,123,14,137,43380,2922,46302,0,0,0,43380,2922,46302,,,
2021-06,187,12,199,108,4,112,37,2,39,63,7,70,13,2,15,277,22,299,60,5,65,304,32,336,595,58,653,215,10,225,90,3,93,974,48,1022,61,6,67,85,14,99,39,,39,41,2,43,423,30,453,205,6,211,123,13,136,23,3,26,167,12,179,103,8,111,531,37,568,323,27,350,52,6,58,1555,59,1614,14,,14,169,20,189,490,39,529,451,28,479,20,4,24,1165,79,1244,39,2,41,2116,135,2251,257,18,275,201,12,213,345,35,380,101,8,109,546,27,573,22,1,23,327,19,346,84,2,86,93,7,100,223,8,231,2359,116,2475,101,8,109,121,6,127,715,24,739,905,80,985,79,1,80,12,1,13,200,23,223,125,8,133,141,14,155,75,4,79,90,11,101,275,12,287,823,83,906,344,31,375,143,22,165,4303,162,4465,94,7,101,8,,8,499,26,525,344,33,377,139,7,146,89,4,93,2252,136,2388,112,9,121,594,46,640,37,3,40,114,9,123,90,8,98,158,11,169,39,2,41,562,45,607,677,59,736,56,1,57,248,24,272,51,2,53,76,4,80,142,11,153,61,5,66,37,1,38,169,27,196,76,8,84,48,6,54,273,21,294,61,7,68,179,11,190,31,4,35,59,4,63,421,20,441,70,4,74,43,2,45,125,14,139,24,1,25,165,9,174,52,6,58,143,13,156,31,,31,125,9,134,149,15,164,26,3,29,122,13,135,192,25,217,998,48,1046,607,54,661,46,,46,65,1,66,214,14,228,67,4,71,87,8,95,109,11,120,48,4,52,185,16,201,32,7,39,146,11,157,10,,10,56,11,67,45,2,47,1583,95,1678,375,28,403,17,,17,94,4,98,54,7,61,402,30,432,123,5,128,21,3,24,191,7,198,20,1,21,20,,20,166,19,185,47,5,52,94,6,100,76,2,78,178,6,184,299,12,311,272,22,294,46,14,60,64,1,65,535,31,566,58,3,61,41,4,45,86,15,101,152,13,165,418,43,461,622,61,683,231,14,245,26,4,30,170,10,180,181,20,201,4,2,6,19,2,21,76,4,80,696,91,787,55,3,58,60,1,61,40,1,41,121,14,135,43639,2947,46586,0,0,0,43639,2947,46586,,,
2021-07,176,11,187,110,3,113,41,2,43,65,7,72,13,2,15,269,23,292,56,7,63,302,33,335,605,56,661,216,8,224,89,3,92,960,47,1007,59,6,65,94,13,107,39,,39,40,2,42,431,29,460,201,7,208,117,12,129,23,3,26,167,12,179,101,8,109,542,34,576,328,26,354,52,6,58,1554,58,1612,14,,14,170,21,191,490,39,529,455,27,482,20,4,24,1153,77,1230,39,3,42,2080,136,2216,252,17,269,198,14,212,349,35,384,99,6,105,559,27,586,23,1,24,327,21,348,78,2,80,93,6,99,226,9,235,2340,115,2455,105,11,116,115,6,121,715,25,740,915,76,991,79,1,80,12,1,13,207,24,231,128,8,136,144,14,158,75,4,79,91,12,103,280,10,290,829,86,915,347,34,381,142,22,164,4278,169,4447,95,7,102,8,,8,495,26,521,343,40,383,140,7,147,95,5,100,2258,141,2399,108,9,117,613,45,658,38,2,40,110,10,120,85,8,93,161,11,172,35,2,37,557,48,605,693,61,754,56,1,57,249,24,273,53,2,55,75,4,79,141,10,151,63,5,68,36,1,37,170,28,198,76,8,84,48,6,54,267,20,287,60,8,68,178,12,190,33,4,37,60,4,64,414,22,436,70,6,76,43,2,45,129,14,143,24,1,25,161,9,170,54,5,59,140,12,152,29,,29,125,9,134,149,13,162,26,3,29,127,13,140,189,26,215,1001,53,1054,627,55,682,44,1,45,66,,66,215,15,230,70,4,74,90,10,100,106,8,114,47,4,51,184,18,202,30,4,34,148,10,158,10,,10,58,13,71,45,2,47,1595,90,1685,382,30,412,16,,16,99,5,104,55,7,62,415,33,448,121,4,125,21,3,24,191,8,199,21,1,22,21,,21,164,19,183,45,5,50,94,6,100,75,2,77,176,6,182,302,11,313,275,24,299,48,13,61,63,1,64,531,34,565,58,3,61,39,4,43,86,16,102,149,12,161,420,42,462,620,64,684,232,14,246,26,4,30,171,12,183,186,19,205,4,2,6,16,2,18,77,5,82,692,89,781,54,2,56,61,1,62,41,1,42,119,14,133,43658,2980,46638,0,0,0,43658,2980,46638,,,
2021-08,175,12,187,109,2,111,39,1,40,62,7,69,11,3,14,263,23,286,57,7,64,302,29,331,604,55,659,216,10,226,88,3,91,967,51,1018,62,5,67,97,13,110,39,,39,44,2,46,428,30,458,200,7,207,119,10,129,24,3,27,167,11,178,101,9,110,535,36,571,328,25,353,52,7,59,1561,56,1617,13,,13,181,19,200,501,40,541,447,28,475,19,4,23,1152,80,1232,38,3,41,2051,134,2185,270,17,287,202,14,216,343,32,375,102,7,109,548,26,574,24,1,25,342,21,363,80,3,83,99,7,106,222,8,230,2329,112,2441,104,11,115,113,6,119,709,26,735,895,80,975,79,1,80,12,1,13,211,21,232,126,6,132,146,13,159,74,4,78,90,12,102,296,12,308,838,87,925,348,34,382,142,20,162,4242,164,4406,99,7,106,8,,8,491,24,515,346,39,385,145,7,152,94,5,99,2251,146,2397,107,9,116,620,45,665,38,2,40,111,12,123,87,7,94,158,14,172,35,2,37,576,55,631,704,61,765,59,1,60,253,25,278,55,2,57,72,4,76,138,10,148,63,4,67,36,1,37,166,27,193,85,8,93,49,6,55,255,20,275,58,7,65,182,13,195,35,4,39,63,4,67,428,23,451,70,6,76,42,2,44,134,14,148,24,1,25,158,11,169,54,5,59,145,13,158,30,,30,131,9,140,148,13,161,24,2,26,133,13,146,189,22,211,1002,51,1053,618,57,675,44,,44,64,,64,218,16,234,67,4,71,91,11,102,106,9,115,46,4,50,186,19,205,30,6,36,150,10,160,11,,11,55,12,67,46,3,49,1577,89,1666,383,28,411,16,,16,95,5,100,57,10,67,429,32,461,122,4,126,19,3,22,194,7,201,21,1,22,21,,21,161,18,179,46,5,51,96,6,102,74,2,76,184,8,192,301,11,312,280,23,303,50,12,62,62,1,63,523,33,556,54,3,57,37,4,41,88,17,105,156,9,165,412,40,452,605,64,669,230,14,244,24,4,28,169,11,180,196,20,216,4,2,6,17,2,19,77,5,82,707,90,797,52,2,54,60,2,62,41,2,43,123,15,138,43684,2982,46666,0,0,0,43684,2982,46666,,,
2021-09,175,13,188,109,2,111,40,1,41,67,6,73,13,3,16,279,24,303,58,8,66,305,32,337,604,57,661,217,12,229,87,4,91,968,47,1015,61,5,66,94,12,106,39,,39,42,2,44,433,31,464,203,7,210,119,12,131,26,3,29,168,11,179,100,7,107,538,35,573,337,25,362,55,7,62,1564,57,1621,13,,13,175,17,192,493,40,533,454,30,484,17,4,21,1143,75,1218,40,3,43,2077,133,2210,273,18,291,202,14,216,349,29,378,101,7,108,533,28,561,22,1,23,338,21,359,79,3,82,101,8,109,225,8,233,2335,110,2445,110,14,124,111,6,117,708,28,736,883,80,963,82,1,83,11,2,13,210,21,231,129,5,134,146,12,158,75,4,79,92,12,104,296,12,308,849,88,937,342,33,375,145,20,165,4214,161,4375,99,8,107,8,,8,483,26,509,346,39,385,144,7,151,92,5,97,2274,146,2420,101,9,110,626,43,669,39,2,41,110,12,122,86,7,93,156,13,169,38,1,39,581,56,637,704,59,763,60,1,61,253,24,277,58,2,60,72,4,76,136,11,147,59,4,63,36,1,37,163,27,190,83,10,93,49,6,55,261,19,280,65,7,72,185,15,200,32,4,36,64,4,68,429,21,450,73,5,78,41,2,43,134,14,148,26,1,27,154,11,165,54,6,60,152,12,164,30,,30,135,9,144,144,14,158,26,2,28,141,14,155,190,21,211,987,49,1036,618,56,674,44,1,45,60,,60,218,16,234,63,4,67,91,12,103,100,7,107,46,4,50,188,20,208,29,5,34,150,9,159,12,,12,55,12,67,43,2,45,1571,88,1659,389,27,416,16,,16,99,5,104,51,10,61,421,32,453,128,5,133,20,3,23,191,7,198,21,1,22,20,,20,157,19,176,45,5,50,94,6,100,73,2,75,187,8,195,304,10,314,273,22,295,48,12,60,66,,66,535,37,572,55,3,58,37,4,41,86,18,104,151,9,160,410,43,453,592,62,654,230,17,247,26,3,29,176,14,190,197,20,217,6,2,8,15,2,17,74,5,79,711,94,805,51,2,53,61,2,63,41,2,43,117,14,131,43715,2987,46702,0,0,0,43715,2987,46702,,,
2021-10,173,13,186,112,3,115,42,1,43,68,6,74,13,3,16,279,23,302,57,8,65,308,35,343,603,60,663,227,13,240,92,5,97,960,48,1008,65,5,70,92,11,103,41,,41,40,2,42,436,32,468,207,6,213,120,12,132,25,3,28,171,12,183,99,7,106,530,33,563,338,25,363,56,7,63,1550,56,1606,13,,13,177,18,195,491,39,530,450,33,483,17,4,21,1129,77,1206,39,3,42,2071,137,2208,277,20,297,197,16,213,346,32,378,105,8,113,527,28,555,22,1,23,337,21,358,83,5,88,99,7,106,231,8,239,2323,109,2432,108,15,123,114,5,119,715,30,745,881,80,961,82,1,83,12,1,13,214,23,237,125,5,130,150,11,161,74,4,78,90,11,101,309,16,325,850,89,939,342,33,375,143,21,164,4204,164,4368,100,8,108,8,,8,472,26,498,351,36,387,144,8,152,94,4,98,2273,147,2420,108,14,122,630,44,674,38,2,40,108,11,119,88,6,94,155,13,168,38,1,39,575,54,629,707,59,766,60,1,61,259,23,282,55,2,57,78,4,82,134,9,143,64,4,68,37,1,38,165,26,191,79,12,91,48,6,54,260,19,279,67,7,74,189,15,204,32,4,36,63,4,67,436,19,455,73,6,79,39,2,41,137,13,150,27,1,28,164,12,176,55,6,61,152,11,163,25,,25,134,9,143,145,14,159,25,1,26,140,14,154,203,22,225,981,54,1035,643,58,701,46,,46,58,,58,225,15,240,59,4,63,92,12,104,97,7,104,48,3,51,192,21,213,28,5,33,151,10,161,11,,11,54,11,65,46,1,47,1555,86,1641,392,26,418,18,,18,100,5,105,52,9,61,419,33,452,123,5,128,20,3,23,188,7,195,21,1,22,21,,21,149,19,168,45,5,50,92,7,99,73,2,75,191,8,199,311,10,321,281,27,308,48,12,60,68,,68,531,35,566,54,3,57,36,4,40,87,19,106,154,9,163,399,43,442,601,61,662,229,18,247,26,3,29,173,15,188,193,20,213,6,2,8,16,2,18,72,4,76,722,97,819,48,2,50,62,2,64,42,2,44,121,14,135,43755,3025,46780,0,0,0,43755,3025,46780,,,
2021-11,174,13,187,110,2,112,39,1,40,69,6,75,14,3,17,283,24,307,62,8,70,321,32,353,597,59,656,235,15,250,100,5,105,948,49,997,59,5,64,90,10,100,40,1,41,43,2,45,435,32,467,205,6,211,123,14,137,26,3,29,170,12,182,101,7,108,541,28,569,342,25,367,54,7,61,1560,55,1615,14,,14,178,16,194,484,37,521,450,30,480,15,4,19,1116,77,1193,40,3,43,2065,141,2206,277,20,297,216,17,233,338,31,369,105,9,114,539,30,569,21,1,22,329,22,351,81,5,86,96,7,103,226,9,235,2330,105,2435,105,16,121,123,6,129,716,33,749,895,76,971,82,1,83,11,,11,216,23,239,128,7,135,153,11,164,73,4,77,94,12,106,311,16,327,861,90,951,351,34,385,142,24,166,4199,164,4363,100,7,107,8,,8,470,23,493,353,34,387,156,9,165,95,4,99,2263,148,2411,108,14,122,628,49,677,40,2,42,115,11,126,86,6,92,159,14,173,37,1,38,588,52,640,702,63,765,56,1,57,255,23,278,52,3,55,78,5,83,133,11,144,60,4,64,38,1,39,167,26,193,73,12,85,48,6,54,261,18,279,67,7,74,180,14,194,32,4,36,64,4,68,429,20,449,72,6,78,41,2,43,136,12,148,24,1,25,161,10,171,57,6,63,151,13,164,27,,27,137,10,147,151,17,168,24,1,25,146,14,160,206,25,231,981,51,1032,643,57,700,44,,44,61,,61,223,16,239,59,4,63,99,12,111,101,6,107,46,4,50,194,21,215,27,6,33,153,11,164,11,,11,60,12,72,44,1,45,1541,83,1624,404,28,432,20,,20,99,6,105,63,10,73,419,31,450,119,4,123,18,3,21,188,7,195,21,1,22,18,,18,160,22,182,47,3,50,92,7,99,71,2,73,195,7,202,309,8,317,277,26,303,49,11,60,69,,69,526,35,561,55,4,59,32,4,36,87,18,105,158,6,164,407,44,451,600,64,664,223,17,240,26,4,30,173,14,187,195,22,217,5,2,7,17,2,19,72,4,76,726,93,819,49,2,51,63,2,65,42,2,44,124,15,139,43860,3032,46892,0,0,0,43860,3032,46892,,,
2021-12,172,14,186,110,3,113,39,1,40,72,7,79,15,4,19,273,23,296,60,9,69,315,33,348,595,60,655,234,17,251,102,5,107,937,47,984,60,4,64,91,10,101,42,1,43,42,2,44,431,33,464,199,6,205,118,13,131,27,3,30,173,13,186,101,7,108,560,32,592,345,24,369,54,6,60,1540,53,1593,12,,12,173,17,190,476,36,512,459,29,488,15,4,19,1129,75,1204,39,3,42,2102,137,2239,287,21,308,223,17,240,336,32,368,104,10,114,523,28,551,23,1,24,341,25,366,80,7,87,98,7,105,228,12,240,2325,109,2434,102,14,116,125,5,130,719,36,755,882,72,954,83,2,85,11,,11,217,27,244,127,6,133,155,11,166,73,4,77,99,13,112,320,18,338,865,93,958,355,34,389,144,20,164,4221,159,4380,98,8,106,8,,8,477,22,499,346,35,381,149,7,156,98,4,102,2261,149,2410,103,14,117,624,49,673,42,2,44,117,12,129,85,6,91,156,14,170,41,2,43,575,48,623,713,58,771,56,2,58,253,23,276,53,2,55,77,4,81,136,10,146,59,4,63,38,1,39,167,26,193,76,11,87,48,6,54,255,20,275,68,6,74,186,15,201,32,4,36,69,4,73,426,20,446,71,6,77,41,3,44,144,13,157,27,1,28,160,10,170,54,5,59,152,12,164,28,,28,141,9,150,153,16,169,24,1,25,149,15,164,222,26,248,984,53,1037,656,55,711,45,,45,63,1,64,222,16,238,57,3,60,98,13,111,108,7,115,48,4,52,182,19,201,29,6,35,156,11,167,11,,11,63,12,75,43,1,44,1566,87,1653,409,26,435,19,,19,101,5,106,61,9,70,420,35,455,116,5,121,18,3,21,191,7,198,21,1,22,14,,14,158,21,179,44,3,47,92,7,99,72,2,74,196,7,203,303,9,312,276,24,300,49,11,60,65,,65,536,35,571,54,4,58,32,4,36,85,18,103,161,6,167,404,39,443,616,66,682,214,16,230,26,4,30,172,15,187,194,23,217,6,2,8,14,2,16,75,4,79,727,93,820,52,2,54,63,2,65,42,2,44,123,13,136,43988,3032,47020,0,0,0,43988,3032,47020,,,
2022-01,181,12,193,111,2,113,39,1,40,71,6,77,14,2,16,272,23,295,58,10,68,327,33,360,587,62,649,241,17,258,99,5,104,934,44,978,56,4,60,92,9,101,42,1,43,45,3,48,431,32,463,199,6,205,113,13,126,25,3,28,168,12,180,96,6,102,559,36,595,337,23,360,52,7,59,1527,53,1580,14,,14,166,17,183,483,38,521,458,29,487,12,4,16,1116,74,1190,39,2,41,2054,135,2189,294,23,317,225,16,241,335,32,367,101,9,110,529,32,561,22,,22,337,24,361,81,7,88,97,7,104,226,13,239,2324,110,2434,103,15,118,123,5,128,713,36,749,885,76,961,81,2,83,12,,12,218,24,242,127,5,132,156,11,167,70,3,73,97,13,110,311,15,326,857,91,948,351,35,386,137,20,157,4180,160,4340,103,7,110,8,,8,461,22,483,342,35,377,149,8,157,97,7,104,2235,146,2381,102,13,115,616,51,667,42,2,44,117,13,130,85,6,91,161,16,177,40,2,42,576,43,619,697,59,756,57,2,59,241,23,264,55,2,57,76,4,80,133,11,144,57,4,61,37,1,38,166,21,187,77,12,89,46,4,50,251,23,274,68,5,73,183,16,199,33,4,37,64,4,68,426,19,445,73,6,79,41,4,45,142,14,156,25,1,26,162,11,173,56,4,60,145,12,157,29,,29,143,9,152,153,15,168,23,1,24,142,13,155,214,26,240,972,52,1024,654,51,705,44,,44,63,1,64,222,13,235,59,3,62,98,12,110,104,5,109,47,4,51,184,19,203,30,6,36,157,12,169,10,,10,59,11,70,45,1,46,1536,84,1620,407,28,435,17,,17,97,5,102,60,9,69,416,35,451,111,4,115,16,3,19,189,7,196,21,1,22,16,,16,152,18,170,43,3,46,96,7,103,71,2,73,193,7,200,306,11,317,278,24,302,48,11,59,63,,63,547,36,583,52,4,56,33,4,37,86,18,104,161,6,167,404,39,443,604,63,667,219,19,238,26,4,30,169,17,186,187,22,209,5,2,7,17,2,19,77,4,81,745,94,839,53,5,58,62,2,64,44,2,46,121,13,134,43655,3014,46669,0,0,0,43655,3014,46669,,,
2022-02,184,12,196,111,1,112,38,2,40,69,5,74,16,2,18,282,22,304,54,11,65,337,34,371,588,66,654,243,16,259,95,6,101,943,46,989,60,4,64,85,8,93,42,1,43,44,3,47,428,31,459,191,6,197,123,12,135,24,3,27,168,10,178,93,6,99,563,40,603,338,21,359,54,6,60,1516,53,1569,13,,13,171,19,190,481,36,517,456,30,486,14,3,17,1102,78,1180,39,2,41,2083,132,2215,293,21,314,223,16,239,327,34,361,115,8,123,530,31,561,21,,21,338,24,362,83,7,90,97,8,105,224,14,238,2319,108,2427,107,16,123,122,9,131,715,35,750,882,78,960,81,2,83,13,,13,212,23,235,123,5,128,160,11,171,75,3,78,97,13,110,306,15,321,850,90,940,346,34,380,141,19,160,4167,154,4321,96,7,103,10,,10,464,22,486,348,34,382,156,10,166,98,7,105,2237,141,2378,103,13,116,623,51,674,42,2,44,117,11,128,87,6,93,159,15,174,42,2,44,593,44,637,693,60,753,58,1,59,238,23,261,51,2,53,80,5,85,135,11,146,61,3,64,36,1,37,162,22,184,77,12,89,50,3,53,244,23,267,66,6,72,190,15,205,35,4,39,67,4,71,427,20,447,70,6,76,42,4,46,143,15,158,23,1,24,159,11,170,55,4,59,151,12,163,28,,28,138,10,148,160,17,177,23,1,24,147,13,160,234,27,261,952,52,1004,639,57,696,46,,46,60,1,61,227,15,242,59,3,62,100,11,111,103,8,111,47,4,51,189,21,210,29,6,35,154,12,166,10,,10,57,10,67,46,1,47,1549,83,1632,413,28,441,18,,18,98,5,103,62,8,70,419,38,457,111,5,116,17,3,20,188,7,195,22,1,23,16,,16,151,18,169,42,3,45,95,7,102,71,2,73,201,7,208,306,10,316,279,25,304,47,11,58,62,,62,542,38,580,54,4,58,34,4,38,87,18,105,171,7,178,396,40,436,599,62,661,229,19,248,26,3,29,171,17,188,182,22,204,5,2,7,17,3,20,77,5,82,733,96,829,50,5,55,61,2,63,41,1,42,122,12,134,43715,3028,46743,0,0,0,43715,3028,46743,,,
2022-03,197,16,213,110,2,112,40,2,42,69,5,74,15,2,17,280,27,307,50,10,60,341,32,373,601,73,674,244,18,262,93,5,98,940,47,987,56,4,60,88,11,99,42,1,43,45,3,48,436,34,470,197,7,204,128,12,140,27,2,29,170,9,179,95,5,100,563,41,604,348,23,371,59,10,69,1521,56,1577,13,,13,169,19,188,481,38,519,449,28,477,13,3,16,1082,77,1159,36,2,38,2110,135,2245,289,18,307,228,14,242,345,32,377,111,9,120,539,34,573,22,,22,337,23,360,83,10,93,100,11,111,234,13,247,2327,112,2439,100,16,116,126,12,138,711,34,745,891,73,964,83,2,85,13,,13,215,23,238,127,6,133,163,11,174,77,5,82,96,12,108,308,18,326,848,95,943,361,39,400,140,17,157,4152,152,4304,99,6,105,11,,11,467,25,492,360,37,397,159,10,169,99,7,106,2283,144,2427,104,15,119,636,51,687,43,2,45,122,9,131,89,5,94,158,15,173,47,2,49,592,52,644,712,63,775,58,1,59,238,23,261,53,2,55,80,5,85,133,10,143,58,4,62,35,1,36,162,23,185,75,11,86,50,4,54,252,24,276,70,5,75,184,15,199,35,3,38,62,4,66,428,20,448,71,8,79,42,4,46,140,15,155,23,1,24,160,9,169,54,5,59,148,13,161,26,,26,137,10,147,162,21,183,26,1,27,147,14,161,247,29,276,932,49,981,630,52,682,47,1,48,65,2,67,224,16,240,58,4,62,97,12,109,106,8,114,46,3,49,187,21,208,30,6,36,156,12,168,10,,10,58,10,68,47,2,49,1530,87,1617,419,26,445,20,,20,100,6,106,59,9,68,414,37,451,109,5,114,14,3,17,189,6,195,20,1,21,16,,16,153,24,177,41,4,45,102,7,109,72,2,74,203,7,210,297,10,307,277,25,302,45,11,56,64,1,65,556,38,594,53,4,57,32,5,37,84,16,100,172,6,178,400,40,440,607,61,668,234,21,255,24,4,28,169,17,186,184,21,205,5,2,7,17,3,20,82,5,87,736,101,837,54,5,59,64,2,66,39,1,40,120,11,131,43940,3110,47050,0,0,0,43940,3110,47050,,,
2022-04,184,14,198,111,3,114,41,2,43,69,5,74,13,2,15,276,27,303,52,10,62,337,31,368,597,75,672,247,17,264,88,5,93,934,46,980,56,5,61,91,12,103,42,1,43,46,3,49,440,34,474,197,8,205,129,13,142,27,2,29,178,9,187,93,5,98,560,40,600,345,22,367,57,12,69,1530,56,1586,16,,16,172,19,191,493,38,531,454,27,481,14,3,17,1109,79,1188,36,3,39,2114,133,2247,290,17,307,228,11,239,344,27,371,114,10,124,542,36,578,21,,21,340,22,362,78,10,88,101,11,112,228,13,241,2341,111,2452,101,15,116,131,12,143,703,35,738,891,73,964,81,2,83,14,,14,212,22,234,128,7,135,168,11,179,77,5,82,94,13,107,320,19,339,849,98,947,358,38,396,142,19,161,4147,150,4297,102,6,108,10,,10,461,25,486,372,47,419,165,10,175,105,7,112,2275,142,2417,108,14,122,636,49,685,40,2,42,125,12,137,89,5,94,156,17,173,46,2,48,591,52,643,712,68,780,59,1,60,243,24,267,54,2,56,78,5,83,135,10,145,61,4,65,38,1,39,163,23,186,76,11,87,52,4,56,254,22,276,71,5,76,188,14,202,35,3,38,63,5,68,428,19,447,70,9,79,42,4,46,136,15,151,23,1,24,164,9,173,55,5,60,148,11,159,32,,32,137,11,148,160,24,184,25,1,26,142,15,157,254,32,286,937,50,987,631,54,685,45,,45,64,2,66,220,16,236,58,4,62,98,12,110,108,5,113,44,3,47,188,19,207,34,5,39,154,13,167,10,,10,61,10,71,46,2,48,1522,86,1608,415,27,442,23,,23,103,6,109,64,9,73,423,42,465,117,5,122,14,3,17,194,6,200,22,1,23,16,,16,157,25,182,44,4,48,104,7,111,71,2,73,209,7,216,295,10,305,274,26,300,44,11,55,61,1,62,564,39,603,52,4,56,35,5,40,82,16,98,174,6,180,401,36,437,613,63,676,239,21,260,26,4,30,168,17,185,185,21,206,6,1,7,16,3,19,83,4,87,731,103,834,57,6,63,63,2,65,40,1,41,120,11,131,44095,3132,47227,0,0,0,44095,3132,47227,,,
2022-05,197,12,209,110,2,112,40,3,43,69,6,75,12,2,14,278,26,304,53,9,62,347,32,379,618,75,693,242,18,260,93,5,98,948,46,994,63,5,68,84,10,94,43,1,44,45,3,48,449,32,481,193,8,201,135,11,146,29,2,31,178,9,187,89,5,94,578,40,618,353,25,378,62,10,72,1518,58,1576,15,,15,169,19,188,512,42,554,459,26,485,14,3,17,1096,74,1170,36,3,39,2110,139,2249,296,18,314,238,12,250,349,33,382,108,10,118,546,32,578,21,,21,342,22,364,80,9,89,101,11,112,234,16,250,2370,113,2483,105,13,118,132,13,145,732,37,769,886,75,961,80,3,83,13,,13,212,22,234,124,8,132,172,12,184,77,6,83,98,13,111,320,22,342,850,97,947,363,38,401,143,17,160,4144,160,4304,96,7,103,13,,13,468,28,496,377,54,431,164,9,173,106,6,112,2249,144,2393,108,15,123,652,51,703,41,2,43,122,12,134,94,5,99,160,16,176,45,2,47,615,56,671,705,65,770,60,1,61,240,22,262,58,4,62,80,6,86,135,9,144,61,5,66,38,1,39,167,22,189,78,10,88,48,3,51,267,22,289,74,4,78,191,16,207,31,3,34,64,5,69,439,20,459,71,8,79,41,4,45,131,14,145,22,1,23,163,9,172,56,5,61,146,11,157,35,,35,145,12,157,171,25,196,24,1,25,146,14,160,254,36,290,959,53,1012,648,59,707,46,,46,66,2,68,228,18,246,60,3,63,104,12,116,109,5,114,43,3,46,188,17,205,34,6,40,159,13,172,9,,9,66,10,76,43,2,45,1521,83,1604,417,29,446,21,,21,106,6,112,60,9,69,421,43,464,122,5,127,15,3,18,197,5,202,24,1,25,19,,19,158,27,185,47,4,51,102,6,108,70,2,72,208,7,215,300,12,312,275,27,302,48,11,59,62,1,63,568,41,609,52,4,56,38,5,43,82,13,95,174,6,180,402,37,439,624,65,689,241,25,266,29,4,33,173,16,189,177,20,197,5,1,6,15,2,17,77,5,82,741,114,855,56,6,62,66,2,68,39,1,40,119,9,128,44457,3198,47655,0,0,0,44457,3198,47655,,,
2022-06,187,12,199,110,3,113,42,2,44,74,5,79,14,1,15,284,28,312,50,10,60,344,31,375,615,83,698,255,19,274,96,5,101,955,46,1001,64,5,69,81,9,90,41,1,42,44,4,48,453,32,485,197,5,202,136,12,148,26,2,28,183,10,193,90,4,94,569,38,607,345,30,375,61,10,71,1528,63,1591,17,,17,166,20,186,527,47,574,456,22,478,14,2,16,1079,75,1154,39,3,42,2113,145,2258,282,19,301,240,11,251,339,36,375,109,11,120,553,32,585,21,,21,349,25,374,82,9,91,101,8,109,235,13,248,2384,109,2493,111,12,123,135,13,148,741,35,776,894,82,976,81,3,84,13,,13,209,23,232,125,6,131,175,14,189,77,6,83,98,12,110,340,25,365,842,96,938,367,37,404,150,16,166,4147,161,4308,96,8,104,13,,13,458,32,490,398,63,461,164,13,177,105,7,112,2272,160,2432,113,17,130,642,51,693,41,2,43,121,11,132,92,5,97,167,17,184,41,3,44,606,53,659,705,65,770,57,1,58,239,19,258,57,4,61,77,6,83,136,9,145,59,3,62,39,1,40,175,22,197,78,10,88,50,3,53,264,24,288,78,4,82,189,16,205,32,3,35,62,5,67,433,17,450,74,10,84,40,3,43,140,10,150,24,1,25,167,10,177,56,5,61,140,11,151,32,1,33,142,12,154,172,26,198,25,1,26,139,12,151,264,38,302,951,53,1004,645,57,702,47,1,48,63,3,66,233,20,253,60,3,63,103,12,115,105,8,113,43,4,47,188,17,205,34,7,41,159,10,169,8,,8,66,10,76,44,2,46,1523,84,1607,422,28,450,21,,21,106,5,111,68,9,77,422,40,462,123,5,128,18,3,21,198,5,203,23,1,24,18,,18,160,27,187,45,4,49,99,7,106,64,2,66,210,8,218,298,12,310,276,26,302,46,13,59,59,1,60,562,40,602,47,3,50,41,5,46,82,13,95,179,7,186,407,34,441,622,70,692,243,28,271,28,4,32,177,15,192,180,21,201,3,1,4,16,3,19,79,5,84,728,112,840,57,7,64,70,2,72,39,1,40,118,10,128,44555,3260,47815,0,0,0,44555,3260,47815,,,
2022-07,186,12,198,108,3,111,43,2,45,73,5,78,14,2,16,278,22,300,47,7,54,345,33,378,604,81,685,253,15,268,95,6,101,957,44,1001,62,4,66,78,11,89,46,1,47,48,4,52,448,31,479,196,6,202,138,11,149,25,2,27,184,10,194,90,4,94,573,37,610,337,33,370,63,8,71,1531,64,1595,17,,17,164,18,182,531,44,575,456,22,478,15,2,17,1079,70,1149,38,3,41,2108,140,2248,277,22,299,239,11,250,340,37,377,109,12,121,553,33,586,20,,20,362,26,388,86,12,98,99,9,108,232,14,246,2360,107,2467,108,12,120,139,14,153,740,32,772,884,85,969,80,3,83,13,,13,217,24,241,121,6,127,168,14,182,75,6,81,103,13,116,337,25,362,856,94,950,362,37,399,152,17,169,4133,158,4291,95,8,103,12,,12,466,34,500,397,60,457,175,12,187,102,5,107,2266,155,2421,107,18,125,655,50,705,40,2,42,128,11,139,95,5,100,166,18,184,41,3,44,606,52,658,702,63,765,63,1,64,237,19,256,57,4,61,76,6,82,134,9,143,59,3,62,39,1,40,171,20,191,76,10,86,52,3,55,265,27,292,78,4,82,192,18,210,32,3,35,62,5,67,432,17,449,78,8,86,39,3,42,140,12,152,24,1,25,164,8,172,56,5,61,143,9,152,29,1,30,156,12,168,179,28,207,28,1,29,139,15,154,263,40,303,970,52,1022,650,58,708,48,,48,64,3,67,233,20,253,59,3,62,103,12,115,104,6,110,41,4,45,185,17,202,35,6,41,154,8,162,8,,8,65,9,74,45,3,48,1493,82,1575,417,30,447,20,,20,105,5,110,64,9,73,429,38,467,121,5,126,19,3,22,202,7,209,22,2,24,16,,16,161,27,188,45,3,48,94,6,100,65,2,67,205,11,216,299,13,312,284,27,311,50,14,64,61,1,62,562,40,602,47,3,50,39,5,44,80,12,92,181,7,188,404,40,444,645,64,709,240,32,272,29,4,33,172,16,188,189,22,211,3,1,4,15,3,18,80,5,85,743,102,845,56,8,64,74,2,76,37,1,38,120,10,130,44563,3232,47795,0,0,0,44563,3232,47795,,,
2022-08,187,12,199,109,3,112,41,3,44,73,4,77,14,1,15,285,24,309,44,7,51,349,31,380,613,85,698,248,16,264,95,6,101,947,44,991,59,4,63,73,10,83,47,1,48,45,4,49,450,31,481,200,6,206,142,10,152,24,3,27,179,11,190,88,5,93,576,40,616,332,33,365,61,9,70,1529,67,1596,18,,18,165,19,184,532,43,575,459,21,480,15,2,17,1099,68,1167,38,3,41,2123,154,2277,276,20,296,235,11,246,339,41,380,112,11,123,572,35,607,19,,19,353,28,381,88,14,102,99,15,114,231,14,245,2366,106,2472,114,14,128,135,13,148,736,32,768,880,83,963,78,3,81,12,,12,230,23,253,124,6,130,170,14,184,73,6,79,103,13,116,336,24,360,845,88,933,362,38,400,153,17,170,4110,156,4266,93,9,102,12,,12,472,35,507,407,57,464,172,13,185,104,7,111,2258,156,2414,109,18,127,656,51,707,38,2,40,133,11,144,94,5,99,167,19,186,42,3,45,595,51,646,707,59,766,60,1,61,232,19,251,60,4,64,76,6,82,132,9,141,58,3,61,39,1,40,165,19,184,77,11,88,54,3,57,259,28,287,84,5,89,194,18,212,32,3,35,64,5,69,440,18,458,80,7,87,39,3,42,140,11,151,22,1,23,161,8,169,51,5,56,139,9,148,32,1,33,155,12,167,181,28,209,28,1,29,147,13,160,264,40,304,981,50,1031,648,54,702,51,2,53,68,3,71,233,19,252,61,3,64,100,13,113,102,5,107,40,4,44,191,16,207,37,7,44,153,8,161,7,,7,66,8,74,45,3,48,1506,90,1596,434,27,461,20,,20,101,5,106,65,9,74,428,38,466,124,4,128,20,3,23,201,6,207,21,2,23,16,,16,166,30,196,45,3,48,95,6,101,67,2,69,219,10,229,294,14,308,275,26,301,51,13,64,61,1,62,561,39,600,47,3,50,37,5,42,81,12,93,181,10,191,405,40,445,644,68,712,245,34,279,29,4,33,173,16,189,188,22,210,4,1,5,15,4,19,82,6,88,746,106,852,55,8,63,72,2,74,37,1,38,121,10,131,44649,3268,47917,0,0,0,44649,3268,47917,,,
2022-09,182,11,193,108,3,111,40,3,43,73,4,77,13,2,15,275,23,298,47,9,56,350,30,380,615,81,696,236,17,253,99,6,105,938,40,978,62,3,65,75,11,86,46,1,47,47,3,50,454,29,483,201,6,207,141,11,152,26,3,29,183,11,194,85,6,91,589,42,631,336,35,371,64,7,71,1537,66,1603,17,,17,162,19,181,542,44,586,455,23,478,15,2,17,1082,65,1147,39,3,42,2121,157,2278,284,21,305,232,13,245,357,41,398,111,11,122,569,33,602,19,,19,364,29,393,91,15,106,97,15,112,246,15,261,2373,106,2479,117,15,132,139,14,153,730,30,760,870,82,952,84,3,87,11,,11,230,22,252,127,5,132,168,14,182,70,6,76,104,13,117,339,26,365,848,88,936,359,38,397,148,17,165,4087,164,4251,97,9,106,12,,12,470,34,504,395,53,448,176,11,187,112,6,118,2244,150,2394,110,16,126,650,52,702,40,2,42,134,13,147,90,5,95,163,20,183,43,3,46,608,50,658,712,58,770,64,1,65,230,19,249,57,4,61,80,5,85,131,9,140,59,3,62,40,1,41,175,20,195,81,11,92,52,4,56,254,28,282,83,5,88,192,19,211,33,3,36,60,5,65,439,18,457,76,8,84,43,3,46,141,11,152,23,1,24,164,6,170,53,5,58,143,7,150,34,1,35,153,12,165,181,27,208,27,2,29,145,14,159,265,40,305,986,52,1038,651,54,705,51,1,52,62,3,65,224,18,242,62,3,65,97,14,111,106,5,111,45,4,49,205,18,223,37,6,43,155,8,163,7,,7,65,8,73,47,3,50,1515,94,1609,441,28,469,20,1,21,102,5,107,67,8,75,427,39,466,123,4,127,22,3,25,199,7,206,21,2,23,15,,15,169,29,198,46,3,49,94,8,102,67,2,69,217,11,228,298,14,312,276,28,304,53,15,68,62,1,63,573,40,613,47,2,49,35,5,40,80,12,92,178,13,191,406,39,445,624,65,689,237,29,266,27,5,32,169,14,183,189,21,210,3,1,4,16,3,19,82,6,88,777,110,887,54,8,62,73,2,75,37,1,38,122,10,132,44726,3271,47997,0,0,0,44726,3271,47997,,,
2022-10,193,13,206,109,2,111,39,2,41,68,3,71,12,2,14,269,23,292,48,8,56,358,36,394,599,81,680,238,17,255,98,6,104,944,41,985,61,3,64,72,10,82,47,1,48,48,3,51,457,29,486,208,8,216,142,10,152,24,3,27,182,10,192,81,7,88,613,42,655,345,36,381,65,7,72,1557,66,1623,18,,18,158,17,175,551,46,597,452,21,473,15,2,17,1102,75,1177,40,3,43,2131,156,2287,286,19,305,236,13,249,358,42,400,113,10,123,580,31,611,19,,19,362,28,390,90,17,107,98,16,114,243,16,259,2381,106,2487,120,15,135,141,14,155,739,34,773,879,85,964,85,3,88,10,,10,230,23,253,123,5,128,171,13,184,71,7,78,106,11,117,340,28,368,844,88,932,363,38,401,154,20,174,4084,163,4247,98,9,107,13,,13,474,33,507,388,53,441,178,13,191,107,6,113,2285,148,2433,111,18,129,648,53,701,39,2,41,142,13,155,89,4,93,160,22,182,42,3,45,623,52,675,712,54,766,64,1,65,233,21,254,56,4,60,80,6,86,129,10,139,57,4,61,40,1,41,178,19,197,84,11,95,50,4,54,257,28,285,81,5,86,192,19,211,32,3,35,57,5,62,439,19,458,75,7,82,38,3,41,142,12,154,22,1,23,165,7,172,56,5,61,138,7,145,39,1,40,153,13,166,183,27,210,27,2,29,147,13,160,269,42,311,988,54,1042,632,54,686,51,2,53,61,3,64,227,18,245,60,3,63,98,14,112,102,6,108,43,3,46,207,20,227,35,5,40,146,7,153,7,,7,64,8,72,47,3,50,1515,93,1608,451,32,483,22,1,23,101,6,107,71,9,80,430,40,470,126,4,130,22,3,25,200,9,209,20,2,22,14,,14,176,28,204,44,3,47,95,8,103,66,2,68,219,10,229,294,14,308,274,28,302,53,14,67,64,1,65,575,41,616,46,3,49,36,5,41,80,12,92,182,15,197,406,38,444,615,59,674,236,29,265,29,3,32,172,15,187,185,22,207,3,1,4,17,3,20,77,6,83,775,109,884,57,8,65,73,2,75,37,1,38,121,11,132,44909,3307,48216,0,0,0,44909,3307,48216,,,
2022-11,183,11,194,104,2,106,42,2,44,67,5,72,13,1,14,266,21,287,51,8,59,355,36,391,602,79,681,243,19,262,96,6,102,939,43,982,61,3,64,73,10,83,45,1,46,46,3,49,474,31,505,207,8,215,142,10,152,24,3,27,184,12,196,80,7,87,620,43,663,343,36,379,63,6,69,1557,64,1621,18,,18,158,16,174,573,47,620,463,22,485,16,2,18,1105,74,1179,41,3,44,2129,156,2285,281,20,301,241,13,254,364,39,403,112,11,123,572,34,606,17,,17,366,27,393,88,16,104,99,15,114,250,21,271,2393,106,2499,121,15,136,139,15,154,746,33,779,872,88,960,85,2,87,11,,11,244,25,269,126,5,131,171,12,183,70,7,77,106,11,117,346,29,375,844,92,936,362,40,402,156,21,177,4076,159,4235,96,9,105,13,,13,480,34,514,379,52,431,178,14,192,110,7,117,2297,151,2448,112,19,131,642,53,695,39,2,41,145,13,158,89,3,92,163,23,186,44,4,48,626,53,679,717,50,767,63,1,64,233,20,253,56,4,60,78,4,82,126,12,138,59,4,63,38,1,39,179,20,199,84,11,95,48,4,52,256,28,284,82,5,87,186,19,205,34,3,37,60,5,65,429,17,446,81,7,88,39,3,42,144,12,156,21,1,22,160,7,167,59,5,64,142,6,148,40,2,42,153,13,166,184,29,213,27,2,29,151,12,163,269,42,311,1001,56,1057,627,53,680,49,3,52,61,3,64,225,17,242,59,3,62,94,13,107,101,5,106,43,3,46,204,18,222,35,6,41,148,9,157,8,,8,70,8,78,47,2,49,1538,99,1637,450,33,483,21,1,22,105,6,111,67,8,75,435,41,476,124,4,128,22,3,25,203,11,214,23,2,25,15,,15,174,29,203,42,3,45,96,7,103,65,2,67,221,10,231,292,14,306,276,27,303,55,15,70,63,2,65,585,44,629,51,3,54,38,5,43,79,12,91,187,15,202,414,42,456,618,56,674,237,27,264,31,3,34,174,13,187,184,22,206,3,1,4,16,3,19,76,4,80,787,108,895,56,9,65,71,2,73,35,1,36,124,11,135,45077,3329,48406,0,0,0,45077,3329,48406,,,
2022-12,183,12,195,104,3,107,42,2,44,67,4,71,14,1,15,275,24,299,48,8,56,356,36,392,603,80,683,248,21,269,99,6,105,942,44,986,56,3,59,72,10,82,46,1,47,47,3,50,473,34,507,208,8,216,146,10,156,25,3,28,184,10,194,79,7,86,620,43,663,343,36,379,66,7,73,1550,64,1614,17,,17,152,17,169,578,51,629,464,23,487,13,3,16,1106,76,1182,38,3,41,2137,159,2296,284,18,302,245,13,258,373,40,413,110,11,121,579,36,615,20,,20,367,28,395,87,15,102,100,13,113,250,22,272,2410,109,2519,120,14,134,137,15,152,749,31,780,872,86,958,84,2,86,9,,9,267,31,298,122,5,127,172,11,183,71,6,77,106,12,118,343,28,371,851,91,942,360,42,402,163,21,184,4073,161,4234,96,11,107,12,,12,486,34,520,368,47,415,177,13,190,117,6,123,2295,160,2455,112,21,133,649,53,702,38,2,40,154,11,165,87,2,89,168,22,190,46,4,50,617,50,667,706,47,753,63,1,64,240,18,258,59,3,62,81,5,86,122,11,133,59,4,63,39,1,40,180,20,200,84,10,94,47,5,52,252,28,280,83,5,88,190,17,207,31,2,33,59,5,64,425,18,443,78,9,87,38,3,41,142,13,155,20,1,21,161,5,166,61,5,66,145,5,150,43,2,45,153,13,166,180,28,208,30,3,33,146,13,159,278,40,318,988,55,1043,626,54,680,47,3,50,60,4,64,220,19,239,63,3,66,97,13,110,98,6,104,40,3,43,205,18,223,34,5,39,150,8,158,8,,8,70,8,78,44,2,46,1547,102,1649,457,31,488,20,1,21,107,6,113,67,8,75,453,40,493,126,2,128,23,3,26,198,11,209,23,2,25,16,,16,171,28,199,43,3,46,96,7,103,66,2,68,227,13,240,289,14,303,276,27,303,58,16,74,58,4,62,574,44,618,52,3,55,36,5,41,77,11,88,186,16,202,417,37,454,616,56,672,259,29,288,29,4,33,172,13,185,183,20,203,3,1,4,18,4,22,82,5,87,784,107,891,58,8,66,69,2,71,36,1,37,121,11,132,45185,3347,48532,0,0,0,45185,3347,48532,,,
2023-01,174,12,186,99,3,102,42,2,44,68,4,72,14,1,15,270,24,294,52,6,58,356,38,394,597,83,680,258,21,279,103,6,109,933,44,977,57,3,60,74,11,85,46,1,47,47,3,50,474,35,509,208,8,216,145,10,155,27,3,30,185,11,196,82,7,89,632,43,675,353,37,390,68,8,76,1535,62,1597,17,,17,158,18,176,580,47,627,469,21,490,14,3,17,1101,74,1175,40,2,42,2108,159,2267,290,18,308,244,13,257,375,42,417,109,10,119,574,36,610,20,,20,364,28,392,83,15,98,99,15,114,257,23,280,2381,108,2489,123,16,139,137,15,152,738,32,770,883,79,962,83,3,86,9,1,10,276,33,309,118,6,124,183,12,195,69,6,75,107,13,120,355,30,385,840,84,924,359,43,402,163,21,184,4047,157,4204,94,10,104,13,,13,489,35,524,361,52,413,178,15,193,118,6,124,2281,155,2436,116,19,135,644,56,700,40,2,42,155,11,166,88,1,89,166,21,187,42,5,47,639,50,689,712,45,757,63,1,64,235,17,252,57,3,60,82,5,87,122,11,133,61,4,65,40,1,41,190,20,210,87,9,96,47,5,52,260,29,289,85,5,90,183,15,198,33,2,35,59,4,63,437,18,455,79,8,87,40,2,42,142,13,155,20,1,21,161,5,166,58,5,63,136,5,141,41,2,43,152,13,165,188,26,214,28,2,30,146,12,158,275,40,315,993,55,1048,642,54,696,51,4,55,64,4,68,228,17,245,64,4,68,98,14,112,101,5,106,40,2,42,204,19,223,33,6,39,149,10,159,8,,8,69,8,77,44,2,46,1542,100,1642,448,34,482,21,1,22,109,6,115,68,8,76,456,40,496,123,2,125,23,3,26,199,11,210,22,2,24,17,,17,166,28,194,44,3,47,94,7,101,62,2,64,229,12,241,288,13,301,270,26,296,58,16,74,59,5,64,585,44,629,54,4,58,37,5,42,79,12,91,179,15,194,436,38,474,621,61,682,261,29,290,27,3,30,170,12,182,178,21,199,3,1,4,20,4,24,83,5,88,803,109,912,60,8,68,66,2,68,39,2,41,121,11,132,45223,3344,48567,0,0,0,45223,3344,48567,,,
2023-02,182,12,194,102,3,105,43,2,45,67,4,71,13,1,14,267,24,291,49,5,54,358,37,395,591,81,672,254,22,276,102,6,108,954,44,998,61,3,64,76,10,86,47,1,48,48,2,50,479,36,515,209,8,217,147,11,158,27,4,31,183,11,194,79,6,85,641,44,685,358,37,395,68,9,77,1529,65,1594,15,,15,163,16,179,576,46,622,475,24,499,13,3,16,1103,74,1177,40,3,43,2097,161,2258,297,15,312,243,15,258,382,43,425,111,10,121,582,32,614,20,,20,362,28,390,85,13,98,107,17,124,260,25,285,2381,106,2487,121,16,137,140,17,157,749,32,781,888,82,970,82,3,85,9,3,12,286,31,317,118,8,126,177,12,189,71,6,77,105,13,118,349,31,380,841,85,926,369,40,409,162,23,185,4033,157,4190,93,11,104,13,,13,488,35,523,363,49,412,178,14,192,117,5,122,2272,152,2424,116,18,134,653,58,711,40,1,41,155,14,169,90,1,91,174,20,194,43,5,48,669,55,724,720,45,765,64,1,65,240,18,258,59,3,62,82,6,88,126,11,137,59,4,63,40,1,41,189,20,209,85,9,94,47,7,54,259,29,288,85,4,89,176,15,191,34,2,36,62,4,66,436,20,456,81,8,89,38,2,40,144,14,158,18,1,19,159,4,163,59,5,64,135,5,140,41,2,43,158,14,172,194,26,220,28,4,32,145,12,157,274,36,310,998,57,1055,651,57,708,51,3,54,63,4,67,221,20,241,65,3,68,101,15,116,100,4,104,38,2,40,205,20,225,33,6,39,144,7,151,8,,8,70,8,78,45,2,47,1546,100,1646,451,35,486,19,1,20,109,6,115,69,8,77,460,37,497,122,2,124,23,3,26,197,12,209,23,2,25,19,,19,173,27,200,42,3,45,95,8,103,61,2,63,237,12,249,287,17,304,269,23,292,58,16,74,60,5,65,598,45,643,53,4,57,40,5,45,74,13,87,183,15,198,434,40,474,616,63,679,268,30,298,27,4,31,173,13,186,176,22,198,5,,5,21,5,26,80,5,85,819,106,925,61,7,68,67,2,69,39,2,41,125,10,135,45419,3366,48785,0,0,0,45419,3366,48785,,,
2023-03,191,13,204,105,3,108,43,2,45,67,4,71,15,2,17,276,23,299,54,6,60,361,36,397,596,85,681,261,22,283,101,7,108,960,45,1005,59,3,62,75,13,88,49,1,50,52,1,53,486,37,523,212,9,221,144,11,155,26,4,30,184,13,197,82,6,88,649,43,692,353,43,396,70,9,79,1527,66,1593,16,,16,166,15,181,571,44,615,475,24,499,13,3,16,1107,75,1182,42,3,45,2139,165,2304,298,16,314,240,14,254,401,44,445,117,10,127,591,32,623,22,,22,367,29,396,86,13,99,108,20,128,267,24,291,2343,103,2446,129,17,146,140,18,158,745,33,778,896,79,975,82,3,85,10,3,13,297,33,330,118,10,128,181,12,193,71,8,79,107,13,120,351,33,384,845,88,933,377,43,420,152,23,175,4059,158,4217,95,11,106,11,,11,489,35,524,357,54,411,183,14,197,121,5,126,2304,160,2464,119,20,139,658,58,716,39,1,40,165,13,178,91,,91,176,19,195,44,5,49,675,56,731,729,47,776,65,2,67,234,20,254,62,3,65,84,8,92,125,12,137,60,4,64,38,1,39,191,19,210,86,9,95,45,6,51,267,29,296,86,4,90,189,16,205,36,2,38,62,4,66,454,21,475,82,8,90,39,2,41,148,15,163,22,1,23,160,4,164,63,4,67,133,5,138,39,2,41,160,14,174,202,26,228,30,3,33,143,12,155,273,40,313,1010,56,1066,659,54,713,54,3,57,60,4,64,223,20,243,69,3,72,94,16,110,100,5,105,42,3,45,204,21,225,31,7,38,150,9,159,8,,8,72,8,80,47,2,49,1556,105,1661,451,35,486,19,1,20,113,7,120,66,8,74,477,45,522,122,3,125,23,3,26,196,12,208,21,2,23,19,,19,178,27,205,43,2,45,99,8,107,60,3,63,234,11,245,296,17,313,275,23,298,60,19,79,62,5,67,580,47,627,49,5,54,41,4,45,82,14,96,183,14,197,446,41,487,617,60,677,275,28,303,27,4,31,174,12,186,185,23,208,5,,5,22,5,27,82,5,87,820,101,921,56,4,60,66,2,68,40,2,42,128,10,138,45832,3437,49269,0,0,0,45832,3437,49269,,,
2023-04,201,12,213,104,4,108,42,2,44,71,4,75,14,2,16,278,23,301,53,5,58,364,37,401,588,84,672,257,22,279,102,7,109,952,45,997,61,4,65,80,12,92,49,1,50,53,1,54,486,38,524,219,9,228,137,12,149,26,4,30,186,13,199,83,8,91,644,47,691,355,46,401,69,8,77,1516,65,1581,17,,17,164,15,179,577,44,621,462,24,486,13,3,16,1092,72,1164,42,3,45,2153,167,2320,302,20,322,236,13,249,393,45,438,115,10,125,597,31,628,21,,21,363,28,391,86,14,100,110,20,130,264,26,290,2353,106,2459,136,18,154,138,18,156,747,32,779,894,80,974,81,2,83,9,4,13,303,34,337,121,9,130,183,12,195,74,7,81,106,11,117,350,36,386,830,90,920,367,44,411,162,23,185,4100,165,4265,93,11,104,11,,11,485,37,522,363,55,418,184,12,196,120,6,126,2311,164,2475,123,21,144,661,59,720,40,1,41,169,14,183,83,,83,169,19,188,44,5,49,691,53,744,734,45,779,61,2,63,240,20,260,60,3,63,83,7,90,125,12,137,62,4,66,40,1,41,189,20,209,88,10,98,45,7,52,264,30,294,86,3,89,187,16,203,35,2,37,61,4,65,447,21,468,79,8,87,41,2,43,145,15,160,20,2,22,161,6,167,64,5,69,133,5,138,39,2,41,156,15,171,206,29,235,29,3,32,140,12,152,279,40,319,1015,58,1073,650,50,700,55,3,58,58,4,62,224,20,244,70,3,73,93,16,109,100,5,105,37,3,40,211,22,233,35,7,42,153,7,160,8,,8,65,8,73,49,2,51,1560,105,1665,445,38,483,20,1,21,111,7,118,66,8,74,469,46,515,120,3,123,23,3,26,196,13,209,22,2,24,17,,17,179,28,207,44,2,46,94,7,101,62,3,65,231,12,243,303,15,318,272,22,294,65,19,84,64,5,69,575,45,620,52,4,56,39,4,43,80,14,94,185,14,199,442,41,483,617,60,677,279,29,308,27,3,30,178,12,190,185,24,209,5,,5,22,4,26,84,5,89,807,103,910,61,7,68,65,1,66,39,2,41,131,13,144,45856,3481,49337,0,0,0,45856,3481,49337,,,
2023-05,207,13,220,108,4,112,50,2,52,70,4,74,15,2,17,280,23,303,50,6,56,361,39,400,565,80,645,251,20,271,104,6,110,946,49,995,60,5,65,80,13,93,49,1,50,57,2,59,495,37,532,215,8,223,137,10,147,26,4,30,186,15,201,82,7,89,639,46,685,354,47,401,66,8,74,1507,66,1573,15,,15,158,14,172,567,44,611,468,23,491,14,3,17,1087,76,1163,43,2,45,2144,161,2305,299,20,319,235,14,249,404,46,450,110,10,120,595,32,627,25,,25,357,27,384,81,14,95,113,21,134,277,29,306,2342,107,2449,140,18,158,141,18,159,752,33,785,883,79,962,82,2,84,9,4,13,318,36,354,123,9,132,185,14,199,73,8,81,108,10,118,336,39,375,837,99,936,373,47,420,160,25,185,4119,164,4283,99,14,113,12,,12,483,32,515,360,57,417,181,12,193,116,9,125,2298,162,2460,127,18,145,663,60,723,39,2,41,175,13,188,88,,88,169,17,186,48,5,53,677,51,728,729,44,773,63,2,65,235,19,254,58,3,61,81,6,87,126,12,138,62,5,67,40,1,41,190,19,209,88,10,98,45,7,52,264,29,293,86,3,89,185,14,199,35,2,37,57,4,61,431,21,452,79,8,87,41,2,43,147,16,163,19,2,21,163,6,169,63,5,68,131,5,136,41,2,43,162,15,177,203,29,232,29,3,32,137,13,150,272,40,312,1032,63,1095,639,50,689,53,3,56,58,5,63,228,21,249,73,3,76,89,16,105,103,5,108,35,2,37,216,20,236,33,5,38,151,6,157,8,,8,68,9,77,48,2,50,1547,105,1652,456,39,495,21,1,22,113,7,120,65,8,73,461,49,510,121,2,123,24,3,27,197,11,208,21,2,23,20,,20,184,28,212,42,2,44,97,8,105,62,3,65,232,11,243,303,15,318,269,21,290,66,19,85,64,5,69,577,49,626,53,4,57,39,5,44,80,14,94,183,15,198,436,40,476,607,52,659,278,30,308,29,3,32,178,14,192,190,21,211,7,,7,23,4,27,83,5,88,804,109,913,62,7,69,66,1,67,42,2,44,131,12,143,45797,3500,49297,0,0,0,45797,3500,49297,,,
2023-06,209,14,223,104,3,107,50,2,52,74,4,78,14,2,16,290,22,312,52,5,57,358,42,400,575,79,654,247,20,267,102,6,108,929,47,976,59,5,64,86,15,101,48,1,49,60,2,62,481,37,518,212,9,221,140,9,149,24,4,28,186,15,201,79,7,86,653,44,697,364,50,414,67,8,75,1514,67,1581,14,,14,161,14,175,582,46,628,460,23,483,11,3,14,1079,74,1153,41,1,42,2154,165,2319,296,20,316,236,14,250,403,47,450,107,9,116,594,33,627,23,,23,373,27,400,83,12,95,117,17,134,280,29,309,2347,110,2457,140,18,158,139,17,156,760,33,793,865,81,946,81,2,83,9,4,13,314,37,351,121,9,130,182,16,198,72,7,79,104,10,114,342,41,383,824,95,919,369,46,415,158,25,183,4131,161,4292,98,12,110,12,,12,504,31,535,362,57,419,178,11,189,116,10,126,2313,159,2472,130,19,149,667,60,727,40,2,42,174,11,185,88,2,90,169,17,186,47,5,52,707,50,757,741,43,784,65,2,67,234,20,254,55,3,58,80,6,86,126,12,138,61,6,67,42,1,43,193,19,212,87,11,98,48,8,56,260,29,289,81,3,84,194,14,208,36,2,38,60,4,64,432,22,454,81,9,90,40,2,42,148,17,165,18,2,20,160,5,165,63,6,69,130,6,136,38,2,40,157,15,172,203,28,231,28,3,31,130,12,142,278,39,317,1046,60,1106,629,48,677,57,3,60,61,6,67,231,22,253,71,3,74,94,14,108,103,4,107,37,3,40,216,20,236,33,4,37,151,7,158,8,,8,66,9,75,49,2,51,1580,108,1688,456,39,495,19,1,20,115,5,120,67,8,75,467,47,514,121,2,123,24,3,27,189,12,201,20,2,22,21,,21,184,30,214,44,2,46,98,8,106,62,3,65,237,11,248,306,16,322,273,22,295,65,18,83,66,6,72,598,52,650,57,4,61,40,4,44,80,13,93,182,16,198,432,42,474,618,55,673,274,30,304,29,4,33,180,15,195,183,22,205,6,,6,23,4,27,83,5,88,819,119,938,59,6,65,67,1,68,45,2,47,132,13,145,45996,3517,49513,0,0,0,45996,3517,49513,,,
2023-07,204,17,221,102,4,106,48,1,49,75,4,79,14,2,16,289,21,310,48,6,54,357,40,397,572,79,651,251,20,271,106,7,113,927,47,974,61,5,66,85,13,98,52,1,53,64,3,67,480,39,519,213,9,222,140,8,148,24,4,28,188,15,203,80,7,87,645,46,691,351,47,398,67,7,74,1523,65,1588,16,,16,159,13,172,582,47,629,461,28,489,11,3,14,1069,75,1144,45,1,46,2144,162,2306,295,22,317,233,14,247,404,42,446,108,8,116,592,33,625,19,,19,367,26,393,81,11,92,122,16,138,276,26,302,2348,110,2458,142,17,159,136,18,154,749,34,783,858,86,944,82,2,84,9,4,13,331,37,368,126,9,135,186,16,202,70,7,77,103,10,113,332,40,372,823,94,917,373,42,415,157,28,185,4157,163,4320,96,11,107,14,,14,505,32,537,355,59,414,177,11,188,110,11,121,2324,157,2481,127,17,144,651,60,711,40,2,42,179,13,192,85,2,87,170,16,186,45,5,50,710,52,762,735,40,775,67,2,69,240,24,264,56,3,59,84,7,91,125,12,137,58,6,64,41,1,42,186,19,205,85,12,97,48,8,56,257,29,286,87,3,90,194,15,209,36,2,38,58,4,62,422,21,443,81,10,91,40,2,42,147,16,163,19,2,21,161,6,167,63,6,69,132,6,138,41,2,43,155,15,170,206,28,234,28,3,31,126,12,138,277,41,318,1029,61,1090,635,47,682,58,3,61,60,5,65,228,19,247,73,3,76,98,12,110,102,7,109,36,2,38,217,21,238,32,2,34,150,6,156,7,,7,65,9,74,45,2,47,1565,108,1673,441,36,477,20,,20,113,5,118,66,8,74,466,47,513,121,2,123,25,3,28,190,13,203,19,2,21,19,,19,186,31,217,44,3,47,100,9,109,61,3,64,237,11,248,305,16,321,273,23,296,66,21,87,63,6,69,597,50,647,56,4,60,39,3,42,80,13,93,189,18,207,440,42,482,626,54,680,266,29,295,32,3,35,181,14,195,183,20,203,8,,8,23,4,27,85,5,90,817,123,940,64,6,70,63,1,64,44,2,46,130,13,143,45913,3516,49429,0,0,0,45913,3516,49429,,,
2023-08,202,13,215,104,4,108,52,1,53,73,5,78,16,2,18,292,22,314,52,7,59,358,41,399,568,83,651,261,18,279,106,7,113,934,47,981,60,5,65,80,13,93,52,1,53,62,3,65,487,42,529,211,9,220,135,8,143,29,4,33,187,15,202,78,7,85,648,43,691,346,50,396,65,6,71,1535,65,1600,18,,18,166,13,179,577,45,622,470,27,497,11,3,14,1081,81,1162,43,1,44,2150,157,2307,293,22,315,234,14,248,403,43,446,112,8,120,590,37,627,19,1,20,363,28,391,84,12,96,126,17,143,280,28,308,2354,107,2461,140,16,156,139,18,157,749,36,785,856,89,945,82,3,85,9,4,13,332,38,370,128,9,137,185,15,200,73,6,79,102,10,112,338,41,379,814,95,909,358,38,396,157,28,185,4176,163,4339,98,11,109,14,,14,512,35,547,373,57,430,179,12,191,111,12,123,2379,163,2542,124,17,141,645,61,706,40,3,43,182,12,194,92,2,94,168,14,182,49,4,53,722,52,774,732,43,775,67,2,69,236,26,262,57,3,60,86,7,93,127,13,140,61,5,66,40,1,41,177,18,195,88,13,101,50,7,57,255,29,284,84,2,86,192,15,207,36,2,38,61,5,66,415,23,438,85,11,96,41,2,43,147,17,164,17,2,19,167,5,172,65,6,71,128,6,134,42,1,43,157,14,171,208,31,239,28,3,31,122,10,132,273,37,310,1034,67,1101,649,45,694,56,2,58,63,5,68,223,18,241,72,3,75,96,12,108,101,9,110,39,3,42,216,24,240,35,3,38,155,7,162,7,,7,65,9,74,43,2,45,1577,110,1687,447,38,485,17,,17,112,5,117,67,7,74,456,44,500,118,3,121,24,3,27,199,12,211,21,2,23,20,,20,183,30,213,46,3,49,104,9,113,64,3,67,239,9,248,299,16,315,276,21,297,66,21,87,61,6,67,597,53,650,57,3,60,42,3,45,81,14,95,192,17,209,436,40,476,624,52,676,260,28,288,30,4,34,182,14,196,185,22,207,8,,8,25,4,29,84,6,90,812,130,942,64,7,71,64,1,65,45,2,47,136,15,151,46111,3554,49665,0,0,0,46111,3554,49665,,,
2023-09,208,14,222,106,4,110,49,1,50,72,6,78,15,2,17,285,20,305,57,6,63,356,46,402,566,85,651,259,20,279,103,8,111,934,44,978,60,5,65,83,14,97,53,1,54,70,4,74,492,42,534,209,9,218,129,8,137,27,4,31,183,15,198,78,6,84,642,45,687,369,55,424,67,5,72,1532,69,1601,16,,16,163,15,178,584,44,628,475,28,503,11,3,14,1088,79,1167,42,2,44,2165,153,2318,300,23,323,229,14,243,414,45,459,114,8,122,598,31,629,19,1,20,371,30,401,83,13,96,125,19,144,286,26,312,2348,109,2457,141,15,156,141,19,160,754,36,790,844,89,933,84,3,87,8,4,12,337,41,378,129,9,138,183,16,199,73,6,79,99,10,109,334,42,376,831,96,927,358,43,401,160,25,185,4202,159,4361,97,11,108,14,,14,524,36,560,373,60,433,183,12,195,115,15,130,2351,164,2515,127,17,144,653,60,713,41,3,44,181,13,194,90,3,93,162,15,177,50,4,54,725,49,774,748,46,794,73,2,75,245,27,272,55,3,58,88,7,95,129,14,143,61,5,66,42,1,43,181,17,198,92,13,105,48,6,54,256,29,285,81,2,83,199,15,214,35,2,37,55,5,60,419,22,441,81,10,91,39,2,41,148,15,163,17,2,19,169,5,174,64,5,69,128,6,134,42,1,43,159,14,173,208,32,240,31,3,34,127,11,138,283,44,327,1046,67,1113,647,46,693,55,2,57,57,5,62,235,19,254,75,3,78,98,12,110,99,9,108,38,3,41,216,20,236,33,3,36,155,6,161,8,,8,62,10,72,45,2,47,1582,109,1691,447,38,485,18,,18,113,5,118,68,8,76,472,45,517,117,2,119,25,3,28,195,12,207,22,2,24,20,,20,189,30,219,48,3,51,102,10,112,64,3,67,233,9,242,301,16,317,270,21,291,69,22,91,61,6,67,594,51,645,58,3,61,41,3,44,80,13,93,198,19,217,429,40,469,618,53,671,261,29,290,29,1,30,180,12,192,184,24,208,9,,9,23,5,28,82,6,88,806,138,944,68,9,77,61,1,62,44,2,46,134,15,149,46286,3597,49883,0,0,0,46286,3597,49883,,,
2023-10,209,13,222,113,4,117,48,1,49,74,6,80,15,2,17,286,21,307,50,7,57,357,45,402,582,85,667,255,20,275,111,7,118,943,45,988,64,5,69,82,13,95,50,1,51,69,3,72,506,44,550,210,8,218,139,10,149,29,4,33,188,15,203,78,7,85,647,52,699,363,50,413,69,6,75,1516,69,1585,17,,17,166,12,178,587,46,633,484,27,511,12,3,15,1065,77,1142,43,2,45,2172,150,2322,302,24,326,230,15,245,431,47,478,120,7,127,587,32,619,20,1,21,367,31,398,85,12,97,130,19,149,287,26,313,2354,110,2464,143,16,159,145,19,164,746,35,781,854,89,943,86,2,88,10,3,13,337,40,377,140,10,150,185,16,201,75,7,82,97,9,106,368,42,410,834,91,925,371,45,416,168,24,192,4277,160,4437,97,11,108,14,,14,528,34,562,391,59,450,186,12,198,111,16,127,2397,170,2567,129,17,146,642,57,699,42,3,45,186,13,199,89,4,93,168,13,181,50,4,54,722,53,775,758,47,805,73,2,75,244,28,272,58,3,61,92,6,98,124,13,137,62,5,67,40,1,41,180,17,197,85,12,97,52,7,59,262,29,291,83,2,85,205,15,220,34,2,36,56,5,61,410,21,431,81,10,91,40,2,42,145,17,162,17,2,19,169,5,174,69,4,73,129,6,135,38,1,39,159,14,173,210,32,242,30,4,34,123,10,133,286,42,328,1072,65,1137,667,50,717,54,3,57,58,5,63,237,18,255,73,3,76,92,13,105,110,10,120,39,3,42,217,17,234,34,2,36,154,7,161,7,,7,61,9,70,44,2,46,1570,109,1679,469,37,506,20,1,21,113,5,118,68,7,75,479,44,523,118,2,120,27,3,30,195,14,209,21,2,23,20,,20,194,32,226,49,3,52,100,9,109,62,3,65,216,10,226,312,16,328,275,18,293,67,22,89,63,7,70,603,51,654,61,3,64,41,3,44,82,14,96,194,20,214,429,45,474,626,56,682,268,28,296,28,2,30,177,13,190,185,24,209,10,,10,27,5,32,84,7,91,803,132,935,71,9,80,60,1,61,46,2,48,131,13,144,46697,3601,50298,0,0,0,46697,3601,50298,,,
2023-11,224,14,238,112,4,116,47,1,48,74,6,80,16,2,18,289,21,310,55,8,63,363,47,410,579,84,663,260,20,280,107,7,114,940,46,986,64,5,69,80,14,94,52,1,53,70,3,73,501,43,544,213,9,222,143,11,154,27,4,31,185,14,199,81,7,88,645,51,696,365,53,418,67,7,74,1522,70,1592,17,,17,165,12,177,597,47,644,488,28,516,12,2,14,1052,78,1130,41,2,43,2168,158,2326,302,22,324,232,13,245,445,44,489,123,8,131,596,33,629,19,1,20,377,31,408,86,15,101,132,16,148,296,30,326,2363,107,2470,141,16,157,141,18,159,755,36,791,859,89,948,86,2,88,10,3,13,339,42,381,136,10,146,189,17,206,76,6,82,96,9,105,376,40,416,852,92,944,375,48,423,167,24,191,4296,167,4463,97,12,109,15,,15,533,37,570,386,59,445,187,13,200,112,17,129,2420,177,2597,131,17,148,649,59,708,43,2,45,182,15,197,92,4,96,174,14,188,51,4,55,734,55,789,761,48,809,74,3,77,253,26,279,58,3,61,99,6,105,124,14,138,63,5,68,38,1,39,172,18,190,87,12,99,53,7,60,253,31,284,80,3,83,200,14,214,39,2,41,54,5,59,415,21,436,77,10,87,41,2,43,145,16,161,17,2,19,172,5,177,72,4,76,132,6,138,38,,38,157,15,172,215,32,247,31,5,36,117,9,126,292,41,333,1068,65,1133,677,48,725,52,2,54,58,5,63,237,18,255,71,3,74,95,14,109,110,9,119,39,2,41,217,17,234,36,3,39,154,7,161,8,,8,62,9,71,43,2,45,1593,112,1705,470,37,507,20,1,21,113,5,118,65,7,72,488,51,539,118,2,120,26,3,29,189,14,203,22,2,24,22,1,23,191,33,224,50,2,52,105,9,114,61,3,64,218,9,227,313,15,328,272,19,291,65,22,87,59,7,66,605,50,655,63,2,65,40,3,43,84,14,98,190,22,212,448,44,492,630,58,688,259,28,287,29,1,30,180,11,191,190,22,212,10,,10,25,5,30,80,7,87,808,134,942,69,9,78,65,1,66,46,2,48,134,13,147,46963,3653,50616,0,0,0,46963,3653,50616,,,
2023-12,213,14,227,117,5,122,46,1,47,77,6,83,16,2,18,287,22,309,50,10,60,366,44,410,586,84,670,251,19,270,109,8,117,948,47,995,62,5,67,78,13,91,53,1,54,67,3,70,515,41,556,218,9,227,143,12,155,27,4,31,181,13,194,78,8,86,642,54,696,366,54,420,67,7,74,1506,70,1576,17,1,18,157,12,169,594,48,642,502,30,532,12,2,14,1073,80,1153,43,2,45,2165,157,2322,302,19,321,228,13,241,443,45,488,123,8,131,611,36,647,22,,22,381,30,411,87,15,102,137,15,152,289,30,319,2392,112,2504,141,16,157,137,19,156,745,36,781,846,91,937,87,3,90,10,3,13,339,43,382,137,10,147,189,14,203,76,7,83,97,9,106,366,38,404,844,96,940,380,48,428,169,22,191,4303,170,4473,97,12,109,15,,15,536,36,572,383,52,435,194,16,210,115,16,131,2393,180,2573,131,17,148,657,58,715,40,3,43,182,19,201,91,4,95,171,13,184,52,4,56,719,58,777,761,50,811,72,3,75,252,26,278,60,2,62,97,5,102,125,12,137,65,5,70,37,1,38,169,17,186,87,12,99,48,7,55,255,32,287,83,3,86,216,16,232,37,2,39,57,7,64,409,19,428,78,10,88,39,2,41,139,16,155,18,2,20,179,5,184,69,4,73,136,4,140,36,,36,154,16,170,215,34,249,31,5,36,120,10,130,279,42,321,1077,65,1142,680,48,728,53,2,55,59,5,64,227,19,246,74,3,77,96,14,110,118,9,127,39,2,41,221,18,239,39,3,42,151,7,158,7,,7,61,9,70,43,2,45,1595,113,1708,461,38,499,20,1,21,112,6,118,63,6,69,487,48,535,117,3,120,27,3,30,188,13,201,21,2,23,21,1,22,202,30,232,52,2,54,104,11,115,62,3,65,217,8,225,322,14,336,271,17,288,67,22,89,62,7,69,607,53,660,61,2,63,40,3,43,89,14,103,190,22,212,451,46,497,642,57,699,257,27,284,29,2,31,178,13,191,186,23,209,11,,11,27,5,32,84,8,92,801,131,932,71,9,80,67,2,69,43,2,45,135,11,146,46997,3677,50674,0,0,0,46997,3677,50674,,,
2024-01,219,14,233,119,5,124,44,1,45,75,6,81,16,2,18,279,21,300,55,10,65,363,45,408,593,80,673,252,19,271,110,8,118,937,47,984,64,4,68,80,13,93,52,1,53,67,2,69,517,45,562,213,9,222,139,12,151,28,4,32,187,14,201,83,7,90,645,53,698,361,50,411,66,7,73,1504,69,1573,17,1,18,152,12,164,598,44,642,504,31,535,13,2,15,1060,86,1146,44,2,46,2139,156,2295,305,21,326,234,12,246,440,47,487,120,8,128,597,37,634,23,,23,368,28,396,85,14,99,136,16,152,292,28,320,2398,109,2507,143,17,160,132,18,150,750,36,786,845,94,939,85,3,88,10,3,13,341,43,384,140,10,150,194,13,207,80,6,86,99,9,108,372,39,411,845,94,939,381,47,428,166,25,191,4330,175,4505,102,11,113,16,,16,536,38,574,373,54,427,198,17,215,111,16,127,2366,171,2537,128,19,147,653,56,709,40,3,43,185,19,204,91,4,95,172,14,186,50,4,54,727,61,788,762,53,815,72,2,74,249,25,274,59,2,61,95,6,101,124,11,135,65,5,70,41,1,42,168,16,184,85,12,97,52,7,59,254,31,285,81,3,84,212,18,230,35,2,37,56,7,63,416,16,432,78,9,87,41,2,43,145,15,160,18,1,19,175,5,180,70,3,73,132,4,136,34,,34,158,16,174,212,34,246,31,5,36,126,11,137,286,41,327,1074,63,1137,679,55,734,52,2,54,58,6,64,225,19,244,73,3,76,104,14,118,118,7,125,38,3,41,221,19,240,39,,39,149,12,161,8,,8,61,9,70,44,1,45,1638,114,1752,458,39,497,21,1,22,108,6,114,67,6,73,483,47,530,113,6,119,27,3,30,192,13,205,23,2,25,21,1,22,199,31,230,51,2,53,104,9,113,62,3,65,215,9,224,319,14,333,272,19,291,65,20,85,61,7,68,609,53,662,61,3,64,40,3,43,91,14,105,191,24,215,445,44,489,640,56,696,262,28,290,28,2,30,178,12,190,186,22,208,12,,12,27,5,32,93,8,101,808,136,944,68,8,76,69,2,71,44,2,46,133,11,144,47013,3682,50695,0,0,0,47013,3682,50695,,,
2024-02,218,15,233,114,5,119,47,2,49,75,6,81,17,2,19,287,21,308,54,9,63,360,43,403,585,80,665,253,19,272,110,8,118,931,47,978,67,4,71,69,13,82,51,1,52,73,2,75,518,42,560,218,9,227,145,13,158,27,3,30,188,15,203,85,5,90,634,56,690,370,48,418,67,7,74,1498,69,1567,17,1,18,159,11,170,610,42,652,492,32,524,12,2,14,1073,83,1156,42,3,45,2146,154,2300,308,23,331,240,9,249,429,53,482,119,12,131,597,39,636,20,1,21,375,29,404,88,14,102,143,19,162,293,31,324,2429,107,2536,139,16,155,127,17,144,750,37,787,848,90,938,86,3,89,10,2,12,341,44,385,142,11,153,196,11,207,80,6,86,98,10,108,383,40,423,850,91,941,394,48,442,165,22,187,4286,173,4459,96,11,107,16,,16,534,35,569,374,57,431,197,18,215,109,17,126,2367,179,2546,127,18,145,664,59,723,38,3,41,190,17,207,89,3,92,166,13,179,51,4,55,750,61,811,760,61,821,75,4,79,250,27,277,60,2,62,98,6,104,120,11,131,66,4,70,41,1,42,168,17,185,83,12,95,52,7,59,250,31,281,80,3,83,222,18,240,36,2,38,55,6,61,417,17,434,75,9,84,39,2,41,146,17,163,20,1,21,172,5,177,72,4,76,130,4,134,36,,36,161,16,177,209,34,243,33,5,38,123,11,134,288,42,330,1077,64,1141,682,56,738,56,3,59,58,6,64,233,20,253,72,3,75,104,14,118,113,7,120,38,2,40,219,20,239,38,1,39,153,12,165,6,,6,59,11,70,47,1,48,1654,116,1770,466,41,507,19,1,20,106,6,112,62,5,67,486,45,531,116,6,122,26,3,29,191,12,203,20,2,22,19,1,20,191,29,220,49,2,51,103,9,112,61,4,65,214,8,222,325,14,339,273,19,292,63,18,81,63,10,73,613,53,666,61,2,63,36,3,39,84,13,97,187,23,210,447,40,487,624,58,682,265,30,295,28,2,30,178,11,189,189,22,211,13,,13,29,5,34,87,7,94,815,133,948,65,8,73,67,2,69,40,2,42,135,12,147,47078,3701,50779,0,0,0,47078,3701,50779,,,
2024-03,219,15,234,117,5,122,52,2,54,73,8,81,17,2,19,289,25,314,58,9,67,361,43,404,583,77,660,255,21,276,115,9,124,946,47,993,66,4,70,75,13,88,57,1,58,73,5,78,538,41,579,221,9,230,143,13,156,26,3,29,187,16,203,87,5,92,626,51,677,379,53,432,63,7,70,1489,70,1559,17,1,18,157,12,169,620,42,662,490,33,523,12,2,14,1065,80,1145,43,4,47,2157,162,2319,320,26,346,238,10,248,448,53,501,117,11,128,611,41,652,23,2,25,377,30,407,84,12,96,140,18,158,299,34,333,2458,113,2571,136,17,153,127,16,143,748,37,785,841,91,932,87,3,90,11,2,13,342,42,384,145,10,155,199,11,210,82,7,89,102,10,112,366,39,405,849,94,943,384,48,432,161,23,184,4320,178,4498,96,12,108,16,,16,534,34,568,378,55,433,201,21,222,110,16,126,2352,179,2531,126,17,143,682,60,742,41,3,44,192,21,213,94,5,99,162,12,174,50,4,54,751,59,810,763,62,825,77,3,80,254,25,279,55,2,57,100,8,108,117,10,127,75,3,78,39,1,40,177,15,192,84,12,96,53,7,60,248,31,279,77,3,80,224,16,240,32,2,34,59,6,65,421,18,439,78,10,88,38,2,40,141,17,158,19,2,21,168,5,173,74,4,78,128,4,132,36,,36,158,15,173,199,34,233,31,5,36,122,10,132,284,38,322,1083,63,1146,681,59,740,59,3,62,57,6,63,229,23,252,77,3,80,101,16,117,113,6,119,38,2,40,214,17,231,38,1,39,153,11,164,6,,6,55,10,65,46,,46,1663,112,1775,468,46,514,20,1,21,104,6,110,67,6,73,482,44,526,117,6,123,28,3,31,191,14,205,25,2,27,19,1,20,198,26,224,53,2,55,105,10,115,59,4,63,215,9,224,328,14,342,275,19,294,63,19,82,53,9,62,605,54,659,56,3,59,38,2,40,84,12,96,190,22,212,449,45,494,646,61,707,267,31,298,30,2,32,181,11,192,188,24,212,13,,13,29,4,33,89,6,95,809,128,937,65,7,72,69,2,71,41,2,43,126,12,138,47265,3737,51002,0,0,0,47265,3737,51002,,,
2024-04,213,16,229,121,5,126,50,2,52,76,7,83,17,2,19,306,23,329,60,8,68,372,44,416,583,80,663,254,22,276,119,8,127,928,47,975,62,4,66,70,11,81,53,1,54,79,5,84,540,42,582,222,10,232,143,15,158,25,3,28,182,16,198,85,5,90,636,52,688,380,53,433,62,6,68,1483,72,1555,17,1,18,157,15,172,611,45,656,492,34,526,12,2,14,1076,79,1155,48,4,52,2145,155,2300,319,26,345,230,10,240,447,54,501,115,11,126,611,36,647,24,2,26,379,33,412,86,12,98,140,17,157,305,35,340,2467,117,2584,140,17,157,127,15,142,745,36,781,858,92,950,86,3,89,10,2,12,352,45,397,144,10,154,198,11,209,81,7,88,100,13,113,368,44,412,864,90,954,383,50,433,157,23,180,4377,184,4561,94,9,103,16,,16,538,34,572,382,51,433,208,21,229,114,17,131,2392,186,2578,126,17,143,692,62,754,41,3,44,193,22,215,92,4,96,161,13,174,50,4,54,755,61,816,766,66,832,75,4,79,253,26,279,55,2,57,101,8,109,120,10,130,76,3,79,40,1,41,176,12,188,80,12,92,48,7,55,251,31,282,78,3,81,228,17,245,37,1,38,54,7,61,430,21,451,74,10,84,41,2,43,146,15,161,20,2,22,171,6,177,75,3,78,130,4,134,38,,38,155,15,170,202,35,237,31,5,36,126,13,139,291,39,330,1093,65,1158,680,57,737,55,5,60,61,7,68,235,26,261,76,4,80,105,16,121,112,6,118,37,4,41,206,18,224,37,1,38,151,8,159,9,,9,58,9,67,44,,44,1657,115,1772,479,44,523,19,1,20,105,6,111,68,5,73,480,44,524,120,7,127,28,3,31,197,16,213,25,2,27,18,1,19,205,25,230,54,3,57,99,9,108,58,4,62,223,9,232,328,13,341,275,15,290,62,17,79,60,9,69,609,56,665,59,2,61,39,2,41,85,13,98,182,20,202,447,43,490,648,61,709,259,28,287,30,2,32,179,11,190,189,25,214,13,,13,29,5,34,90,5,95,810,128,938,63,7,70,65,2,67,40,2,42,127,11,138,47496,3770,51266,0,0,0,47496,3770,51266,,,
2024-05,224,14,238,118,7,125,52,2,54,78,7,85,18,2,20,302,24,326,61,10,71,370,43,413,576,77,653,249,23,272,120,9,129,930,46,976,60,4,64,67,12,79,53,1,54,78,6,84,543,48,591,225,12,237,142,14,156,24,3,27,188,16,204,84,5,89,644,53,697,383,51,434,60,6,66,1480,72,1552,14,1,15,158,13,171,625,44,669,495,38,533,12,,12,1092,82,1174,45,4,49,2153,162,2315,325,23,348,224,8,232,455,56,511,113,11,124,607,38,645,23,2,25,387,34,421,87,12,99,140,22,162,308,33,341,2484,117,2601,138,18,156,128,17,145,744,36,780,854,88,942,86,3,89,10,2,12,357,41,398,144,12,156,199,12,211,82,6,88,96,13,109,372,44,416,883,89,972,393,54,447,165,18,183,4389,191,4580,101,10,111,16,,16,536,34,570,391,50,441,202,22,224,114,17,131,2392,179,2571,128,17,145,697,60,757,41,3,44,190,23,213,91,4,95,165,14,179,48,4,52,745,63,808,791,71,862,75,3,78,250,29,279,55,1,56,98,9,107,120,10,130,71,3,74,42,1,43,176,11,187,83,13,96,46,7,53,244,29,273,77,3,80,238,17,255,35,2,37,59,7,66,426,21,447,73,10,83,40,2,42,140,16,156,23,2,25,173,7,180,77,4,81,137,4,141,39,,39,159,15,174,205,35,240,31,5,36,115,11,126,294,40,334,1092,66,1158,678,55,733,57,5,62,59,5,64,236,25,261,72,4,76,103,16,119,116,6,122,35,5,40,213,18,231,38,,38,154,10,164,9,,9,56,11,67,45,,45,1654,107,1761,487,42,529,19,1,20,99,7,106,63,5,68,464,42,506,114,6,120,27,3,30,204,16,220,24,2,26,16,1,17,207,28,235,55,3,58,99,10,109,58,4,62,227,8,235,333,13,346,280,13,293,65,17,82,57,9,66,613,58,671,60,3,63,38,2,40,85,13,98,188,21,209,442,46,488,641,65,706,252,30,282,28,1,29,179,10,189,188,25,213,12,,12,29,5,34,94,5,99,823,127,950,64,8,72,69,1,70,40,1,41,124,11,135,47649,3794,51443,0,0,0,47649,3794,51443,,,
2024-06,215,15,230,120,6,126,51,2,53,79,6,85,18,2,20,303,25,328,65,9,74,381,43,424,583,78,661,245,27,272,122,8,130,928,45,973,61,4,65,70,13,83,52,1,53,75,6,81,549,47,596,224,9,233,141,13,154,23,2,25,189,17,206,83,5,88,649,54,703,385,54,439,60,6,66,1475,73,1548,16,1,17,151,13,164,623,41,664,499,38,537,13,,13,1091,82,1173,45,3,48,2149,149,2298,322,23,345,228,8,236,466,52,518,115,9,124,610,37,647,23,2,25,395,38,433,89,13,102,144,20,164,310,29,339,2495,114,2609,133,15,148,130,17,147,742,37,779,842,86,928,90,3,93,10,2,12,365,40,405,143,13,156,204,12,216,85,6,91,96,14,110,371,46,417,890,95,985,392,52,444,165,20,185,4446,196,4642,103,10,113,14,,14,550,34,584,391,53,444,201,22,223,120,16,136,2389,178,2567,128,18,146,700,62,762,42,2,44,181,21,202,92,5,97,166,13,179,48,4,52,729,63,792,791,74,865,84,4,88,249,28,277,55,1,56,104,9,113,123,10,133,72,3,75,45,1,46,182,11,193,81,12,93,49,7,56,243,25,268,77,3,80,242,17,259,33,2,35,64,6,70,432,22,454,70,11,81,40,1,41,136,15,151,23,2,25,173,7,180,78,4,82,139,3,142,36,,36,161,15,176,203,37,240,31,6,37,124,11,135,293,37,330,1103,63,1166,673,53,726,55,4,59,53,6,59,242,25,267,72,4,76,102,16,118,118,5,123,35,4,39,209,18,227,42,,42,149,10,159,9,,9,58,9,67,46,,46,1656,105,1761,482,46,528,18,1,19,99,7,106,63,5,68,470,44,514,117,6,123,30,3,33,206,14,220,24,2,26,17,1,18,205,29,234,54,3,57,102,9,111,56,4,60,220,8,228,321,13,334,276,15,291,61,16,77,56,7,63,614,58,672,59,2,61,42,2,44,84,12,96,184,22,206,433,43,476,641,66,707,276,32,308,28,2,30,177,11,188,195,20,215,12,,12,31,5,36,95,5,100,825,128,953,64,8,72,68,2,70,38,1,39,119,10,129,47805,3765,51570,0,0,0,47805,3765,51570,,,
2024-07,218,17,235,124,8,132,48,1,49,78,7,85,16,3,19,303,24,327,68,11,79,385,39,424,572,78,650,253,26,279,128,8,136,930,43,973,63,5,68,68,12,80,52,1,53,76,6,82,545,45,590,212,8,220,140,12,152,23,2,25,189,17,206,80,5,85,636,51,687,384,53,437,61,6,67,1463,71,1534,12,1,13,155,13,168,624,40,664,499,38,537,14,,14,1090,81,1171,42,3,45,2158,153,2311,324,18,342,228,9,237,464,55,519,121,9,130,605,37,642,24,2,26,389,37,426,86,11,97,137,22,159,312,29,341,2478,118,2596,132,16,148,129,16,145,734,35,769,849,87,936,90,2,92,10,2,12,357,41,398,138,14,152,203,14,217,81,6,87,99,14,113,377,45,422,899,91,990,388,53,441,169,23,192,4477,198,4675,104,10,114,15,,15,551,32,583,390,56,446,203,27,230,116,18,134,2374,180,2554,130,18,148,697,64,761,42,2,44,175,19,194,91,5,96,163,12,175,49,5,54,726,64,790,798,71,869,81,3,84,251,27,278,57,1,58,100,9,109,120,8,128,76,3,79,46,1,47,179,11,190,80,12,92,46,7,53,253,25,278,76,3,79,242,18,260,36,2,38,68,6,74,435,22,457,72,11,83,40,2,42,136,15,151,22,2,24,169,7,176,81,4,85,147,4,151,32,,32,163,16,179,202,38,240,34,6,40,122,11,133,300,38,338,1120,64,1184,680,51,731,52,4,56,52,7,59,241,24,265,74,4,78,105,14,119,113,5,118,36,5,41,204,19,223,42,,42,157,10,167,10,,10,58,10,68,45,,45,1659,102,1761,472,43,515,18,1,19,94,7,101,65,4,69,470,44,514,116,4,120,30,3,33,201,14,215,24,2,26,16,1,17,213,24,237,53,3,56,99,11,110,54,4,58,222,7,229,327,13,340,281,13,294,59,15,74,56,7,63,609,52,661,64,3,67,41,2,43,85,12,97,192,21,213,424,43,467,635,64,699,269,33,302,27,2,29,177,10,187,199,23,222,12,,12,33,7,40,95,5,100,811,119,930,63,8,71,70,2,72,39,1,40,119,9,128,47781,3742,51523,0,0,0,47781,3742,51523,,,
2024-08,228,17,245,123,5,128,48,1,49,77,8,85,15,3,18,307,23,330,66,13,79,384,40,424,574,75,649,250,26,276,125,8,133,942,42,984,59,5,64,68,12,80,55,1,56,78,6,84,544,43,587,212,9,221,140,15,155,22,1,23,188,16,204,84,7,91,646,55,701,371,51,422,64,8,72,1451,73,1524,14,,14,155,14,169,623,36,659,505,42,547,13,,13,1106,80,1186,43,3,46,2157,155,2312,312,21,333,222,8,230,466,54,520,123,9,132,620,39,659,24,2,26,393,34,427,90,11,101,142,23,165,302,30,332,2518,119,2637,131,17,148,129,15,144,746,35,781,830,90,920,88,2,90,9,2,11,349,41,390,141,14,155,209,15,224,83,6,89,101,12,113,370,42,412,895,95,990,399,51,450,168,23,191,4477,202,4679,108,10,118,14,,14,553,34,587,389,53,442,206,27,233,118,18,136,2354,185,2539,128,17,145,711,64,775,42,2,44,180,19,199,94,5,99,167,10,177,47,6,53,708,62,770,809,75,884,82,4,86,255,24,279,54,2,56,99,10,109,119,7,126,75,4,79,45,1,46,175,11,186,80,11,91,46,7,53,250,24,274,73,3,76,244,19,263,34,2,36,62,7,69,436,21,457,73,11,84,44,2,46,139,15,154,23,2,25,165,7,172,80,4,84,146,3,149,32,,32,162,16,178,202,37,239,34,7,41,128,13,141,298,40,338,1109,62,1171,678,52,730,53,2,55,49,5,54,239,26,265,77,4,81,109,14,123,114,6,120,36,4,40,200,16,216,47,,47,155,11,166,12,,12,58,9,67,48,,48,1639,98,1737,467,44,511,19,1,20,99,7,106,65,5,70,467,48,515,119,4,123,29,3,32,195,11,206,26,2,28,16,1,17,216,24,240,53,4,57,101,11,112,51,4,55,218,7,225,334,13,347,281,13,294,59,16,75,55,7,62,614,49,663,63,2,65,39,3,42,87,11,98,196,21,217,419,44,463,624,65,689,257,31,288,28,2,30,177,10,187,199,22,221,12,,12,30,7,37,97,5,102,807,116,923,64,8,72,67,2,69,36,1,37,121,10,131,47787,3749,51536,0,0,0,47787,3749,51536,,,
2024-09,216,16,232,122,8,130,46,3,49,83,8,91,18,2,20,311,25,336,63,12,75,391,38,429,563,81,644,249,22,271,127,9,136,949,44,993,58,4,62,67,12,79,56,1,57,78,5,83,549,46,595,212,8,220,138,15,153,23,1,24,188,16,204,78,7,85,655,54,709,375,54,429,62,8,70,1447,73,1520,13,,13,158,13,171,620,36,656,511,39,550,14,,14,1099,80,1179,41,3,44,2142,156,2298,327,22,349,221,7,228,468,51,519,125,10,135,625,37,662,24,2,26,390,32,422,89,11,100,138,19,157,302,31,333,2527,126,2653,132,17,149,130,15,145,739,35,774,837,87,924,85,2,87,10,2,12,340,42,382,139,14,153,210,15,225,85,7,92,104,12,116,378,42,420,899,99,998,398,51,449,175,25,200,4493,207,4700,107,11,118,13,,13,554,34,588,383,56,439,202,25,227,123,18,141,2390,189,2579,124,18,142,709,63,772,41,2,43,179,21,200,98,5,103,165,9,174,49,7,56,722,61,783,812,79,891,80,4,84,256,26,282,53,1,54,100,10,110,118,5,123,71,4,75,45,1,46,179,9,188,82,10,92,46,7,53,246,25,271,74,3,77,245,18,263,37,1,38,65,7,72,434,21,455,72,13,85,44,2,46,134,15,149,21,2,23,166,6,172,80,4,84,144,4,148,33,,33,159,15,174,205,37,242,34,9,43,121,13,134,297,45,342,1119,62,1181,675,52,727,57,4,61,51,6,57,233,25,258,79,4,83,111,15,126,114,7,121,36,3,39,205,16,221,45,,45,155,11,166,10,,10,57,9,66,49,,49,1646,98,1744,467,40,507,18,1,19,100,7,107,64,5,69,463,49,512,119,4,123,27,3,30,204,10,214,26,3,29,16,1,17,217,23,240,52,4,56,100,10,110,53,4,57,227,9,236,333,13,346,277,12,289,58,17,75,57,5,62,617,47,664,64,2,66,42,4,46,89,11,100,202,22,224,421,42,463,650,70,720,268,31,299,29,2,31,171,10,181,202,24,226,14,,14,32,7,39,95,5,100,806,119,925,65,8,73,67,2,69,35,1,36,116,10,126,47929,3783,51712,0,0,0,47929,3783,51712,,,
2024-10,218,17,235,121,6,127,49,3,52,84,8,92,18,1,19,304,30,334,67,13,80,393,42,435,566,77,643,254,24,278,122,8,130,953,48,1001,60,5,65,65,13,78,55,1,56,79,4,83,548,49,597,213,10,223,135,17,152,20,1,21,186,16,202,80,6,86,656,55,711,372,57,429,60,8,68,1437,72,1509,12,,12,153,14,167,630,42,672,512,40,552,13,,13,1095,85,1180,40,3,43,2125,158,2283,317,20,337,218,7,225,464,52,516,126,10,136,628,38,666,26,2,28,393,36,429,88,10,98,139,22,161,301,29,330,2533,129,2662,131,17,148,132,14,146,734,34,768,850,88,938,84,2,86,9,2,11,336,42,378,143,14,157,211,14,225,85,8,93,104,13,117,377,43,420,899,99,998,389,50,439,169,23,192,4536,219,4755,107,11,118,13,,13,546,34,580,378,56,434,210,27,237,121,18,139,2363,184,2547,123,19,142,724,60,784,40,1,41,178,22,200,98,7,105,167,9,176,52,7,59,733,61,794,831,79,910,81,3,84,257,26,283,55,2,57,99,11,110,119,5,124,80,4,84,45,1,46,178,10,188,84,10,94,46,7,53,249,25,274,74,3,77,248,19,267,35,1,36,66,7,73,427,21,448,76,13,89,45,2,47,132,15,147,21,2,23,164,5,169,77,4,81,145,3,148,35,,35,168,15,183,209,38,247,33,8,41,121,12,133,310,45,355,1112,67,1179,682,55,737,55,5,60,52,7,59,231,22,253,73,4,77,105,14,119,115,7,122,36,3,39,201,16,217,44,,44,153,12,165,12,,12,58,8,66,47,,47,1633,96,1729,456,38,494,18,1,19,96,7,103,64,5,69,462,51,513,119,5,124,29,3,32,204,9,213,28,3,31,17,1,18,220,23,243,50,4,54,98,11,109,52,4,56,229,10,239,332,15,347,280,14,294,60,17,77,55,4,59,622,47,669,65,3,68,40,4,44,85,11,96,202,21,223,415,41,456,657,66,723,266,29,295,26,1,27,169,10,179,200,22,222,14,,14,31,7,38,98,5,103,807,115,922,64,7,71,70,2,72,37,1,38,115,10,125,47941,3825,51766,0,0,0,47941,3825,51766,,,
2024-11,220,14,234,125,7,132,46,3,49,84,8,92,20,1,21,308,31,339,66,13,79,386,41,427,569,75,644,252,25,277,123,8,131,939,48,987,56,5,61,64,12,76,50,2,52,83,4,87,560,46,606,212,8,220,137,16,153,20,1,21,184,16,200,86,6,92,650,57,707,370,61,431,56,6,62,1424,70,1494,12,,12,158,15,173,633,39,672,505,37,542,12,,12,1105,83,1188,43,3,46,2110,159,2269,311,22,333,214,6,220,474,54,528,123,10,133,627,40,667,25,2,27,387,37,424,88,11,99,142,22,164,306,27,333,2563,127,2690,125,17,142,135,13,148,729,32,761,827,90,917,86,2,88,10,2,12,357,42,399,139,15,154,210,16,226,84,8,92,103,13,116,379,38,417,890,98,988,398,50,448,162,21,183,4574,222,4796,109,11,120,15,,15,548,34,582,378,54,432,209,27,236,122,19,141,2349,177,2526,124,19,143,714,59,773,41,1,42,175,22,197,102,7,109,165,9,174,48,7,55,730,63,793,832,78,910,81,3,84,254,26,280,54,3,57,96,10,106,115,6,121,79,4,83,43,1,44,181,12,193,82,10,92,46,7,53,249,24,273,70,3,73,252,19,271,32,1,33,68,6,74,440,23,463,75,12,87,43,2,45,135,14,149,21,2,23,161,6,167,79,3,82,145,3,148,35,,35,167,14,181,201,39,240,31,8,39,125,12,137,304,46,350,1129,67,1196,676,53,729,58,6,64,51,4,55,245,25,270,76,4,80,101,15,116,114,7,121,37,3,40,198,16,214,46,,46,152,12,164,11,,11,57,9,66,47,,47,1622,93,1715,454,36,490,20,1,21,93,7,100,66,5,71,467,53,520,118,7,125,28,3,31,201,8,209,26,2,28,16,1,17,216,23,239,50,4,54,98,12,110,51,3,54,229,10,239,330,17,347,283,12,295,60,16,76,53,4,57,608,49,657,61,3,64,42,4,46,83,8,91,202,21,223,410,41,451,662,64,726,266,29,295,27,2,29,175,11,186,196,22,218,15,,15,31,7,38,96,6,102,807,117,924,60,5,65,68,2,70,36,1,37,116,10,126,47901,3803,51704,0,0,0,47901,3803,51704,,,
2024-12,221,17,238,130,8,138,47,4,51,83,8,91,18,1,19,308,32,340,68,12,80,388,38,426,569,76,645,251,24,275,122,9,131,946,47,993,59,5,64,64,12,76,55,2,57,83,4,87,573,47,620,208,7,215,138,16,154,22,1,23,184,16,200,83,5,88,640,61,701,371,65,436,56,6,62,1425,69,1494,13,,13,161,15,176,637,42,679,508,35,543,12,1,13,1111,82,1193,42,3,45,2129,158,2287,326,21,347,217,5,222,474,57,531,123,9,132,633,41,674,28,2,30,383,37,420,87,10,97,139,20,159,319,28,347,2555,127,2682,125,18,143,131,13,144,731,30,761,844,86,930,86,2,88,11,2,13,360,43,403,139,14,153,202,16,218,84,8,92,103,14,117,377,41,418,904,99,1003,400,51,451,169,22,191,4588,233,4821,108,11,119,14,,14,557,35,592,383,52,435,211,26,237,125,17,142,2342,179,2521,123,18,141,724,58,782,43,1,44,174,22,196,100,8,108,168,9,177,47,8,55,721,61,782,828,81,909,82,5,87,248,25,273,51,2,53,95,9,104,113,6,119,84,4,88,43,1,44,173,12,185,80,11,91,49,8,57,249,24,273,68,3,71,254,20,274,36,1,37,68,6,74,439,22,461,74,12,86,42,2,44,137,13,150,20,2,22,160,6,166,81,3,84,142,2,144,36,1,37,165,14,179,201,38,239,30,8,38,122,11,133,310,42,352,1133,67,1200,674,51,725,58,7,65,52,4,56,246,24,270,77,4,81,102,15,117,115,9,124,34,3,37,200,18,218,46,,46,150,12,162,12,,12,55,8,63,44,,44,1620,92,1712,449,36,485,19,1,20,91,7,98,62,5,67,473,54,527,121,9,130,27,3,30,198,8,206,24,2,26,18,2,20,213,24,237,51,4,55,102,10,112,49,3,52,231,10,241,329,18,347,287,11,298,59,15,74,57,4,61,591,46,637,58,2,60,45,4,49,81,9,90,201,20,221,404,39,443,662,63,725,263,29,292,28,1,29,174,12,186,195,22,217,14,,14,29,7,36,96,5,101,804,118,922,60,5,65,67,2,69,35,1,36,117,10,127,47985,3811,51796,0,0,0,47985,3811,51796,,,
2025-01,221,13,234,126,8,134,49,4,53,82,8,90,17,1,18,310,32,342,67,11,78,393,38,431,559,77,636,247,24,271,123,10,133,952,46,998,58,6,64,62,14,76,58,2,60,84,4,88,571,48,619,207,6,213,137,15,152,22,1,23,179,17,196,84,6,90,627,63,690,366,67,433,55,6,61,1421,70,1491,15,,15,157,15,172,631,45,676,514,35,549,11,1,12,1104,83,1187,41,3,44,2140,161,2301,319,21,340,212,5,217,477,61,538,124,9,133,644,40,684,27,2,29,379,37,416,85,10,95,131,21,152,309,29,338,2568,125,2693,127,18,145,130,14,144,725,30,755,834,87,921,86,2,88,11,1,12,367,44,411,137,15,152,207,15,222,86,8,94,103,14,117,379,41,420,901,97,998,409,54,463,175,20,195,4596,235,4831,103,10,113,14,,14,564,32,596,378,55,433,205,25,230,121,16,137,2314,177,2491,122,21,143,724,59,783,45,1,46,173,22,195,105,7,112,160,8,168,46,9,55,722,62,784,822,82,904,83,5,88,254,27,281,51,3,54,92,9,101,110,7,117,87,3,90,44,1,45,169,12,181,84,10,94,52,8,60,243,25,268,73,4,77,252,19,271,33,1,34,67,6,73,439,25,464,73,14,87,43,2,45,136,12,148,21,2,23,159,6,165,79,3,82,150,3,153,36,1,37,166,13,179,204,39,243,31,8,39,121,10,131,305,37,342,1133,66,1199,682,53,735,54,7,61,52,3,55,244,22,266,76,4,80,103,16,119,114,8,122,34,3,37,203,19,222,45,,45,146,12,158,13,,13,56,8,64,43,,43,1642,94,1736,434,37,471,21,1,22,92,7,99,62,7,69,477,54,531,117,8,125,27,3,30,198,8,206,27,2,29,17,3,20,224,26,250,48,4,52,105,10,115,50,3,53,231,10,241,328,18,346,287,13,300,56,14,70,56,4,60,587,47,634,59,3,62,45,4,49,81,8,89,198,19,217,396,40,436,659,63,722,262,31,293,27,2,29,179,11,190,195,20,215,13,1,14,30,6,36,97,5,102,808,114,922,69,6,75,69,2,71,34,1,35,122,10,132,47940,3836,51776,0,0,0,47940,3836,51776,,,
2025-02,219,15,234,125,7,132,47,4,51,79,6,85,17,2,19,305,33,338,68,11,79,390,38,428,555,76,631,244,22,266,130,10,140,941,47,988,58,5,63,65,13,78,55,2,57,89,5,94,573,46,619,207,6,213,137,17,154,22,1,23,179,16,195,88,6,94,626,60,686,366,63,429,64,7,71,1415,69,1484,14,,14,167,22,189,635,44,679,520,35,555,12,1,13,1106,81,1187,42,3,45,2113,157,2270,320,23,343,209,6,215,474,57,531,126,10,136,661,38,699,27,2,29,376,38,414,83,11,94,134,21,155,309,35,344,2580,127,2707,130,17,147,128,13,141,734,30,764,840,87,927,87,1,88,11,1,12,374,44,418,137,16,153,211,16,227,86,8,94,100,14,114,381,43,424,899,95,994,404,53,457,175,22,197,4645,238,4883,109,11,120,14,,14,564,31,595,372,57,429,205,25,230,114,16,130,2318,169,2487,121,17,138,724,61,785,47,2,49,169,25,194,102,8,110,156,8,164,47,9,56,712,60,772,840,83,923,77,5,82,256,25,281,54,3,57,92,9,101,109,7,116,83,3,86,40,1,41,164,11,175,85,11,96,53,6,59,246,24,270,71,5,76,256,18,274,34,1,35,65,6,71,439,26,465,75,13,88,41,2,43,137,12,149,21,2,23,159,6,165,82,3,85,157,4,161,35,1,36,167,13,180,204,40,244,33,7,40,120,10,130,306,40,346,1145,66,1211,675,49,724,55,7,62,52,4,56,245,22,267,74,3,77,102,15,117,119,10,129,36,5,41,196,17,213,44,1,45,142,10,152,11,,11,56,8,64,42,2,44,1660,100,1760,434,34,468,22,1,23,91,7,98,64,8,72,475,54,529,117,7,124,26,3,29,198,9,207,28,2,30,19,3,22,219,28,247,49,4,53,113,9,122,50,3,53,229,9,238,328,17,345,290,12,302,57,15,72,59,4,63,586,45,631,57,3,60,43,4,47,78,8,86,199,18,217,402,41,443,650,63,713,258,31,289,27,2,29,183,10,193,195,20,215,13,1,14,31,6,37,94,6,100,815,120,935,69,6,75,68,2,70,35,1,36,115,10,125,48029,3837,51866,0,0,0,48029,3837,51866,,,
2025-03,222,12,234,122,8,130,45,4,49,82,5,87,19,2,21,305,35,340,70,11,81,384,38,422,551,77,628,245,23,268,127,10,137,944,48,992,63,5,68,62,13,75,56,3,59,89,5,94,577,45,622,208,6,214,138,17,155,22,1,23,177,17,194,89,7,96,633,60,693,364,69,433,60,7,67,1427,70,1497,15,,15,165,23,188,634,43,677,517,34,551,12,1,13,1128,87,1215,43,3,46,2115,162,2277,320,21,341,203,6,209,481,58,539,131,10,141,683,38,721,31,2,33,373,37,410,86,11,97,137,20,157,310,37,347,2593,127,2720,126,16,142,135,12,147,730,30,760,840,83,923,81,1,82,12,1,13,364,44,408,137,16,153,213,16,229,88,8,96,99,14,113,389,50,439,900,92,992,420,53,473,174,20,194,4668,235,4903,112,11,123,12,,12,567,31,598,372,56,428,212,25,237,112,14,126,2353,170,2523,118,18,136,723,60,783,46,3,49,162,22,184,106,6,112,157,9,166,49,9,58,715,64,779,844,80,924,77,4,81,257,26,283,51,2,53,94,8,102,112,7,119,84,3,87,40,1,41,164,11,175,84,13,97,55,7,62,245,24,269,76,6,82,258,19,277,34,1,35,66,6,72,438,27,465,82,14,96,46,2,48,136,11,147,20,1,21,166,6,172,83,4,87,151,4,155,39,1,40,165,12,177,199,36,235,31,9,40,116,11,127,302,38,340,1144,68,1212,671,53,724,55,7,62,54,2,56,245,23,268,76,3,79,99,14,113,122,8,130,34,5,39,193,16,209,44,1,45,140,9,149,12,,12,59,8,67,40,2,42,1663,100,1763,443,35,478,22,1,23,87,7,94,68,6,74,487,53,540,116,6,122,27,3,30,200,9,209,29,2,31,18,3,21,210,28,238,51,5,56,112,8,120,48,3,51,230,10,240,319,16,335,289,12,301,59,15,74,55,3,58,586,49,635,53,4,57,44,3,47,78,11,89,194,19,213,393,38,431,648,65,713,257,32,289,28,2,30,178,9,187,190,21,211,13,1,14,27,7,34,96,7,103,804,119,923,70,5,75,67,2,69,38,1,39,120,10,130,48170,3850,52020,0,0,0,48170,3850,52020,,,
2025-04,237,13,250,125,9,134,42,4,46,81,5,86,19,2,21,303,35,338,76,9,85,384,39,423,570,75,645,241,22,263,123,12,135,937,48,985,63,5,68,63,13,76,59,3,62,93,5,98,586,42,628,207,6,213,143,17,160,23,1,24,182,18,200,94,7,101,636,58,694,371,72,443,60,7,67,1413,69,1482,15,,15,160,23,183,631,43,674,516,40,556,13,1,14,1127,90,1217,45,3,48,2113,158,2271,314,22,336,208,7,215,482,60,542,135,8,143,686,40,726,32,2,34,376,42,418,89,9,98,140,21,161,316,35,351,2590,139,2729,123,15,138,130,12,142,737,30,767,846,83,929,81,2,83,12,1,13,373,43,416,137,15,152,215,16,231,87,8,95,104,18,122,379,48,427,910,92,1002,416,57,473,182,21,203,4680,238,4918,109,10,119,13,,13,558,31,589,371,60,431,211,24,235,115,12,127,2376,170,2546,113,16,129,732,62,794,45,3,48,159,20,179,105,6,111,149,9,158,53,9,62,704,62,766,863,83,946,80,5,85,260,28,288,51,4,55,98,8,106,109,7,116,85,5,90,43,1,44,167,10,177,89,13,102,57,7,64,252,25,277,77,6,83,259,20,279,37,1,38,66,6,72,443,26,469,83,14,97,46,3,49,139,11,150,20,1,21,164,6,170,81,4,85,152,4,156,39,1,40,162,12,174,199,34,233,31,9,40,125,8,133,296,38,334,1156,70,1226,667,52,719,56,5,61,52,2,54,250,23,273,73,3,76,96,15,111,125,10,135,33,5,38,190,17,207,43,1,44,138,9,147,12,,12,60,8,68,39,2,41,1661,101,1762,435,34,469,20,1,21,87,8,95,67,8,75,483,55,538,117,7,124,26,3,29,195,8,203,27,3,30,18,3,21,220,26,246,52,6,58,112,9,121,49,3,52,226,10,236,314,16,330,293,14,307,61,14,75,60,3,63,580,47,627,51,4,55,43,4,47,75,11,86,196,19,215,393,38,431,663,61,724,251,30,281,29,2,31,178,9,187,192,21,213,14,1,15,29,5,34,98,7,105,807,120,927,68,4,72,70,2,72,38,1,39,124,10,134,48329,3882,52211,0,0,0,48329,3882,52211,,,
2025-05,242,14,256,123,7,130,45,4,49,81,6,87,17,2,19,299,33,332,75,12,87,375,39,414,575,76,651,244,21,265,124,13,137,951,48,999,64,5,69,67,12,79,55,3,58,95,5,100,583,44,627,204,7,211,148,17,165,24,1,25,182,19,201,96,7,103,637,57,694,363,73,436,58,9,67,1415,70,1485,16,,16,165,21,186,646,51,697,515,35,550,13,1,14,1131,91,1222,45,2,47,2130,161,2291,309,26,335,207,6,213,491,59,550,133,8,141,702,44,746,30,2,32,373,40,413,89,12,101,138,23,161,317,36,353,2619,133,2752,129,15,144,134,15,149,742,30,772,846,82,928,78,2,80,12,1,13,363,41,404,139,16,155,210,15,225,89,8,97,104,18,122,393,48,441,917,91,1008,418,57,475,178,20,198,4738,244,4982,112,10,122,11,,11,563,32,595,364,56,420,218,24,242,113,13,126,2373,170,2543,113,16,129,740,61,801,45,3,48,157,20,177,103,8,111,149,9,158,53,9,62,702,69,771,883,82,965,76,5,81,274,30,304,53,4,57,98,8,106,117,7,124,86,5,91,40,1,41,171,10,181,90,13,103,54,7,61,267,25,292,75,6,81,263,21,284,41,1,42,67,6,73,448,26,474,82,15,97,45,3,48,143,12,155,20,1,21,165,7,172,78,5,83,160,5,165,39,1,40,173,14,187,209,30,239,32,9,41,124,9,133,294,41,335,1176,67,1243,685,61,746,57,6,63,53,2,55,254,20,274,77,3,80,97,13,110,121,11,132,33,6,39,194,17,211,47,1,48,144,11,155,12,,12,59,8,67,41,2,43,1704,105,1809,430,32,462,20,1,21,93,9,102,69,8,77,488,56,544,122,8,130,26,3,29,194,9,203,29,3,32,19,3,22,224,26,250,51,6,57,114,10,124,48,3,51,234,10,244,320,15,335,294,15,309,62,13,75,65,4,69,596,48,644,46,4,50,40,4,44,78,11,89,195,18,213,401,38,439,652,63,715,263,31,294,29,1,30,185,10,195,190,21,211,15,1,16,25,6,31,98,7,105,805,123,928,67,4,71,72,2,74,38,1,39,128,10,138,48763,3937,52700,0,0,0,48763,3937,52700,,,
2025-06,249,12,261,125,7,132,44,4,48,77,6,83,15,2,17,302,34,336,78,11,89,384,41,425,571,77,648,243,21,264,118,15,133,959,50,1009,66,6,72,68,12,80,56,3,59,98,6,104,576,42,618,214,8,222,152,15,167,23,1,24,183,20,203,94,6,100,642,61,703,360,72,432,61,8,69,1410,72,1482,14,,14,166,21,187,647,48,695,528,33,561,13,1,14,1141,88,1229,46,2,48,2138,164,2302,306,28,334,202,6,208,492,64,556,132,9,141,711,40,751,31,2,33,367,40,407,96,11,107,132,21,153,316,39,355,2634,134,2768,132,15,147,140,14,154,737,27,764,854,83,937,76,2,78,14,1,15,348,44,392,150,17,167,214,17,231,90,8,98,103,17,120,393,51,444,930,91,1021,409,56,465,182,21,203,4725,243,4968,112,10,122,11,,11,564,33,597,367,55,422,212,24,236,115,15,130,2395,170,2565,121,17,138,749,64,813,46,3,49,165,20,185,107,7,114,145,8,153,53,9,62,688,68,756,906,87,993,76,5,81,269,33,302,52,4,56,96,8,104,113,9,122,86,4,90,41,,41,169,11,180,93,13,106,51,7,58,271,26,297,73,6,79,260,20,280,40,1,41,63,6,69,445,28,473,85,15,100,44,3,47,143,13,156,20,1,21,164,7,171,80,6,86,158,6,164,38,2,40,178,13,191,204,31,235,32,9,41,121,9,130,301,44,345,1183,66,1249,681,63,744,58,6,64,52,2,54,248,19,267,73,3,76,100,12,112,121,11,132,35,6,41,197,20,217,49,2,51,136,12,148,11,,11,59,8,67,40,2,42,1693,105,1798,436,32,468,19,1,20,92,9,101,64,6,70,483,59,542,128,8,136,27,3,30,198,11,209,26,3,29,17,3,20,226,31,257,51,6,57,111,9,120,49,3,52,229,9,238,318,15,333,289,15,304,59,10,69,61,4,65,595,49,644,49,3,52,41,4,45,77,13,90,197,18,215,392,43,435,653,62,715,263,29,292,26,1,27,183,9,192,187,20,207,15,1,16,28,5,33,98,7,105,801,122,923,68,4,72,68,2,70,41,1,42,127,10,137,48827,3977,52804,0,0,0,48827,3977,52804,,,
2025-07,239,12,251,125,7,132,45,4,49,75,6,81,15,2,17,304,34,338,78,12,90,381,39,420,558,75,633,239,21,260,123,16,139,956,50,1006,64,6,70,67,11,78,58,3,61,98,7,105,578,43,621,215,8,223,150,17,167,27,1,28,186,20,206,99,7,106,658,62,720,369,77,446,61,9,70,1400,72,1472,13,,13,165,20,185,645,50,695,524,36,560,11,1,12,1148,88,1236,45,2,47,2136,160,2296,308,28,336,197,6,203,503,64,567,133,12,145,715,46,761,31,2,33,373,39,412,97,11,108,132,23,155,317,38,355,2672,135,2807,129,14,143,133,16,149,730,29,759,850,83,933,77,2,79,14,1,15,354,43,397,151,14,165,222,14,236,88,7,95,102,17,119,381,50,431,946,94,1040,400,58,458,176,20,196,4724,242,4966,118,10,128,11,,11,553,32,585,378,54,432,215,25,240,116,15,131,2397,169,2566,120,18,138,747,68,815,48,3,51,162,22,184,106,5,111,152,8,160,55,9,64,709,72,781,888,81,969,75,5,80,281,32,313,57,3,60,97,8,105,114,8,122,88,4,92,42,,42,163,11,174,95,14,109,54,8,62,271,23,294,75,5,80,258,20,278,39,,39,64,6,70,463,28,491,85,15,100,46,3,49,141,13,154,22,1,23,161,6,167,78,5,83,157,5,162,36,2,38,178,12,190,203,30,233,27,9,36,116,9,125,299,45,344,1192,65,1257,684,68,752,57,6,63,51,1,52,248,21,269,75,3,78,100,14,114,120,11,131,35,6,41,198,18,216,48,2,50,135,12,147,11,,11,57,6,63,39,2,41,1688,105,1793,427,33,460,16,2,18,93,10,103,66,8,74,482,59,541,126,9,135,26,3,29,199,11,210,27,3,30,16,3,19,230,33,263,49,6,55,120,11,131,46,3,49,222,10,232,317,15,332,289,17,306,60,12,72,62,5,67,585,51,636,53,3,56,39,3,42,75,13,88,202,17,219,394,43,437,657,70,727,267,33,300,28,1,29,180,10,190,181,20,201,16,1,17,24,5,29,102,7,109,788,114,902,66,4,70,67,2,69,39,1,40,139,10,149,48883,4008,52891,0,0,0,48883,4008,52891,,,
2025-08,231,12,243,124,9,133,44,4,48,76,6,82,13,2,15,308,33,341,85,13,98,384,44,428,547,72,619,241,22,263,123,16,139,956,52,1008,64,6,70,65,11,76,60,4,64,108,7,115,571,42,613,210,7,217,149,15,164,26,1,27,183,20,203,96,7,103,645,62,707,367,78,445,58,8,66,1396,70,1466,14,,14,167,21,188,655,49,704,513,37,550,12,1,13,1160,92,1252,44,3,47,2142,163,2305,306,27,333,203,8,211,501,63,564,131,13,144,722,46,768,31,2,33,369,38,407,98,11,109,134,26,160,313,39,352,2671,137,2808,124,14,138,131,15,146,724,28,752,853,85,938,73,2,75,13,1,14,344,41,385,149,14,163,220,17,237,87,8,95,105,17,122,383,50,433,947,89,1036,404,55,459,178,21,199,4712,245,4957,118,9,127,11,,11,557,34,591,371,51,422,215,25,240,117,15,132,2420,169,2589,120,19,139,751,66,817,47,3,50,165,21,186,105,5,110,156,10,166,52,7,59,698,72,770,906,85,991,77,5,82,281,32,313,58,3,61,96,8,104,115,7,122,91,5,96,42,,42,160,11,171,96,14,110,55,7,62,269,23,292,77,5,82,258,20,278,43,,43,65,6,71,459,27,486,86,15,101,47,3,50,135,12,147,21,1,22,167,6,173,76,5,81,153,6,159,36,2,38,182,13,195,200,27,227,28,8,36,121,8,129,294,44,338,1185,64,1249,682,71,753,58,6,64,51,2,53,264,20,284,73,3,76,99,16,115,116,9,125,34,6,40,192,17,209,52,2,54,137,11,148,11,,11,54,6,60,40,2,42,1690,105,1795,425,31,456,16,2,18,90,8,98,67,7,74,478,57,535,129,9,138,24,3,27,196,12,208,27,3,30,16,3,19,239,32,271,46,6,52,121,12,133,46,3,49,221,10,231,316,14,330,293,19,312,54,11,65,64,4,68,584,48,632,55,3,58,37,3,40,77,14,91,205,17,222,391,41,432,651,68,719,263,31,294,27,2,29,179,9,188,183,21,204,16,1,17,23,5,28,102,6,108,775,106,881,64,5,69,64,2,66,40,1,41,131,10,141,48833,3994,52827,0,0,0,48833,3994,52827,,,
2025-09,246,12,258,128,8,136,42,4,46,79,6,85,13,3,16,314,32,346,90,13,103,401,44,445,552,70,622,239,22,261,128,16,144,963,51,1014,64,5,69,66,11,77,61,4,65,107,7,114,574,41,615,214,7,221,146,16,162,29,1,30,183,20,203,95,8,103,651,61,712,381,81,462,58,8,66,1410,72,1482,14,,14,171,21,192,654,51,705,519,32,551,12,1,13,1155,90,1245,45,3,48,2150,157,2307,306,29,335,200,7,207,507,67,574,134,13,147,713,53,766,30,2,32,375,37,412,97,12,109,130,27,157,323,39,362,2694,144,2838,125,13,138,129,16,145,725,29,754,860,87,947,74,2,76,13,1,14,344,43,387,148,15,163,221,16,237,87,7,94,106,18,124,373,47,420,945,94,1039,406,57,463,181,22,203,4758,250,5008,118,9,127,12,,12,567,33,600,362,48,410,215,26,241,121,13,134,2415,167,2582,124,20,144,756,68,824,50,3,53,164,20,184,110,7,117,158,10,168,55,7,62,697,76,773,916,85,1001,74,7,81,286,29,315,59,3,62,95,8,103,114,7,121,91,5,96,45,1,46,165,11,176,95,14,109,55,7,62,271,21,292,78,4,82,261,22,283,40,,40,67,7,74,467,28,495,90,15,105,44,3,47,137,13,150,21,1,22,168,8,176,79,5,84,159,5,164,33,2,35,186,13,199,203,29,232,32,7,39,126,9,135,298,42,340,1190,66,1256,678,73,751,57,6,63,57,2,59,267,21,288,73,3,76,98,17,115,120,12,132,36,5,41,187,17,204,49,2,51,136,10,146,10,,10,52,6,58,41,2,43,1695,103,1798,417,30,447,16,2,18,89,8,97,68,7,75,500,60,560,133,10,143,25,3,28,207,12,219,27,2,29,17,3,20,242,35,277,46,5,51,122,11,133,46,3,49,220,9,229,306,14,320,291,21,312,52,12,64,59,6,65,575,48,623,54,3,57,34,4,38,79,12,91,217,20,237,390,39,429,656,70,726,260,32,292,28,2,30,176,12,188,184,21,205,16,1,17,25,5,30,104,6,110,787,106,893,65,4,69,64,2,66,39,1,40,131,10,141,49150,4039,53189,0,0,0,49150,4039,53189,,,
2025-10,253,12,265,129,8,137,44,4,48,80,6,86,14,3,17,330,32,362,95,12,107,403,41,444,556,69,625,241,23,264,128,16,144,964,53,1017,62,6,68,69,12,81,63,4,67,112,8,120,576,37,613,211,7,218,148,16,164,30,1,31,182,18,200,91,8,99,643,56,699,386,76,462,59,8,67,1397,73,1470,15,,15,174,20,194,671,52,723,539,38,577,12,1,13,1162,94,1256,41,3,44,2165,153,2318,304,25,329,202,8,210,520,71,591,132,12,144,726,52,778,29,2,31,372,41,413,94,12,106,129,23,152,313,41,354,2691,147,2838,129,13,142,127,16,143,722,28,750,858,88,946,68,2,70,13,1,14,344,45,389,143,13,156,226,16,242,86,9,95,107,19,126,366,46,412,938,93,1031,406,55,461,181,19,200,4766,256,5022,121,9,130,13,,13,565,32,597,360,48,408,217,27,244,122,13,135,2438,169,2607,122,17,139,759,71,830,49,3,52,175,21,196,108,7,115,155,10,165,56,7,63,696,81,777,920,83,1003,72,7,79,282,30,312,56,3,59,95,9,104,118,7,125,92,4,96,43,2,45,166,9,175,96,14,110,55,6,61,272,21,293,79,4,83,265,22,287,41,1,42,67,7,74,470,27,497,88,16,104,44,3,47,141,14,155,19,1,20,170,6,176,80,5,85,158,7,165,33,2,35,184,12,196,209,28,237,31,7,38,127,8,135,310,43,353,1189,69,1258,672,77,749,58,5,63,57,2,59,272,22,294,71,3,74,97,17,114,117,11,128,35,5,40,190,18,208,53,4,57,137,11,148,10,,10,53,7,60,42,2,44,1696,103,1799,423,32,455,17,2,19,87,7,94,66,8,74,518,63,581,129,10,139,25,3,28,205,12,217,25,3,28,15,3,18,242,34,276,46,5,51,117,11,128,48,3,51,231,8,239,301,14,315,291,25,316,55,13,68,61,3,64,592,47,639,61,2,63,34,4,38,80,12,92,216,18,234,392,38,430,651,63,714,268,33,301,27,2,29,176,11,187,177,21,198,16,1,17,23,4,27,95,7,102,772,104,876,65,4,69,60,2,62,38,1,39,128,11,139,49298,4046,53344,0,0,0,49298,4046,53344,,,
2025-11,253,7,260,125,5,130,42,4,46,80,6,86,14,3,17,333,32,365,95,11,106,397,44,441,554,62,616,237,23,260,125,16,141,969,52,1021,63,6,69,67,12,79,60,4,64,109,9,118,582,37,619,213,7,220,148,17,165,30,1,31,182,18,200,98,7,105,645,56,701,389,78,467,62,8,70,1384,74,1458,15,,15,172,19,191,681,57,738,531,41,572,11,1,12,1158,93,1251,41,3,44,2185,156,2341,300,24,324,202,6,208,524,67,591,132,13,145,716,50,766,33,2,35,378,40,418,94,14,108,131,21,152,310,40,350,2681,152,2833,126,13,139,126,15,141,712,27,739,847,82,929,74,3,77,13,1,14,353,47,400,146,13,159,224,14,238,84,9,93,108,19,127,377,43,420,937,95,1032,405,56,461,176,19,195,4789,254,5043,119,11,130,13,,13,555,32,587,356,47,403,211,26,237,120,13,133,2395,173,2568,127,18,145,764,74,838,46,4,50,174,22,196,105,7,112,156,10,166,55,6,61,693,78,771,921,83,1004,71,7,78,273,30,303,61,3,64,96,9,105,117,7,124,94,4,98,44,3,47,161,8,169,97,14,111,51,7,58,279,22,301,80,4,84,266,23,289,44,1,45,72,7,79,479,26,505,91,16,107,41,3,44,138,12,150,19,1,20,175,6,181,80,4,84,159,11,170,35,3,38,183,12,195,208,28,236,30,8,38,124,8,132,306,44,350,1213,72,1285,671,77,748,61,4,65,58,2,60,274,22,296,69,2,71,96,16,112,120,10,130,35,5,40,191,18,209,53,4,57,135,10,145,10,,10,54,7,61,40,2,42,1700,108,1808,421,32,453,19,2,21,88,9,97,67,8,75,518,62,580,131,10,141,26,3,29,211,12,223,29,3,32,16,2,18,241,35,276,47,5,52,118,12,130,49,3,52,230,8,238,300,15,315,297,26,323,53,13,66,56,3,59,586,50,636,62,3,65,36,5,41,75,12,87,214,21,235,390,35,425,654,63,717,257,34,291,25,2,27,178,12,190,181,22,203,14,1,15,24,4,28,95,8,103,755,105,860,64,5,69,70,2,72,38,1,39,130,11,141,49277,4061,53338,0,0,0,49277,4061,53338,,,
2025-12,261,10,271,122,6,128,41,4,45,83,6,89,12,3,15,339,33,372,94,12,106,396,45,441,552,65,617,237,24,261,131,15,146,970,50,1020,61,6,67,68,11,79,64,4,68,109,9,118,580,38,618,214,8,222,145,17,162,30,1,31,184,17,201,92,7,99,635,52,687,388,78,466,62,8,70,1400,73,1473,16,,16,174,18,192,679,57,736,528,40,568,14,1,15,1158,87,1245,39,3,42,2180,154,2334,307,30,337,203,6,209,510,69,579,127,14,141,736,49,785,29,3,32,378,39,417,91,14,105,132,17,149,317,41,358,2706,155,2861,131,13,144,127,16,143,708,29,737,850,84,934,73,3,76,13,1,14,363,48,411,145,13,158,225,14,239,83,7,90,108,19,127,372,44,416,939,92,1031,404,57,461,174,18,192,4761,255,5016,118,10,128,12,,12,548,33,581,346,45,391,214,24,238,122,13,135,2445,180,2625,127,18,145,758,74,832,46,4,50,172,20,192,105,8,113,153,10,163,53,5,58,690,82,772,941,82,1023,71,7,78,272,29,301,58,3,61,94,9,103,117,7,124,97,4,101,44,3,47,162,10,172,97,13,110,51,7,58,277,22,299,83,4,87,261,22,283,43,1,44,71,7,78,476,27,503,92,15,107,45,3,48,140,12,152,20,2,22,175,6,181,82,4,86,158,10,168,37,3,40,183,14,197,212,27,239,32,7,39,124,10,134,312,43,355,1221,76,1297,686,78,764,59,5,64,57,1,58,282,26,308,69,2,71,97,18,115,116,12,128,34,5,39,187,17,204,51,4,55,133,10,143,10,,10,56,7,63,38,2,40,1704,108,1812,420,32,452,19,2,21,84,9,93,65,8,73,521,66,587,132,9,141,26,1,27,211,14,225,24,3,27,19,2,21,230,34,264,45,4,49,115,12,127,51,3,54,226,10,236,298,15,313,302,26,328,50,15,65,58,3,61,580,49,629,59,2,61,35,5,40,81,12,93,209,21,230,381,33,414,654,64,718,269,29,298,27,2,29,182,12,194,180,22,202,14,1,15,25,3,28,97,8,105,751,111,862,66,4,70,70,2,72,36,1,37,129,12,141,49347,4083,53430,0,0,0,49347,4083,53430,,,
2026-01,259,10,269,123,6,129,46,2,48,85,6,91,13,3,16,330,33,363,95,13,108,390,48,438,536,68,604,240,25,265,140,16,156,952,50,1002,63,6,69,70,12,82,65,4,69,116,9,125,571,38,609,216,8,224,149,17,166,31,1,32,183,17,200,91,7,98,632,53,685,380,70,450,60,8,68,1397,73,1470,15,,15,168,19,187,676,54,730,525,38,563,13,1,14,1155,90,1245,41,4,45,2159,145,2304,298,29,327,204,6,210,510,66,576,129,13,142,725,48,773,31,3,34,376,39,415,87,15,102,134,18,152,312,39,351,2722,153,2875,126,13,139,129,15,144,710,30,740,843,85,928,74,3,77,13,1,14,351,49,400,140,13,153,231,14,245,82,8,90,108,19,127,373,41,414,928,95,1023,396,56,452,180,16,196,4737,254,4991,117,10,127,12,,12,547,32,579,341,45,386,210,24,234,123,14,137,2444,179,2623,130,18,148,766,77,843,51,4,55,169,20,189,103,8,111,154,11,165,53,5,58,680,75,755,953,85,1038,69,7,76,277,28,305,57,3,60,95,9,104,116,8,124,97,4,101,44,3,47,151,9,160,92,12,104,48,7,55,274,22,296,84,4,88,254,21,275,42,1,43,66,8,74,477,27,504,93,14,107,42,3,45,139,13,152,24,3,27,172,6,178,81,5,86,154,10,164,33,3,36,189,14,203,209,24,233,33,7,40,118,10,128,313,46,359,1238,76,1314,688,76,764,55,5,60,56,2,58,279,29,308,67,2,69,94,21,115,115,10,125,32,5,37,184,16,200,49,4,53,135,10,145,9,,9,54,8,62,38,2,40,1708,110,1818,405,32,437,19,2,21,82,9,91,67,7,74,516,66,582,129,10,139,26,1,27,213,13,226,26,2,28,21,3,24,236,29,265,45,4,49,117,14,131,51,3,54,231,12,243,293,15,308,294,26,320,50,15,65,60,3,63,578,52,630,62,3,65,32,5,37,78,12,90,208,20,228,390,32,422,640,69,709,269,29,298,26,2,28,175,12,187,175,25,200,14,1,15,24,3,27,97,8,105,752,108,860,64,4,68,71,2,73,38,1,39,130,12,142,49135,4075,53210,0,0,0,49135,4075,53210,,,
2026-02,264,10,274,117,7,124,41,2,43,84,6,90,14,3,17,338,40,378,99,13,112,393,46,439,538,63,601,234,23,257,144,13,157,961,49,1010,63,5,68,71,11,82,65,4,69,115,11,126,566,38,604,211,9,220,151,18,169,31,1,32,181,17,198,93,7,100,636,52,688,391,68,459,61,9,70,1397,71,1468,15,,15,173,22,195,669,56,725,524,37,561,14,1,15,1151,87,1238,40,3,43,2184,149,2333,297,30,327,203,6,209,525,67,592,133,13,146,740,50,790,29,3,32,373,38,411,88,12,100,136,19,155,313,39,352,2730,159,2889,130,10,140,126,16,142,709,31,740,838,83,921,75,3,78,14,1,15,342,48,390,138,12,150,224,15,239,83,7,90,106,18,124,368,40,408,909,96,1005,395,56,451,175,15,190,4765,253,5018,119,11,130,13,,13,551,31,582,340,45,385,209,24,233,122,16,138,2427,177,2604,130,20,150,772,80,852,47,3,50,170,18,188,98,9,107,163,12,175,52,5,57,694,72,766,971,86,1057,71,7,78,276,27,303,57,3,60,93,9,102,116,7,123,92,5,97,46,3,49,148,9,157,93,12,105,50,7,57,275,23,298,83,4,87,267,22,289,43,1,44,65,8,73,479,27,506,94,13,107,40,3,43,139,13,152,22,3,25,166,6,172,82,4,86,152,10,162,34,3,37,190,16,206,205,25,230,32,6,38,132,10,142,309,42,351,1239,76,1315,689,71,760,56,6,62,59,2,61,286,27,313,69,2,71,96,20,116,117,12,129,32,5,37,178,18,196,52,4,56,138,10,148,10,,10,53,8,61,38,2,40,1704,109,1813,400,33,433,21,2,23,78,8,86,66,7,73,512,64,576,128,9,137,25,1,26,214,13,227,22,2,24,22,3,25,235,31,266,46,4,50,116,13,129,51,3,54,234,12,246,288,15,303,295,25,320,48,15,63,56,3,59,574,51,625,66,3,69,32,5,37,78,12,90,221,19,240,391,32,423,636,69,705,262,30,292,27,1,28,173,11,184,177,26,203,14,,14,25,3,28,93,8,101,750,110,860,62,4,66,73,2,75,37,1,38,132,12,144,49218,4062,53280,0,0,0,49218,4062,53280,,,
2026-03,269,8,277,118,7,125,42,3,45,80,6,86,15,3,18,344,43,387,101,14,115,393,47,440,542,62,604,233,24,257,145,13,158,985,51,1036,65,6,71,77,12,89,65,4,69,115,10,125,574,38,612,209,6,215,144,19,163,30,2,32,181,18,199,92,7,99,643,51,694,394,66,460,67,9,76,1398,73,1471,16,,16,176,22,198,675,57,732,518,40,558,14,1,15,1151,87,1238,39,3,42,2176,143,2319,298,26,324,196,5,201,522,71,593,135,12,147,737,51,788,37,3,40,373,37,410,92,12,104,136,19,155,310,37,347,2724,157,2881,130,11,141,123,16,139,712,32,744,834,78,912,74,3,77,14,1,15,341,50,391,140,12,152,224,15,239,83,6,89,103,17,120,377,39,416,908,86,994,394,54,448,174,17,191,4786,253,5039,123,12,135,13,,13,555,32,587,338,48,386,211,21,232,123,15,138,2447,180,2627,133,20,153,780,80,860,49,3,52,169,17,186,101,9,110,165,12,177,51,4,55,692,75,767,976,84,1060,70,6,76,277,28,305,59,3,62,94,9,103,119,7,126,93,5,98,46,3,49,149,8,157,95,12,107,50,7,57,283,22,305,86,5,91,267,23,290,42,1,43,66,8,74,485,26,511,92,14,106,44,1,45,137,12,149,22,3,25,171,8,179,80,3,83,149,9,158,30,3,33,186,14,200,206,25,231,33,5,38,130,10,140,311,40,351,1304,73,1377,687,67,754,58,7,65,58,2,60,287,27,314,71,2,73,98,17,115,123,11,134,33,5,38,182,18,200,54,4,58,147,10,157,8,,8,52,8,60,38,2,40,1723,110,1833,401,32,433,20,2,22,79,8,87,64,8,72,509,60,569,138,10,148,25,1,26,216,14,230,24,2,26,22,2,24,232,29,261,45,3,48,112,13,125,53,3,56,231,11,242,278,13,291,286,25,311,52,15,67,57,3,60,597,52,649,67,3,70,35,5,40,82,13,95,224,19,243,384,29,413,641,69,710,266,34,300,28,1,29,173,11,184,174,26,200,15,,15,22,4,26,92,9,101,753,102,855,63,4,67,76,2,78,39,1,40,134,13,147,49493,4021,53514,0,0,0,49493,4021,53514,,,
2026-04,265,10,275,112,7,119,39,3,42,88,6,94,14,3,17,349,45,394,99,14,113,387,51,438,551,64,615,237,20,257,144,15,159,997,51,1048,64,6,70,79,12,91,67,3,70,111,9,120,577,39,616,209,5,214,141,17,158,29,2,31,180,17,197,90,7,97,647,46,693,392,64,456,65,9,74,1377,72,1449,17,,17,177,22,199,678,57,735,531,38,569,14,1,15,1154,86,1240,40,3,43,2186,143,2329,300,27,327,193,6,199,519,72,591,134,11,145,737,52,789,36,3,39,373,35,408,87,13,100,138,19,157,316,34,350,2730,158,2888,133,11,144,124,15,139,707,31,738,842,82,924,71,3,74,12,1,13,337,53,390,135,13,148,221,15,236,76,6,82,104,18,122,372,42,414,903,87,990,395,53,448,173,19,192,4804,253,5057,123,12,135,13,,13,551,32,583,338,46,384,211,22,233,125,16,141,2449,182,2631,138,17,155,783,83,866,51,3,54,171,18,189,101,9,110,166,13,179,59,4,63,677,72,749,979,89,1068,70,6,76,278,25,303,59,3,62,98,9,107,123,7,130,95,5,100,46,3,49,143,9,152,96,12,108,50,8,58,281,23,304,88,5,93,264,21,285,44,1,45,68,8,76,494,25,519,92,14,106,43,1,44,138,12,150,22,3,25,174,8,182,80,4,84,149,9,158,30,2,32,185,14,199,204,24,228,33,5,38,132,10,142,307,40,347,1319,73,1392,698,65,763,60,5,65,56,2,58,286,26,312,68,1,69,94,20,114,121,13,134,33,5,38,186,18,204,52,4,56,149,9,158,8,,8,53,9,62,38,2,40,1718,107,1825,391,33,424,17,2,19,75,10,85,66,7,73,517,58,575,135,11,146,26,1,27,220,12,232,25,2,27,24,2,26,233,27,260,45,3,48,111,11,122,52,3,55,233,11,244,275,13,288,290,25,315,54,14,68,59,4,63,593,51,644,65,3,68,36,4,40,78,12,90,224,18,242,384,30,414,648,65,713,265,31,296,29,1,30,174,12,186,173,25,198,14,,14,26,3,29,95,9,104,757,103,860,64,4,68,75,2,77,39,1,40,137,13,150,49563,4008,53571,0,0,0,49563,4008,53571,,,
2026-05,272,9,281,114,6,120,40,3,43,86,6,92,14,3,17,354,46,400,96,12,108,389,49,438,551,59,610,241,18,259,142,15,157,999,49,1048,64,6,70,75,12,87,66,3,69,113,11,124,569,36,605,206,5,211,143,18,161,31,2,33,181,17,198,89,7,96,650,45,695,384,65,449,67,9,76,1378,70,1448,15,,15,183,20,203,677,60,737,531,37,568,14,1,15,1154,88,1242,41,3,44,2174,142,2316,301,28,329,188,7,195,520,72,592,129,11,140,743,54,797,35,3,38,374,35,409,91,11,102,138,20,158,318,34,352,2736,161,2897,136,13,149,124,13,137,701,32,733,823,87,910,70,3,73,12,1,13,331,51,382,136,12,148,224,14,238,81,5,86,103,17,120,360,43,403,886,87,973,392,52,444,173,18,191,4780,255,5035,122,12,134,13,,13,553,31,584,341,43,384,208,22,230,120,16,136,2443,180,2623,136,17,153,784,81,865,51,4,55,176,19,195,102,6,108,163,16,179,59,4,63,688,71,759,974,91,1065,72,6,78,275,26,301,59,3,62,97,8,105,123,7,130,88,4,92,45,3,48,143,7,150,98,12,110,54,7,61,284,24,308,90,5,95,259,22,281,45,2,47,65,7,72,486,25,511,94,13,107,45,1,46,137,11,148,21,3,24,180,9,189,79,3,82,147,8,155,32,2,34,183,13,196,207,25,232,32,5,37,139,8,147,301,40,341,1332,73,1405,701,62,763,57,5,62,55,2,57,293,24,317,68,1,69,98,20,118,123,15,138,32,5,37,185,19,204,54,4,58,151,11,162,9,,9,51,10,61,35,2,37,1695,111,1806,390,37,427,17,2,19,78,10,88,62,8,70,503,60,563,141,12,153,27,,27,225,12,237,25,2,27,25,2,27,237,27,264,47,3,50,107,10,117,53,3,56,232,11,243,280,14,294,292,26,318,51,12,63,60,3,63,590,52,642,65,3,68,34,5,39,85,13,98,225,18,243,389,31,420,654,62,716,268,31,299,32,2,34,172,12,184,178,27,205,15,,15,27,3,30,101,8,109,737,107,844,60,5,65,81,2,83,37,1,38,132,13,145,49494,4006,53500,0,0,0,49494,4006,53500,,,
2026-06,263,9,272,107,5,112,36,3,39,85,6,91,15,3,18,355,45,400,101,12,113,393,48,441,552,57,609,235,20,255,137,16,153,984,50,1034,63,5,68,79,14,93,65,3,68,110,10,120,571,37,608,208,5,213,144,18,162,30,2,32,188,17,205,91,7,98,655,48,703,389,64,453,68,10,78,1382,71,1453,17,,17,174,19,193,679,62,741,535,36,571,14,1,15,1150,87,1237,41,4,45,2176,150,2326,312,30,342,191,6,197,511,70,581,133,11,144,742,49,791,35,3,38,382,34,416,89,10,99,133,20,153,319,33,352,2729,161,2890,133,12,145,123,13,136,709,31,740,807,80,887,68,3,71,12,1,13,341,49,390,129,12,141,219,16,235,81,5,86,100,17,117,369,42,411,884,88,972,387,49,436,177,17,194,4800,256,5056,120,12,132,13,,13,551,30,581,336,45,381,212,23,235,119,17,136,2468,185,2653,130,16,146,786,77,863,49,3,52,173,19,192,105,6,111,162,16,178,59,5,64,685,72,757,976,90,1066,69,6,75,280,28,308,58,5,63,96,8,104,125,6,131,89,4,93,48,3,51,144,9,153,94,12,106,52,7,59,289,25,314,96,5,101,249,21,270,46,2,48,68,7,75,487,25,512,93,13,106,43,,43,137,11,148,22,3,25,170,9,179,81,3,84,144,9,153,31,2,33,183,16,199,212,23,235,34,7,41,137,8,145,309,40,349,1340,79,1419,704,64,768,59,6,65,55,2,57,302,24,326,66,1,67,99,19,118,121,15,136,31,5,36,187,18,205,53,4,57,157,11,168,9,,9,50,10,60,38,2,40,1697,112,1809,389,33,422,17,2,19,78,10,88,64,8,72,512,59,571,143,11,154,27,,27,219,13,232,24,2,26,25,2,27,243,26,269,46,3,49,106,9,115,53,3,56,223,12,235,274,12,286,301,23,324,49,13,62,64,3,67,618,54,672,68,4,72,36,5,41,86,12,98,219,17,236,387,36,423,661,66,727,268,31,299,32,1,33,177,13,190,181,27,208,13,,13,25,2,27,99,9,108,734,107,841,59,5,64,79,2,81,38,1,39,132,13,145,49574,4016,53590,0,0,0,49574,4016,53590,,,
